job_id,isic_1digit,isic_2digit,isic_3digit,isic_4digit,isic_1digit_confidence,isic_2digit_confidence,isic_3digit_confidence,isic_4digit_confidence,isco_1digit,isco_2digit,isco_3digit,isco_4digit,isco_1digit_confidence,isco_2digit_confidence,isco_3digit_confidence,isco_4digit_confidence,classification_summary
25364,P - Education,85 - Education,853 - Higher education,8530 - Higher education,0.99,0.98,0.95,0.9,2 - Professionals,23 - Teaching professionals,231 - University and higher education teachers,2310 - University and higher education teachers,0.99,0.97,0.95,0.93,
25026,P - Education,85 - Education,853 - Higher education,8530 - Higher education,0.99,0.99,0.98,0.97,2 - Professionals,23 - Teaching professionals,231 - University and higher education teachers,2310 - University and higher education teachers,0.98,0.97,0.95,0.94,
25220,I - Accommodation and food service activities,56 - Food and beverage service activities,561 - Restaurants and mobile food service activities,5610 - Restaurants and mobile food service activities,0.99,0.98,0.96,0.94,1 - Managers,"14 - Hospitality, retail and other services managers",141 - Hotel and restaurant managers,1412 - Restaurant managers,0.99,0.97,0.96,0.95,
24987,P - Education,85 - Education,853 - Higher education,8530 - Higher education,0.99,0.98,0.95,0.95,2 - Professionals,23 - Teaching professionals,231 - University and higher education teachers,2310 - University and higher education teachers,0.99,0.98,0.97,0.96,
25258,G - Wholesale and retail trade; repair of motor vehicles and motorcycles,45 - Wholesale and retail trade and repair of motor vehicles and motorcycles,452 - Maintenance and repair of motor vehicles,4520 - Maintenance and repair of motor vehicles,0.98,0.96,0.94,0.92,7 - Craft and related trades workers,"72 - Metal, machinery and related trades workers",723 - Motor vehicle mechanics and repairers,7231 - Motor vehicle mechanics,0.98,0.95,0.93,0.88,
25180,F - Construction,41 - Construction of buildings,411 - Construction of buildings,4110 - Construction of buildings,0.95,0.9,0.9,0.85,4 - Clerical support workers,41 - General and keyboard clerks,411 - General office clerks,4110 - General office clerks,0.9,0.85,0.8,0.7,
25297,K - Financial and insurance activities,"64 - Financial service activities, except insurance and pension funding",64.1 - Monetary intermediation,6419 - Other monetary intermediation,0.98,0.96,0.92,0.88,1 - Managers,12 - Administrative and commercial managers,121 - Business services and administration managers,1211 - Finance managers,0.99,0.97,0.95,0.93,
25071,P - Education,85 - Education,852 - Secondary education,8520 - Secondary education,0.99,0.98,0.97,0.95,2 - Professionals,23 - Teaching professionals,232 - Secondary school teachers,2320 - Secondary school teachers,0.99,0.98,0.97,0.95,
24972,F - Construction,42 - Civil engineering,421 - Construction of roads and railways,4210 - Construction of roads and railways,0.95,0.95,0.75,0.65,2 - Professionals,21 - Science and engineering professionals,214 - Engineering professionals,2141 - Civil engineers,0.95,0.9,0.9,0.95,
24188,H - Transportation and storage,49 - Land transport and transport via pipelines,492 - Freight transport by road,4920 - Freight transport by road,0.98,0.97,0.9,0.85,8 - Plant and machine operators and assemblers,83 - Drivers and mobile plant operators,833 - Heavy truck and bus drivers,,0.95,0.95,0.9,0.2,
24798,G - Wholesale and retail trade; repair of motor vehicles and motorcycles,45 - Wholesale and retail trade and repair of motor vehicles and motorcycles,452 - Maintenance and repair of motor vehicles,4520 - Maintenance and repair of motor vehicles,0.95,0.97,0.98,0.98,7 - Craft and related trades workers,"72 - Metal, machinery and related trades workers",723 - Motor vehicle mechanics and repairers,7231 - Motor vehicle mechanics and repairers,0.95,0.9,0.92,0.88,
24937,P - Education,85 - Education,853 - Higher education,8530 - Higher education,0.98,0.96,0.95,0.95,3 - Technicians and associate professionals,31 - Science and engineering technicians,311 - Physical and engineering science technicians,3119 - Physical and engineering science technicians not elsewhere classified,0.95,0.9,0.85,0.7,
25361,F - Construction,42 - Civil engineering,429 - Construction of other civil engineering projects,4290 - Construction of other civil engineering projects,0.95,0.95,0.9,0.85,2 - Professionals,24 - Business and administration professionals,241 - Accountants and auditors (minor group),2411 - Accountants,0.95,0.9,0.9,0.85,
25228,P - Education,85 - Education,853 - Higher education,8530 - Higher education,0.98,0.95,0.93,0.92,2 - Professionals,23 - Teaching professionals,231 - University and higher education teachers,2310 - University and higher education teachers,0.96,0.92,0.88,0.85,
25098,F - Construction,42 - Civil engineering,429 - Construction of other civil engineering projects,4290 - Construction of other civil engineering projects n.e.c.,0.95,0.7,0.6,0.5,2 - Professionals,24 - Business and administration professionals,241 - Finance and accounting professionals,2411 - Accountants,0.95,0.9,0.9,0.9,
25307,I - Accommodation and food service activities,55 - Accommodation,551 - Short term accommodation activities,5510 - Hotels and similar accommodation,0.95,0.95,0.9,0.9,3 - Technicians and associate professionals,35 - Information and communications technicians,351 - Information and communications technicians,3512 - Computer network and systems technicians,0.85,0.9,0.9,0.8,
25061,G - Wholesale and retail trade; repair of motor vehicles and motorcycles,"46 - Wholesale trade, except of motor vehicles and motorcycles",467 - Other wholesale,"4671 - Wholesale of solid, liquid and gaseous fuels and related products",0.9,0.9,0.9,0.95,8 - Plant and machine operators and assemblers,83 - Drivers and mobile-plant operators,833 - Heavy truck and lorry drivers (minor group),8332 - Heavy truck and lorry drivers (unit group),0.99,0.95,0.9,0.85,
25234,J - Information and communication,"62 - Computer programming, consultancy and related activities","620 - Computer programming, consultancy and related activities",6209 - Other information technology and computer service activities,0.9,0.9,0.85,0.75,1 - Managers,12 - Administrative and commercial managers,122 - Sales and marketing managers,1221 - Sales and marketing managers,0.99,0.9,0.95,0.95,
24835,K - Financial and insurance activities,"64 - Financial service activities, except insurance and pension funding",64.1 - Monetary intermediation,64.19 - Other monetary intermediation (commercial banking and similar),0.95,0.95,0.9,0.9,2 - Professionals,"26 - Legal, social and cultural professionals",261 - Legal professionals,2611 - Lawyers,0.98,0.95,0.95,0.98,
25253,G - Wholesale and retail trade; repair of motor vehicles and motorcycles,"46 - Wholesale trade, except of motor vehicles and motorcycles","466 - Wholesale of solid, liquid and gaseous fuels and related products (group)","4663 - Wholesale of solid, liquid and gaseous fuels and related products (class)",0.95,0.92,0.9,0.92,8 - Plant and machine operators and assemblers,83 - Drivers and mobile plant operators,833 - Heavy truck and bus drivers (minor group),8332 - Heavy truck and lorry drivers (unit group),0.95,0.94,0.9,0.88,
25002,"A - Agriculture, forestry and fishing","01 - Crop and animal production, hunting and related service activities",014 - Animal production,0146 - Raising of poultry,0.98,0.95,0.95,0.9,4 - Clerical support workers,43 - Numerical and material recording clerks,432 - Material-recording and transport clerks,4321 - Stock clerks and assistants,0.95,0.9,0.88,0.85,
25256,F - Construction,42 - Civil engineering,429 - Construction of other civil engineering projects,4290 - Construction of other civil engineering projects,0.95,0.85,0.75,0.7,2 - Professionals,24 - Business and administration professionals,241 - Accounting professionals (including auditors),2411 - Accountants,0.98,0.97,0.95,0.93,
24989,P - Education,85 - Education,853 - Higher education,8530 - Higher education,0.99,0.98,0.97,0.95,2 - Professionals,23 - Teaching professionals,231 - University and higher education teachers,2310 - University and higher education teachers,0.99,0.97,0.95,0.93,
24732,B - Mining and quarrying,07 - Mining of metal ores,072 - Mining of non-ferrous metal ores,0729 - Mining of other non-ferrous metal ores,0.99,0.99,0.98,0.95,2 - Professionals,21 - Science and engineering professionals,214 - Engineering professionals,"2146 - Mining engineers, metallurgists and related professionals",0.98,0.97,0.96,0.95,
25332,B - Mining and quarrying,06 - Extraction of crude petroleum and natural gas,06.1 - Extraction of crude petroleum and natural gas,06.10 - Extraction of crude petroleum and natural gas,0.98,0.96,0.95,0.95,2 - Professionals,23 - Teaching professionals,235 - Other teaching professionals,2352 - Vocational education teachers,0.85,0.8,0.75,0.7,
25016,G - Wholesale and retail trade; repair of motor vehicles and motorcycles,45 - Wholesale and retail trade and repair of motor vehicles and motorcycles,451 - Sale of motor vehicles,4510 - Sale of motor vehicles,0.98,0.96,0.95,0.93,5 - Service and sales workers,52 - Sales workers,522 - Shop salespersons and demonstrators (retail salespersons),,0.98,0.95,0.85,0.2,
24796,H - Transportation and storage,52 - Warehousing and support activities for transportation,522 - Support activities for transportation,5220 - Support activities for transportation,0.95,0.88,0.85,0.82,1 - Managers,12 - Business services and administration managers,121 - Business services and administration managers,1212 - Administrative services managers,0.9,0.85,0.8,0.7,
25388,I - Accommodation and food service activities,55 - Accommodation,551 - Accommodation,5510 - Hotels and similar accommodation,0.95,0.95,0.9,0.9,1 - Managers,"14 - Hospitality, retail and other services managers",142 - Retail and wholesale trade managers,1421 - Retail managers (shop/department managers),0.95,0.9,0.85,0.8,
25356,B - Mining and quarrying,07 - Mining of metal ores,,,0.95,0.9,0.2,0.1,2 - Professionals,24 - Business and administration professionals,241 - Business and administration professionals,2411 - Accountants,0.95,0.93,0.9,0.95,
24991,P - Education,85 - Education,853 - Higher education,8530 - Higher education,0.99,0.99,0.98,0.98,2 - Professionals,23 - Teaching professionals,231 - University and higher education teachers,2310 - University and higher education teachers,0.99,0.98,0.97,0.96,
24525,H - Transportation and storage,51 - Air transport,511 - Passenger air transport,5110 - Passenger air transport,0.97,0.96,0.92,0.9,4 - Clerical support workers,42 - Customer service clerks / Client information workers,422 - Client information clerks,4222 - Travel consultants and clerks,0.9,0.8,0.72,0.6,
24974,F - Construction,43 - Specialized construction activities,433 - Building completion and finishing,4330 - Building completion and finishing,0.95,0.9,0.85,0.75,7 - Craft and related trades workers,71 - Building and related trades workers,712 - Carpenters and joiners,7121 - Carpenters and joiners,0.97,0.92,0.95,0.93,
24138,B - Mining and quarrying,07 - Mining of metal ores,072 - Mining of non-ferrous metal ores (including gold),,0.99,0.95,0.85,0.3,3 - Technicians and associate professionals,31 - Physical and engineering science technicians,311 - Physical and engineering science technicians (including mining technicians),,0.9,0.85,0.75,0.35,
23398,H - Transportation and storage,51 - Air transport,511 - Passenger air transport,5110 - Passenger air transport,0.95,0.95,0.9,0.85,3 - Technicians and associate professionals,35 - Information and communications technicians,351 - Information and communications technicians,3511 - Information and communications technology operations and user support technicians,0.9,0.9,0.9,0.85,
25393,H - Transportation and storage,52 - Warehousing and support activities for transportation,521 - Warehousing and storage,5210 - Warehousing and storage,0.98,0.95,0.93,0.9,4 - Clerical support workers,43 - Numerical and material recording clerks (material-recording clerks),432 - Material-recording clerks,4321 - Stock clerks and order fillers,0.85,0.9,0.92,0.92,
24186,H - Transportation and storage,49 - Land transport and transport via pipelines,492 - Freight transport by road,4920 - Freight transport by road,0.95,0.95,0.9,0.85,8 - Plant and machine operators and assemblers,83 - Drivers and mobile plant operators,833 - Heavy truck and lorry drivers,8332 - Heavy truck and lorry drivers,0.95,0.92,0.9,0.88,
25309,P - Education,85 - Education,853 - Higher education,8530 - Higher education,0.95,0.95,0.9,0.9,2 - Professionals,23 - Teaching professionals,231 - University and higher education teachers,2310 - University and higher education teachers,0.98,0.98,0.97,0.95,
24582,B - Mining and quarrying,07 - Mining of metal ores,072 - Mining of non-ferrous metal ores,0729 - Mining of other non‑ferrous metal ores (including gold),0.98,0.97,0.92,0.88,8 - Plant and machine operators and assemblers,81 - Stationary plant and machine operators,811 - Stationary plant and machine operators (mining and mineral processing),8112 - Mineral and metal‑processing plant operators (processing plant operator),0.95,0.9,0.86,0.75,
25121,G - Wholesale and retail trade; repair of motor vehicles and motorcycles,45 - Wholesale and retail trade and repair of motor vehicles and motorcycles,452 - Maintenance and repair of motor vehicles,4520 - Maintenance and repair of motor vehicles,0.98,0.98,0.98,0.97,7 - Craft and related trades workers,"72 - Metal, machinery and related trades workers",723 - Motor vehicle mechanics and repairers,7231 - Motor vehicle mechanics and repairers (including auto electricians),0.95,0.9,0.9,0.85,
25222,P - Education,85 - Education,854 - Higher education,8540 - Higher education,0.99,0.99,0.9,0.8,2 - Professionals,23 - Teaching professionals,231 - University and higher education teachers,2310 - University and higher education teachers,0.99,0.98,0.95,0.9,
25261,I - Accommodation and food service activities,55 - Accommodation,551 - Accommodation,5510 - Short term accommodation activities,0.95,0.95,0.95,0.95,2 - Professionals,24 - Business and administration professionals,241 - Business and administration professionals,2411 - Accountants,0.9,0.9,0.9,0.88,
24976,J - Information and communication,"62 - Computer programming, consultancy and related activities","620 - Computer programming, consultancy and related activities",6202 - Computer consultancy activities,0.95,0.9,0.85,0.75,1 - Managers,13 - Information and communications technology service managers,133 - Information and communications technology managers,1330 - Information and communications technology managers,0.99,0.9,0.88,0.85,
24156,B - Mining and quarrying,07 - Mining of metal ores,072 - Mining of non-ferrous metal ores,,0.98,0.95,0.9,0.2,3 - Technicians and associate professionals,31 - Physical and engineering science technicians,311 - Physical and engineering science technicians,3113 - Electrical engineering technicians,0.9,0.88,0.85,0.85,
25174,P - Education,85 - Education,853 - Higher education (tertiary education),8530 - Higher education,0.99,0.99,0.95,0.95,2 - Professionals,23 - Teaching professionals,231 - University and higher education teachers,2310 - University and higher education teachers,0.99,0.98,0.95,0.92,
25376,P - Education,85 - Education,853 - Higher education,8530 - Higher education,0.95,0.95,0.9,0.9,2 - Professionals,23 - Teaching professionals,232 - University and higher education teachers,2320 - University and higher education teachers,0.95,0.95,0.9,0.9,
25073,H - Transportation and storage,49 - Land transport and transport via pipelines,494 - Freight transport by road,49410 - Freight transport by road,0.95,0.95,0.9,0.85,8 - Plant and machine operators and assemblers,83 - Drivers and mobile-plant operators,833 - Drivers and mobile plant operators (heavy vehicle drivers),8332 - Heavy truck and lorry drivers,0.95,0.95,0.9,0.9,
24255,H - Transportation and storage,51 - Air transport,511 - Passenger air transport,5110 - Passenger air transport,0.95,0.95,0.9,0.85,8 - Plant and machine operators and assemblers,83 - Drivers and mobile plant operators,"832 - Car, van and motorcycle drivers","8321 - Car, taxi and van drivers",0.95,0.95,0.9,0.85,
25343,H - Transportation and storage,53 - Postal and courier activities,532 - Courier activities,5320 - Courier activities,0.98,0.96,0.92,0.9,8 - Plant and machine operators and assemblers,83 - Drivers and mobile-plant operators,"832 - Car, van and motorcycle drivers","8321 - Car, taxi and van drivers",0.95,0.92,0.88,0.85,
25031,"A - Agriculture, forestry and fishing","01 - Crop and animal production, hunting and related service activities",014 - Animal production,0141 - Raising of poultry,0.95,0.93,0.92,0.9,4 - Clerical support workers,43 - Numerical and material recording clerks,432 - Material-recording clerks,4321 - Stock clerks and records assistants,0.95,0.9,0.88,0.85,
25255,B - Mining and quarrying,07 - Mining of metal ores,071 - Mining of metal ores (group),,0.98,0.96,0.9,0.3,7 - Craft and related trades workers,74 - Electrical and electronic trades workers,741 - Electrical and electronic equipment mechanics and fitters,7411 - Electricians and electrical fitters,0.95,0.88,0.75,0.85,
25076,C - Manufacturing,10 - Manufacture of food products,,,0.92,0.88,0.25,0.2,3 - Technicians and associate professionals,35 - Information and communications technicians,351 - Information and communications technicians,,0.95,0.93,0.9,0.4,
25305,F - Construction,43 - Specialized construction activities,433 - Building completion and finishing,4330 - Building completion and finishing,0.99,0.96,0.96,0.95,7 - Craft and related trades workers,71 - Building and related trades workers (except electricians),715 - Building finishers and related trades workers,7152 - Floor layers and wall tilers,0.99,0.97,0.96,0.9,
25304,F - Construction,43 - Specialised construction activities,433 - Building completion and finishing,4330 - Building completion and finishing,0.99,0.97,0.95,0.95,7 - Craft and related trades workers,71 - Building and related trades workers,711 - Building frame and related trades workers,,0.99,0.95,0.85,0.25,
25165,B - Mining and quarrying,07 - Mining of metal ores,072 - Mining of non-ferrous metal ores,0729 - Mining of other non-ferrous metal ores,0.99,0.98,0.97,0.96,8 - Plant and machine operators and assemblers,81 - Stationary plant and machine operators,811 - Mining and mineral processing plant operators,8113 - Drillers and borers (including diamond drillers),0.95,0.9,0.85,0.8,
25401,C - Manufacturing,10 - Manufacture of food products,"106 - Manufacture of grain mill products, starches and starch products",1061 - Manufacture of grain mill products,0.98,0.96,0.75,0.6,2 - Professionals,21 - Science and engineering professionals,214 - Engineering professionals,2143 - Electrical engineers,0.99,0.97,0.95,0.92,
25392,K,64,64.1,64.19,0.95,0.95,0.93,0.9,1,12,121,1212,0.98,0.9,0.88,0.85,
24882,B - Mining and quarrying,07 - Mining of metal ores,072 - Mining of non-ferrous metal ores,0729 - Other mining of non-ferrous metal ores (includes gold mining),0.98,0.96,0.88,0.8,7 - Craft and related trades workers,"72 - Metal, machinery and related trades workers",723 - Motor vehicle mechanics and repairers,7231 - Motor vehicle mechanics and repairers,0.98,0.94,0.92,0.9,
25064,G - Wholesale and retail trade; repair of motor vehicles and motorcycles,"46 - Wholesale trade, except of motor vehicles and motorcycles","466 - Wholesale of machinery, equipment and supplies",,0.85,0.8,0.65,0.2,1 - Managers,12 - Administrative and commercial managers,"122 - Sales, marketing and development managers",1221 - Sales and marketing managers,0.95,0.95,0.93,0.9,
25275,P - Education,85 - Education,854 - Higher education,8540 - Higher education,0.99,0.99,0.95,0.95,1 - Managers,12 - Administrative and commercial managers,121 - Business services and administration managers,1219 - Business services and administration managers (not elsewhere classified),0.9,0.75,0.7,0.6,
25226,P - Education,85 - Education,853 - Higher education,8530 - Higher education,0.99,0.97,0.95,0.93,2 - Professionals,23 - Teaching professionals,231 - University and higher education teachers,2310 - University and higher education teachers,0.98,0.96,0.94,0.92,
25041,O - Public administration and defence; compulsory social security,84 - Public administration and defence; compulsory social security,841 - Administration of the State and the economic and social policy of the community,8411 - Executive and legislative bodies,0.99,0.99,0.92,0.86,1 - Managers,"11 - Chief executives, senior officials and legislators",111 - Legislators and senior officials,1110 - Senior government officials / Agency heads,0.98,0.9,0.75,0.65,
25259,K - Financial and insurance activities,"64 - Financial service activities, except insurance and pension funding",641 - Monetary intermediation,6419 - Other monetary intermediation,0.98,0.95,0.92,0.88,1 - Managers,12 - Administrative and commercial managers,121 - Business services and administration managers,1211 - Finance managers,0.99,0.95,0.9,0.9,
25113,C - Manufacturing,10 - Manufacture of food products,"106 - Manufacture of grain mill products, starches and starch products",1061 - Manufacture of grain mill products,0.98,0.95,0.92,0.9,3 - Technicians and associate professionals,31 - Science and engineering associate professionals,311 - Physical and engineering science technicians,3112 - Chemical and physical science technicians,0.95,0.9,0.85,0.75,
25207,F - Construction,43 - Specialised construction activities,439 - Other specialised construction activities n.e.c.,4390 - Other specialised construction activities n.e.c.,0.9,0.8,0.7,0.7,4 - Clerical support workers,43 - Numerical and material recording clerks,431 - Numerical clerks,4312 - Payroll clerks,0.98,0.95,0.9,0.85,
25163,B - Mining and quarrying,07 - Mining of metal ores,072 - Mining of non‑ferrous metal ores,0729 - Mining of other non‑ferrous metal ores,0.98,0.95,0.9,0.85,1 - Managers,12 - Administrative and commercial managers,121 - Business services and administration managers,1219 - Business services and administration managers not elsewhere classified,0.95,0.85,0.8,0.7,
24866,B - Mining and quarrying,07 - Mining of metal ores,072 - Mining of non-ferrous metal ores,0729 - Mining of other non-ferrous metal ores,0.95,0.9,0.9,0.9,3 - Technicians and associate professionals,31 - Science and engineering technicians,315 - Safety and quality inspectors,3151 - Safety and quality inspectors,0.95,0.9,0.9,0.85,
25363,Q - Human health and social work activities,86 - Human health activities,861 - Hospital activities,8610 - Hospital activities,0.98,0.97,0.95,0.9,2 - Professionals,22 - Health professionals,222 - Nursing and midwifery professionals,,0.95,0.93,0.85,0.25,
25000,K - Financial and insurance activities,"64 - Financial service activities, except insurance and pension funding",64.1 - Monetary intermediation,64.19 - Other monetary intermediation,0.99,0.95,0.75,0.6,1 - Managers,"11 - Chief executives, senior officials and legislators",112 - Managing directors and chief executives,1120 - Managing directors and chief executives,0.99,0.9,0.88,0.85,
25070,H - Transportation and storage,49 - Land transport and transport via pipelines,494 - Freight transport by road,4941 - Freight transport by road (including tanker/fuel transport),0.95,0.95,0.9,0.8,8 - Plant and machine operators and assemblers,83 - Drivers and mobile-plant operators,833 - Heavy truck and bus drivers,8332 - Heavy truck and bus drivers (including tanker drivers),0.98,0.95,0.9,0.85,
25330,"M - Professional, scientific and technical activities",70 - Activities of head offices; management consultancy activities,702 - Management consultancy activities,7020 - Management consultancy activities,0.9,0.85,0.8,0.75,1 - Managers,12 - Administrative and commercial managers,121 - Business services and administration managers,1212 - Human resource managers,0.98,0.9,0.88,0.8,
25355,B - Mining and quarrying,07 - Mining of metal ores,072 - Mining of non-ferrous metal ores,0729 - Mining of other non‑ferrous metal ores,0.99,0.96,0.9,0.85,2 - Professionals,21 - Science and engineering professionals,214 - Engineering professionals,"2146 - Mining engineers, metallurgical and related professionals",0.98,0.95,0.9,0.88,
25012,L - Real estate activities,68 - Real estate activities,683 - Real estate activities on a fee or contract basis,6832 - Management of real estate on a fee or contract basis,0.85,0.82,0.75,0.7,7 - Craft and related trades workers,74 - Electrical and electronic trades workers,741 - Electrical and electronic installers and repairers,7411 - Electricians,0.98,0.97,0.96,0.95,
25370,K - Financial and insurance activities,"64 - Financial service activities, except insurance and pension funding",641 - Monetary intermediation,6419 - Other monetary intermediation (commercial banking activities),0.98,0.97,0.9,0.85,4 - Clerical support workers,42 - Customer services clerks,422 - Client information clerks,4221 - Client information clerks (contact-centre/customer service officers),0.95,0.9,0.85,0.7,
25182,"M - Professional, scientific and technical activities",71 - Architectural and engineering activities; technical testing and analysis,71.1 - Architectural and engineering activities and related technical consultancy,71.11 - Architectural activities,0.95,0.92,0.9,0.9,3 - Technicians and associate professionals,31 - Science and engineering technicians,311 - Architectural and engineering technicians,3111 - Architectural technicians / Architectural drafters,0.95,0.9,0.6,0.55,
25291,B - Mining and quarrying,07 - Mining of metal ores,072 - Mining of non‑ferrous metal ores,0729 - Mining of other non‑ferrous metal ores,0.99,0.98,0.95,0.9,2 - Professionals,21 - Science and engineering professionals,"214 - Architects, town and traffic planners and surveyors",2144 - Surveyors,0.95,0.95,0.9,0.9,
25053,O - Public administration and defence; compulsory social security,84 - Public administration and defence; compulsory social security,,,0.95,0.95,0.2,0.1,1 - Managers,"11 - Chief executives, senior officials and legislators",,,0.95,0.9,0.25,0.1,
25250,S - Other service activities,94 - Activities of membership organisations,94.9 - Activities of other membership organisations,94.99 - Activities of other membership organisations n.e.c.,0.9,0.88,0.85,0.8,5 - Service and sales workers,54 - Protective services workers,541 - Protective services workers,5412 - Security guards,0.95,0.93,0.9,0.8,
24949,G - Wholesale and retail trade; repair of motor vehicles and motorcycles,"46 - Wholesale trade, except of motor vehicles and motorcycles","467 - Wholesale of solid, liquid and gaseous fuels and related products (group)","4671 - Wholesale of solid, liquid and gaseous fuels and related products (class)",0.95,0.95,0.9,0.9,7 - Craft and related trades workers,"72 - Metal, machinery and related trades workers",723 - Motor mechanics and repairers (minor group),7231 - Motor vehicle mechanics and repairers (unit group),0.98,0.92,0.88,0.8,
25019,S - Other service activities,94 - Activities of membership organisations,949 - Activities of other membership organisations,9499 - Activities of other membership organisations n.e.c.,0.95,0.92,0.85,0.8,1 - Managers,12 - Administrative and commercial managers,121 - Business services and administration managers,1211 - Finance managers,0.99,0.98,0.97,0.95,
25317,C - Manufacturing,23 - Manufacture of other non-metallic mineral products,239 - Manufacture of other non-metallic mineral products n.e.c.,,0.95,0.6,0.4,0.2,1 - Managers,12 - Administrative and commercial managers,121 - Business services and administration managers,1212 - Human resource managers,1.0,0.95,0.9,0.9,
25057,O - Public administration and defence; compulsory social security,84 - Public administration and defence; compulsory social security,,,0.98,0.98,0.3,0.2,1 - Managers,12 - Business and administration managers,121 - Business services and administration managers,,0.99,0.95,0.9,0.3,
25106,B - Mining and quarrying,07 - Mining of metal ores,072 - Mining of non‑ferrous metal ores,0729 - Mining of other non‑ferrous metal ores,0.99,0.98,0.9,0.85,2 - Professionals,21 - Science and engineering professionals,214 - Engineering professionals,,0.99,0.96,0.95,0.3,
25211,S - Other service activities,80 - Security and investigation activities,801 - Private security activities,8010 - Private security activities,0.95,0.97,0.95,0.92,5 - Service and sales workers,54 - Protective services workers,541 - Protective services workers,5413 - Security guards and related workers,0.9,0.92,0.9,0.75,
24602,B - Mining and quarrying,07 - Mining of metal ores,072 - Mining of non-ferrous metal ores,0720 - Mining of non-ferrous metal ores (including gold),0.99,0.96,0.9,0.75,2 - Professionals,21 - Science and engineering professionals,211 - Physical and earth science professionals (natural and earth scientists),2112 - Geologists and geophysicists,0.99,0.95,0.9,0.85,
24990,P - Education,85 - Education,853 - Higher education,8530 - Higher education,0.99,0.99,0.98,0.96,2 - Professionals,23 - Teaching professionals,231 - University and higher education teachers,2310 - University and higher education teachers,0.99,0.98,0.97,0.95,
25260,C - Manufacturing,10 - Manufacture of food products,108 - Manufacture of other food products,1085 - Manufacture of other food products n.e.c.,0.9,0.85,0.7,0.6,1 - Managers,12 - Administrative and commercial managers,"122 - Sales, marketing and development managers",1221 - Sales and marketing managers,0.98,0.95,0.92,0.9,
25116,F - Construction,43 - Specialized construction activities,"432 - Electrical, plumbing and other construction installation activities",4329 - Other construction installation,0.95,0.85,0.6,0.5,1 - Managers,13 - Production and specialised services managers,"133 - Manufacturing, mining and construction managers",,0.95,0.85,0.7,0.2,
24534,"M - Professional, scientific and technical activities",71 - Architectural and engineering activities; technical testing and analysis,711 - Architectural activities,7110 - Architectural activities,0.97,0.97,0.96,0.96,2 - Professionals,21 - Science and engineering professionals,"214 - Architects, town and traffic planners and surveyors",2141 - Architects,0.98,0.96,0.9,0.9,
25353,B - Mining and quarrying,07 - Mining of metal ores,072 - Mining of non-ferrous metal ores,0729 - Mining of other non-ferrous metal ores,0.99,0.98,0.95,0.9,3 - Technicians and associate professionals,31 - Physical and engineering science technicians,313 - Physical and engineering science technicians (surveying & mapping subgroup),3132 - Surveying and mapping technicians,0.98,0.95,0.9,0.95,
25111,B - Mining and quarrying,07 - Mining of metal ores,072 - Mining of non-ferrous metal ores,0729 - Mining of other non-ferrous metal ores (e.g. gold),0.98,0.98,0.97,0.95,2 - Professionals,21 - Science and engineering professionals,214 - Engineering professionals,2145 - (Engineering professionals related to mining/petroleum/metallurgy) — Mine Engineer,0.95,0.95,0.95,0.85,
25196,L - Real estate activities,68 - Real estate activities,68.3 - Real estate activities on a fee or contract basis,68.31 - Real estate agencies,0.95,0.92,0.88,0.8,3 - Technicians and associate professionals,33 - Business and administration associate professionals,333 - Business services and administration associate professionals,3332 - Real estate agents and property managers,0.8,0.78,0.76,0.72,
25040,C - Manufacturing,33 - Repair and installation of machinery and equipment,"331 - Repair of fabricated metal products, machinery and equipment",3312 - Repair of machinery,0.95,0.95,0.9,0.85,7 - Craft and related trades workers,"72 - Metal, machinery and related trades workers",723 - Machinery mechanics and repairers,7232 - Heavy vehicle and mobile plant mechanics and repairers,0.95,0.9,0.9,0.8,
25049,K - Financial and insurance activities,"65 - Insurance, reinsurance and pension funding",653 - Pension funding,6530 - Pension funding,0.95,0.9,0.85,0.8,4 - Clerical support workers,43 - Numerical and material recording clerks,431 - Financial and mathematical clerks (numerical recording),4311 - Accounting and bookkeeping clerks,0.95,0.9,0.88,0.85,
24994,Q - Human health and social work activities,88 - Social work activities without accommodation,88.9 - Other social work activities without accommodation,88.99 - Other social work activities without accommodation n.e.c.,0.9,0.85,0.8,0.75,2 - Professionals,22 - Health professionals,226 - Other health professionals,2263 - Dieticians and nutritionists,0.95,0.9,0.85,0.8,
25354,B - Mining and quarrying,07 - Mining of metal ores,071 - Mining of metal ores,0710 - Mining of metal ores,0.95,0.95,0.9,0.9,2 - Professionals,24 - Business and administration professionals,242 - Administration professionals,2422 - Human resource professionals,0.9,0.9,0.85,0.6,
24646,B - Mining and quarrying,07 - Mining of metal ores,072 - Mining of non-ferrous metal ores,0720 - Mining of non-ferrous metal ores (e.g. gold),0.95,0.95,0.9,0.85,7 - Craft and related trades workers,"72 - Metal, machinery and related trades workers","723 - Metal, machinery and related trades workers (including vehicle and heavy equipment mechanics)",7232 - Motor vehicle mechanics and repairers (includes heavy equipment fitters/mechanics),0.9,0.9,0.85,0.8,
24840,C - Manufacturing,,,,0.9,0.2,0.1,0.05,3 - Technicians and associate professionals,31 - Science and engineering technicians,315 - Safety and quality inspectors,3152 - Occupational health and safety inspectors/technicians,0.85,0.7,0.6,0.55,
25004,H - Transportation and storage,52 - Warehousing and support activities for transportation,522 - Support activities for transportation,5224 - Cargo handling,0.95,0.92,0.9,0.88,8 - Plant and machine operators and assemblers,83 - Drivers and mobile-plant operators,834 - Mobile-plant operators,8344 - Fork-lift drivers (including reach-stacker operators),0.95,0.9,0.8,0.65,
25114,G - Wholesale and retail trade; repair of motor vehicles and motorcycles,"46 - Wholesale trade, except of motor vehicles and motorcycles",467 - Wholesale of other goods,"4671 - Wholesale of solid, liquid and gaseous fuels and related products",0.95,0.92,0.86,0.9,1 - Managers,"14 - Hospitality, retail and other services managers",142 - Retail and wholesale trade managers,1421 - Retail and wholesale trade managers,0.98,0.86,0.9,0.9,
25231,B - Mining and quarrying,07 - Mining of metal ores,072 - Mining of non-ferrous metal ores,0729 - Mining of other non-ferrous metal ores,0.99,0.99,0.95,0.9,1 - Managers,12 - Administrative and commercial managers,121 - Business services and administration managers,1212 - Human resource managers,0.99,0.9,0.9,0.85,
24858,B - Mining and quarrying,07 - Mining of metal ores,072 - Mining of non‑ferrous metal ores,0729 - Mining of other non‑ferrous metal ores,0.98,0.98,0.95,0.92,2 - Professionals,24 - Business and Administration Professionals,241 - Accountants,2411 - Accountants,0.9,0.9,0.88,0.85,
25136,P - Education,85 - Education,853 - Higher education,8530 - Higher education,0.99,0.97,0.85,0.8,2 - Professionals,"26 - Legal, social and cultural professionals","262 - Librarians, archivists and curators",2621 - Librarians and related information professionals,0.99,0.85,0.8,0.75,
25081,L - Real estate activities,68 - Real estate activities,683 - Real estate activities on a fee or contract basis,6832 - Management of real estate on a fee or contract basis,0.95,0.95,0.9,0.85,1 - Managers,12 - Administrative and commercial managers,,,0.95,0.75,0.2,0.1,
25378,K - Financial and insurance activities,"64 - Financial service activities, except insurance and pension funding",64.1 - Monetary intermediation,64.19 - Other monetary intermediation,0.99,0.98,0.95,0.9,1 - Managers,12 - Administrative and commercial managers,"122 - Sales, marketing and development managers",1221 - Sales and marketing managers,0.97,0.94,0.92,0.88,
25090,G - Wholesale and retail trade; repair of motor vehicles and motorcycles,45 - Wholesale and retail trade and repair of motor vehicles and motorcycles,452 - Maintenance and repair of motor vehicles,4520 - Maintenance and repair of motor vehicles,0.9,0.9,0.9,0.85,7 - Craft and related trades workers,"72 - Metal, machinery and related trades workers",723 - Motor vehicle mechanics and repairers,7231 - Motor vehicle mechanics and repairers,0.95,0.9,0.95,0.9,
21709,H - Transportation and storage,49 - Land transport and transport via pipelines,493 - Freight transport by road,4930 - Freight transport by road,0.95,0.92,0.88,0.85,7 - Craft and related trades workers,"72 - Metal, machinery and related trades workers",722 - Motor vehicle mechanics and repair workers,7221 - Motor vehicle mechanics and repair workers,0.95,0.9,0.9,0.85,
25302,G - Wholesale and retail trade; repair of motor vehicles and motorcycles,45 - Wholesale and retail trade and repair of motor vehicles and motorcycles,452 - Maintenance and repair of motor vehicles,4520 - Maintenance and repair of motor vehicles,0.85,0.9,0.95,0.95,7 - Craft and related trades workers,"72 - Metal, machinery and related trades workers",723 - Motor vehicle and motorcycle mechanics and repairers,7231 - Motor vehicle mechanics and repairers,0.95,0.9,0.95,0.9,
25079,G - Wholesale and retail trade; repair of motor vehicles and motorcycles,45 - Wholesale and retail trade and repair of motor vehicles and motorcycles,451 - Sale of motor vehicles,4510 - Sale of motor vehicles,0.7,0.7,0.6,0.5,4 - Clerical support workers,41 - General and keyboard clerks,411 - General office clerks,4110 - General office clerks,0.95,0.95,0.95,0.95,
24951,Q - Human health and social work activities,88 - Social work activities without accommodation,88.9 - Other social work activities without accommodation,88.99 - Other social work activities without accommodation n.e.c.,0.95,0.9,0.9,0.85,1 - Managers,12 - Administrative and commercial managers,121 - Business services and administration managers,1219 - Business services and administration managers not elsewhere classified,0.95,0.8,0.6,0.3,
25162,B - Mining and quarrying,07 - Mining of metal ores,072 - Mining of non-ferrous metal ores,0729 - Mining of other non-ferrous metal ores,0.99,0.98,0.95,0.9,7 - Craft and related trades workers,74 - Electrical and electronic trades workers,741 - Electrical trades workers,7411 - Electricians and electrical fitters,0.98,0.95,0.9,0.88,
25374,F - Construction,42 - Civil engineering,"429 - Construction of other civil engineering projects, n.e.c.","4290 - Construction of other civil engineering projects, n.e.c.",0.95,0.9,0.85,0.85,8 - Plant and machine operators and assemblers,81 - Stationary plant and machine operators,811 - Stationary plant operators (broad),,0.95,0.85,0.6,0.2,
25287,B - Mining and quarrying,07 - Mining of metal ores,072 - Mining of non-ferrous metal ores,0729 - Mining of other non‑ferrous metal ores (including gold),0.99,0.98,0.95,0.9,2 - Professionals,21 - Science and engineering professionals,211 - Physical and earth science professionals,2113 - Geologists and geophysicists,0.99,0.95,0.9,0.85,
24799,F - Construction,41 - Construction of buildings,41.2 - Construction of residential and non-residential buildings,41.20 - Construction of residential and non-residential buildings,0.9,0.85,0.75,0.7,4 - Clerical support workers,41 - General and keyboard clerks,412 - Personal assistants and secretaries,4120 - Personal assistants / Administrative clerks,0.9,0.85,0.8,0.75,
24535,F - Construction,43 - Specialized construction activities,"432 - Electrical, plumbing and other construction installation",4321 - Electrical installation,0.9,0.9,0.85,0.8,7 - Craft and related trades workers,74 - Electrical and electronic trades workers,741 - Electrical and electronic trades workers,7411 - Electricians and electrical fitters,0.95,0.9,0.88,0.85,
24184,H - Transportation and storage,49 - Land transport and transport via pipelines,493 - Freight transport by road,4930 - Freight transport by road,0.98,0.97,0.95,0.92,8 - Plant and machine operators and assemblers,83 - Drivers and mobile plant operators,833 - Truck and lorry drivers,,0.98,0.96,0.9,0.3,
24731,B - Mining and quarrying,07 - Mining of metal ores,072 - Mining of non-ferrous metal ores,,0.99,0.98,0.95,0.6,2 - Professionals,21 - Science and engineering professionals,214 - Engineering professionals,,0.99,0.95,0.92,0.6,
25252,B - Mining and quarrying,07 - Mining of metal ores,072 - Mining of non-ferrous metal ores,0729 - Mining of other non-ferrous metal ores,0.99,0.95,0.9,0.7,8 - Plant and machine operators and assemblers,81 - Stationary plant and machine operators,811 - Mining and mineral processing plant operators,,0.98,0.85,0.7,0.2,
24946,K - Financial and insurance activities,"64 - Financial service activities, except insurance and pension funding",641 - Monetary intermediation,6419 - Other monetary intermediation,0.95,0.9,0.85,0.8,2 - Professionals,24 - Business and administration professionals,241 - Business professionals,2419 - Business and administration professionals not elsewhere classified,0.85,0.8,0.6,0.5,
25405,G - Wholesale and retail trade; repair of motor vehicles and motorcycles,"47 - Retail trade, except of motor vehicles and motorcycles",,,0.85,0.7,0.3,0.2,2 - Professionals,24 - Business and administration professionals,"243 - Sales, marketing and public relations professionals",2431 - Advertising and marketing professionals,0.95,0.9,0.9,0.7,
25120,B - Mining and quarrying,07 - Mining of metal ores,072 - Mining of non-ferrous metal ores,0729 - Mining of other non-ferrous metal ores,0.99,0.98,0.95,0.9,2 - Professionals,21 - Science and engineering professionals,214 - Engineering professionals,"2145 - Mining engineers, metallurgists and related professionals",0.98,0.97,0.95,0.9,
25303,F - Construction,43 - Specialised construction activities,"432 - Electrical, plumbing and other construction installation activities","4322 - Plumbing, heat and air-conditioning installation",0.98,0.95,0.95,0.95,7 - Craft and related trades workers,71 - Building and related trades workers,712 - Building finishers and related trades workers,7122 - Plumbers and pipefitters,0.98,0.95,0.9,0.95,
25192,I - Accommodation and food service activities,56 - Food and beverage service activities,563 - Beverage serving activities,5630 - Beverage serving activities,0.95,0.95,0.95,0.9,5 - Service and sales workers,51 - Personal service workers,513 - Waiters and bartenders,5132 - Bartenders,0.9,0.8,0.8,0.6,
25301,F - Construction,43 - Specialised construction activities,"432 - Electrical, plumbing and other construction installation activities",4321 - Electrical installation,0.98,0.96,0.95,0.95,7 - Craft and related trades workers,74 - Electrical and electronic trades workers,741 - Electrical and electronic trades workers (minor group),7411 - Electricians (unit group),0.98,0.96,0.94,0.94,
25273,J - Information and communication,"62 - Computer programming, consultancy and related activities","620 - Computer programming, consultancy and related activities",6203 - Computer facilities management activities,0.9,0.85,0.8,0.6,3 - Technicians and associate professionals,35 - Information and communications technicians,351 - Information and communications technicians (ICT operations and user support),3512 - ICT user support technicians,0.95,0.95,0.9,0.85,
25225,C - Manufacturing,23 - Manufacture of other non-metallic mineral products,239 - Manufacture of other non-metallic mineral products (n.e.c.),,0.95,0.6,0.55,0.2,2 - Professionals,24 - Business and administration professionals,242 - Administration professionals,2423 - Human resource professionals,0.95,0.9,0.8,0.7,
25100,S - Other service activities,94 - Activities of membership organisations,949 - Activities of other membership organisations,9491 - Activities of religious organisations,0.98,0.92,0.9,0.95,2 - Professionals,"26 - Legal, social and cultural professionals",263 - Social and religious professionals,2635 - Clergy and religious professionals,0.8,0.85,0.9,0.75,
25377,P - Education,85 - Education,854 - Higher education,8540 - Higher education,0.99,0.99,0.92,0.85,2 - Professionals,23 - Teaching professionals,232 - Vocational education teachers,2320 - Vocational education teachers,0.98,0.96,0.9,0.88,
24870,B - Mining and quarrying,09 - Mining support service activities,099 - Support activities for other mining and quarrying,0990 - Support activities for other mining and quarrying,0.92,0.9,0.85,0.8,7 - Craft and related trades workers,"72 - Metal, machinery and related trades workers",723 - Machinery mechanics and fitters,7231 - Machinery mechanics and fitters / Mechanical fitters (supervisory role),0.9,0.85,0.75,0.6,
25087,B - Mining and quarrying,07 - Mining of metal ores,072 - Mining of non-ferrous metal ores,0729 - Mining of other non-ferrous metal ores,0.99,0.95,0.9,0.85,7 - Craft and related trades workers,"72 - Metal, machinery and related trades workers",723 - Machinery mechanics and repairers,7232 - Heavy vehicle and mobile equipment mechanics and repairers,0.98,0.95,0.92,0.9,
24933,P - Education,85 - Education,853 - Secondary education,8530 - Secondary education,0.95,0.95,0.85,0.7,1 - Managers,12 - Administrative and commercial managers,122 - Administrative services managers,,0.95,0.75,0.6,0.2,
24947,B - Mining and quarrying,07 - Mining of metal ores,072 - Mining of non-ferrous metal ores,,0.95,0.9,0.6,0.1,2 - Professionals,21 - Science and engineering professionals,214 - Engineering professionals,2142 - Civil engineers,0.9,0.9,0.85,0.75,
24185,H - Transportation and storage,49 - Land transport and transport via pipelines,492 - Freight transport by road,4920 - Freight transport by road,0.95,0.93,0.88,0.82,8 - Plant and machine operators and assemblers,83 - Drivers and mobile-plant operators,833 - Heavy truck and bus drivers,8332 - Heavy truck and lorry drivers,0.96,0.92,0.89,0.8,
25187,Q - Human health and social work activities,86 - Human health activities,869 - Other human health activities,8690 - Other human health activities,0.88,0.86,0.78,0.74,1 - Managers,12 - Administrative and commercial managers,121 - Business services and administration managers,1212 - Administration managers,0.95,0.88,0.82,0.76,
25243,O - Public administration and defence; compulsory social security,84 - Public administration and defence; compulsory social security,841 - Administration of the state and the economic and social policy of the community,,0.95,0.95,0.85,0.2,1 - Managers,"11 - Chief executives, senior officials and legislators",111 - Chief executives and senior officials,1110 - Chief executives and senior officials,0.98,0.95,0.95,0.9,
25179,S - Other service activities,94 - Activities of membership organisations,949 - Activities of other membership organisations,9491 - Activities of religious organisations,0.95,0.9,0.85,0.9,1 - Managers,12 - Administrative and commercial managers,121 - Business services and administration managers,1212 - Human resource managers,0.99,0.9,0.85,0.9,
25155,"R - Arts, entertainment and recreation","91 - Libraries, archives, museums and other cultural activities","910 - Libraries, archives, museums and other cultural activities",9101 - Library and archive activities,0.9,0.95,0.95,0.92,2 - Professionals,"26 - Legal, social and cultural professionals","262 - Archivists, librarians and related information professionals",2622 - Librarians and related information professionals,0.95,0.85,0.9,0.9,
25339,I - Accommodation and food service activities,55 - Accommodation,551 - Short term accommodation activities,5510 - Short term accommodation activities,0.95,0.95,0.9,0.85,1 - Managers,"14 - Hospitality, retail and other services managers",141 - Hotel and restaurant managers,1411 - Hotel managers,0.98,0.9,0.75,0.35,
24169,B - Mining and quarrying,07 - Mining of metal ores,072 - Mining of non‑ferrous metal ores,,0.99,0.98,0.9,0.2,8 - Plant and machine operators and assemblers,83 - Drivers and mobile plant operators,833 - Mining and mineral‑processing plant operators (mobile drilling/boring equipment),,0.95,0.9,0.85,0.25,
25385,I - Accommodation and food service activities,55 - Accommodation,55.1 - Hotels and similar accommodation,55.10 - Hotels and similar accommodation,0.98,0.98,0.95,0.95,4 - Clerical support workers,42 - Customer and information clerks,422 - Client information workers,4221 - Receptionists,0.7,0.75,0.75,0.6,
25296,"A - Agriculture, forestry and fishing","01 - Crop and animal production, hunting and related service activities",015 - Mixed farming,0150 - Mixed farming,0.65,0.7,0.6,0.5,1 - Managers,"11 - Chief executives, senior officials and legislators",,,0.95,0.85,0.2,0.1,
25230,G - Wholesale and retail trade; repair of motor vehicles and motorcycles,"46 - Wholesale trade, except of motor vehicles and motorcycles",,,0.8,0.65,0.25,0.15,2 - Professionals,24 - Business and administration professionals,"243 - Advertising, marketing and public relations professionals",2432 - Market research analysts and marketing specialists,0.9,0.85,0.7,0.6,
25038,"M - Professional, scientific and technical activities",73 - Advertising and market research,732 - Market research and public opinion polling,7320 - Market research and public opinion polling,0.98,0.99,0.99,0.99,2 - Professionals,24 - Business and administration professionals,"243 - Advertising, marketing and public relations professionals",2433 - Market and survey researchers / Marketing professionals (closest match),0.9,0.75,0.6,0.55,
25229,G - Wholesale and retail trade; repair of motor vehicles and motorcycles,"47 - Retail trade, except of motor vehicles and motorcycles","477 - Retail trade of other goods in specialized stores (e.g., non-food specialty retail)",,0.95,0.9,0.7,0.25,4 - Clerical support workers,42 - Customer services clerks,422 - Client information and customer services clerks,,0.9,0.85,0.8,0.25,
25308,K - Financial and insurance activities,"64 - Financial service activities, except insurance and pension funding",641 - Monetary intermediation,6419 - Other monetary intermediation,0.98,0.97,0.9,0.85,2 - Professionals,24 - Business and administration professionals,242 - Administration professionals,2423 - Personnel and careers professionals,0.9,0.9,0.85,0.8,
25335,H - Transportation and storage,51 - Air transport,511 - Passenger air transport,5110 - Passenger air transport (scheduled),0.95,0.95,0.9,0.85,4 - Clerical support workers,43 - Numerical and material recording clerks,431 - Accounting and bookkeeping clerks,4311 - Accounting and bookkeeping clerks,0.95,0.9,0.9,0.88,
24939,P - Education,85 - Education,853 - Higher education,8530 - Higher education,0.95,0.95,0.92,0.92,3 - Technicians and associate professionals,31 - Science and engineering associate professionals,311 - Physical and engineering science technicians,3112 - Chemical and physical science technicians,0.95,0.9,0.85,0.7,
24941,C - Manufacturing,21 - Manufacture of basic pharmaceutical products and pharmaceutical preparations,21.1 - Manufacture of basic pharmaceutical products and pharmaceutical preparations (group),21.10 - Manufacture of basic pharmaceutical products and pharmaceutical preparations (class),0.9,0.9,0.8,0.8,4 - Clerical support workers,43 - Numerical and material recording clerks,431 - Numerical and material recording clerks (minor group),4311 - Accounting clerks (unit group),0.95,0.85,0.75,0.6,
25135,"R - Arts, entertainment and recreation","91 - Libraries, archives, museums and other cultural activities","910 - Libraries, archives, museums and other cultural activities (group)",9102 - Library and archive activities,0.9,0.98,0.92,0.95,2 - Professionals,"26 - Legal, social and cultural professionals","262 - Archivists, librarians and related information professionals",2621 - Archivists and librarians,0.95,0.92,0.95,0.98,
24929,B - Mining and quarrying,07 - Mining of metal ores,072 - Mining of non-ferrous metal ores,0729 - Mining of other non-ferrous metal ores,0.98,0.97,0.92,0.9,1 - Managers,12 - Administrative and commercial managers,121 - Business services and administration managers,1219 - Business services and administration managers not elsewhere classified,0.92,0.9,0.86,0.62,
20735,H - Transportation and storage,51 - Air transport,511 - Passenger air transport,5110 - Passenger air transport,0.95,0.95,0.85,0.75,7 - Craft and related trades workers,"73 - Metal, machinery and related trades workers",731 - Motor mechanics and repairers (including aircraft maintenance & repair specialists),7313 - Aircraft engine and airframe mechanics and repairers (approx.),0.9,0.75,0.6,0.5,
25191,N - Administrative and support service activities,80 - Security and investigation activities,801 - Private security activities,8010 - Private security activities,0.95,0.92,0.9,0.88,1 - Managers,12 - Administrative and commercial managers,"122 - Sales, marketing and development managers",1221 - Sales and marketing managers,0.95,0.9,0.87,0.82,
25270,H - Transportation and storage,52 - Warehousing and support activities for transportation,522 - Support activities for transportation,5220 - Service activities incidental to transportation,0.95,0.95,0.9,0.8,2 - Professionals,24 - Business and administration professionals,241 - Accountants,2411 - Accountants,0.99,0.99,0.99,0.99,
25045,S - Other service activities,94 - Activities of membership organisations,949 - Other membership organisations n.e.c.,9499 - Activities of other membership organisations n.e.c.,0.9,0.85,0.75,0.7,2 - Professionals,24 - Business and administration professionals,242 - Administration and service managers / Administrative professionals,2421 - Human resource professionals,0.9,0.85,0.75,0.75,
20799,H - Transportation and storage,51 - Air transport,511 - Passenger air transport,5110 - Passenger air transport (class),0.95,0.98,0.95,0.9,3 - Technicians and associate professionals,31 - Physical and engineering science technicians,311 - Physical and engineering science technicians,3119 - Physical and engineering science technicians not elsewhere classified,0.85,0.75,0.65,0.4,
25246,B - Mining and quarrying,07 - Mining of metal ores,072 - Mining of non-ferrous metal ores,"0722 - Mining of precious metal ores (e.g., gold)",0.99,0.95,0.85,0.6,1 - Managers,13 - Production and specialised services managers,"132 - Manufacturing, mining and construction managers",,0.9,0.7,0.6,0.3,
25075,G - Wholesale and retail trade; repair of motor vehicles and motorcycles,"47 - Retail trade, except of motor vehicles and motorcycles",477 - Retail sale of other goods in specialised stores,,0.98,0.95,0.7,0.3,2 - Professionals,24 - Business and administration professionals,,,0.75,0.6,0.2,0.1,
24935,K - Financial and insurance activities,"64 - Financial service activities, except insurance and pension funding",64.1 - Monetary intermediation,64.19 - Other monetary intermediation (commercial/development banking),0.98,0.95,0.88,0.85,2 - Professionals,25 - Information and communications technology professionals,252 - Database and network professionals,2522 - Systems administrators,0.9,0.9,0.88,0.85,
24797,I - Accommodation and food service activities,56 - Food and beverage service activities,561 - Restaurants and mobile food service activities,5610 - Restaurants and mobile food service activities,0.98,0.97,0.96,0.94,5 - Service and sales workers,51 - Personal service workers,513 - Waiters and bartenders (food & beverage service occupations),,0.98,0.85,0.75,0.35,
24942,H - Transportation and storage,52 - Warehousing and support activities for transportation,522 - Support activities for transportation,5220 - Support activities for transportation,0.95,0.85,0.8,0.78,2 - Professionals,25 - Information and communications technology professionals,"251 - Software developers, analysts and testers",2511 - Systems analysts,0.9,0.85,0.7,0.65,
25078,F - Construction,43 - Specialized construction activities,"432 - Electrical, plumbing and other construction installation","4322 - Plumbing, heat and air-conditioning installation",0.95,0.95,0.95,0.98,7 - Craft and related trades workers,71 - Building and related trades workers,712 - Plumbers and pipefitters,7122 - Plumbers and pipefitters,0.95,0.88,0.75,0.65,
24496,B - Mining and quarrying,07 - Mining of metal ores,072 - Mining of non-ferrous metal ores,0729 - Mining of other non‑ferrous metal ores,0.98,0.98,0.9,0.7,1 - Managers,13 - Production and specialised services managers,,,0.95,0.75,0.35,0.2,
24794,L - Real estate activities,68 - Real estate activities,68.2 - Renting and operating of own or leased real estate,6820 - Renting and operating of own or leased real estate,0.75,0.65,0.5,0.4,2 - Professionals,24 - Business and administration professionals,242 - Administration professionals (business and administration),2423 - Human resource professionals (personnel and careers professionals),0.9,0.85,0.75,0.65,
25208,C - Manufacturing,"25 - Manufacture of fabricated metal products, except machinery and equipment","251 - Manufacture of structural metal products, tanks, reservoirs and steam generators",2511 - Manufacture of structural metal products,0.7,0.65,0.6,0.55,4 - Clerical support workers,43 - Numerical and material recording clerks,431 - Numerical and material recording clerks,,0.95,0.9,0.85,0.25,
25029,B - Mining and quarrying,09 - Support activities for other mining and quarrying,099 - Support activities for other mining and quarrying (group),0990 - Support activities for other mining and quarrying (class),0.8,0.85,0.7,0.6,3 - Technicians and associate professionals,31 - Science and engineering associate professionals,315 - Safety and quality inspectors and regulatory government associate professionals,3152 - Occupational health and safety technicians / associate professionals (unit group),0.9,0.7,0.65,0.5,
25257,J - Information and communication,"62 - Computer programming, consultancy and related activities","620 - Computer programming, consultancy and related activities",62.03 - Computer facilities management activities,0.98,0.95,0.9,0.8,2 - Professionals,25 - Information and communications technology professionals,252 - Database and network professionals,2522 - Systems administrators,0.95,0.9,0.85,0.65,
24475,B - Mining and quarrying,07 - Mining of metal ores,072 - Mining of non-ferrous metal ores,0721 - Mining of gold,0.98,0.95,0.85,0.9,1 - Managers,13 - Production and specialised services managers,"132 - Mining, manufacturing and construction managers",1322 - Mining production managers,0.9,0.7,0.6,0.5,
25172,I - Accommodation and food service activities,55 - Accommodation,551 - Hotels and similar accommodation,5510 - Hotels,0.88,0.78,0.72,0.65,1 - Managers,"14 - Hospitality, retail and other services managers",142 - Retail and wholesale trade managers,1420 - Retail and wholesale trade managers,0.7,0.65,0.55,0.5,
24938,P - Education,85 - Education,853 - Higher education,8530 - Higher education,0.95,0.95,0.93,0.93,3 - Technicians and associate professionals,31 - Science and engineering associate professionals,311 - Physical and engineering science technicians,3113 - Chemical and physical science technicians,0.95,0.9,0.85,0.6,
25394,"M - Professional, scientific and technical activities",73 - Advertising and market research,731 - Advertising,7310 - Advertising,0.8,0.9,0.85,0.8,5 - Service and sales workers,52 - Sales workers,522 - Shop sales assistants (sales demonstrators/promoters closely related),,0.95,0.9,0.7,0.3,
25168,N - Administrative and support service activities,78 - Employment activities,781 - Activities of employment placement agencies,7810 - Activities of employment placement agencies,0.9,0.88,0.82,0.82,7 - Craft and related trades workers,,,,0.95,0.3,0.2,0.1,
25025,P - Education,85 - Education,853 - Higher education,8530 - Higher education,0.99,0.99,0.95,0.9,1 - Managers,12 - Administrative and commercial managers,"122 - Sales, marketing and public relations managers",1222 - Advertising and public relations managers,0.99,0.98,0.95,0.9,
24481,B - Mining and quarrying,07 - Mining of metal ores,072 - Mining of non-ferrous metal ores,0729 - Mining of other non-ferrous metal ores,0.99,0.98,0.95,0.9,8 - Plant and machine operators and assemblers,81 - Stationary plant and machine operators,811 - Mining and mineral processing plant operators,8111,0.9,0.75,0.6,0.5,
25046,H - Transportation and storage,52 - Warehousing and support activities for transportation,522 - Support activities for transportation,5224 - Cargo handling (support activities for water transport / container operations),0.95,0.9,0.85,0.6,1 - Managers,13 - Production and specialised services managers,"132 - Manufacturing, mining, construction and distribution managers",1322 - Supply and distribution managers,0.8,0.7,0.65,0.55,
24474,B - Mining and quarrying,07 - Mining of metal ores,072 - Mining of non-ferrous metal ores,0729 - Mining of other non-ferrous metal ores,0.99,0.98,0.85,0.8,1 - Managers,12 - Business and administration managers,122 - Administrative services managers,1221 - Administrative services managers,0.95,0.8,0.6,0.5,
25215,G - Wholesale and retail trade; repair of motor vehicles and motorcycles,"47 - Retail trade, except of motor vehicles and motorcycles",,,0.85,0.8,0.2,0.1,5 - Service and sales workers,52 - Sales workers,522 - Shop sales assistants and workers,,0.95,0.9,0.7,0.3,
25371,K - Financial and insurance activities,"64 - Financial service activities, except insurance and pension funding",64.1 - Monetary intermediation,64.19 - Other monetary intermediation,0.98,0.97,0.95,0.93,1 - Managers,12 - Administrative and commercial managers,121 - Business services and administration managers,1211 - Finance managers,0.98,0.92,0.9,0.85,
24917,"M - Professional, scientific and technical activities",73 - Advertising and market research,731 - Advertising,7310 - Advertising,0.9,0.95,0.85,0.8,5 - Service and sales workers,52 - Sales workers,522 - Shop sales assistants and stallholders (shop sales staff),5223 - Demonstrators and product promoters (merchandisers),0.95,0.9,0.8,0.7,
25206,H - Transportation and storage,49 - Land transport and transport via pipelines,494 - Freight transport by road,4941 - Freight transport by road (road delivery of goods),0.95,0.92,0.85,0.7,1 - Managers,13 - Production and specialised services managers,"132 - Manufacturing, mining, construction and distribution managers (incl. transport/logistics managers)",1322 - Logistics managers / Transport operations managers (supervision of transport/fleet operations),0.98,0.9,0.75,0.7,
24967,P - Education,85 - Education,853 - Higher education,8530 - Higher education,1.0,0.99,0.98,0.97,1 - Managers,13 - Production and specialised services managers,134 - Other production and specialised services managers,"1345 - Education managers (e.g., school principals and administrators)",1.0,0.85,0.7,0.6,
25044,O - Public administration and defence; compulsory social security,84 - Public administration and defence; compulsory social security,841 - Public administration,8411 - General public administration activities,0.98,0.96,0.88,0.72,1 - Managers,"11 - Chief executives, senior officials and legislators",111 - Legislators and senior officials,1110 - Legislators and senior officials (senior public sector executive),0.99,0.92,0.76,0.6,
25063,C - Manufacturing,10 - Manufacture of food products,"106 - Manufacture of grain mill products, starches and starch products",1061 - Manufacture of grain mill products,0.9,0.88,0.8,0.75,5 - Service and sales workers,52 - Sales workers,522 - Salespersons and shop sales assistants (sales workers),5223 - Sales representatives (wholesale and retail) / Commercial sales representatives,0.95,0.92,0.88,0.7,
25369,K - Financial and insurance activities,"64 - Financial service activities, except insurance and pension funding",641 - Monetary intermediation,6419 - Other monetary intermediation,0.95,0.9,0.85,0.75,1 - Managers,12 - Administrative and commercial managers,121 - Business services and administration managers,1211 - Finance managers,0.98,0.92,0.88,0.9,
24978,L - Real estate activities,68 - Real estate activities,683 - Real estate activities on a fee or contract basis (property management and related activities),6832 - Management of real estate on a fee or contract basis,0.8,0.75,0.65,0.6,4 - Clerical support workers,42 - Customer and information clerks,422 - Receptionists and information clerks,4221 - Receptionists,0.95,0.9,0.88,0.85,
24478,B - Mining and quarrying,07 - Mining of metal ores,072 - Mining of non‑ferrous metal ores,0720 - Mining of non‑ferrous metal ores,0.99,0.98,0.95,0.95,1 - Managers,13 - Production and specialised services managers,"132 - Manufacturing, mining and construction supervisors",,0.95,0.8,0.75,0.3,
25351,"M - Professional, scientific and technical activities",73 - Advertising and market research,731 - Advertising,7310 - Advertising,0.9,0.85,0.8,0.75,5 - Service and sales workers,52 - Sales workers,522 - Shop sales assistants,5223 - Shop sales assistants / Merchandisers,0.95,0.95,0.9,0.7,
24700,F - Construction,41 - Construction of buildings,412 - Construction of residential and non-residential buildings,4120 - Construction of residential and non-residential buildings,0.95,0.9,0.85,0.75,3 - Technicians and associate professionals,31 - Science and engineering associate professionals,312 - Building and civil engineering technicians,3122 - Building and civil engineering technicians,0.75,0.7,0.8,0.6,
25358,B - Mining and quarrying,07 - Mining of metal ores,072 - Mining of non-ferrous metal ores,0729 - Mining of other non-ferrous metal ores (e.g. gold),0.99,0.98,0.95,0.9,1 - Managers,13 - Production and specialised services managers,"131 - Manufacturing, mining and construction managers",1312 - Mining managers,0.95,0.9,0.8,0.75,
25272,"M - Professional, scientific and technical activities","74 - Other professional, scientific and technical activities","749 - Other professional, scientific and technical activities n.e.c.","7490 - Other professional, scientific and technical activities n.e.c.",0.85,0.8,0.7,0.6,3 - Technicians and associate professionals,31 - Science and engineering technicians,315 - Safety and quality inspectors,3152 - Safety and quality inspectors,0.9,0.8,0.75,0.7,
24877,F - Construction,42 - Civil engineering,421 - Construction of roads and railways,4210 - Construction of roads and railways,0.95,0.92,0.85,0.8,8 - Plant and machine operators and assemblers,83 - Drivers and mobile plant operators,"833 - Drivers of heavy trucks and lorries (incl. tipper trucks, truck & dog trailers)",,0.98,0.95,0.75,0.35,
24944,K - Financial and insurance activities,"64 - Financial service activities, except insurance and pension funding",641 - Monetary intermediation,6419 - Other monetary intermediation,0.95,0.95,0.9,0.7,2 - Professionals,24 - Business and administration professionals,242 - Management and organisation analysts,2421 - Management and organisation analysts,0.9,0.85,0.8,0.7,
24737,B - Mining and quarrying,07 - Mining of metal ores,072 - Mining of non-ferrous metal ores,,0.99,0.98,0.95,0.15,2 - Professionals,21 - Science and engineering professionals,214 - Engineering professionals,"2141 - Mining engineers, metallurgical engineers and related professionals",0.95,0.9,0.9,0.95,
25227,P - Education,85 - Education,853 - Higher education,8530 - Higher education,0.98,0.98,0.95,0.95,1 - Managers,13 - Specialized services managers (education managers),134 - Education managers / School principals and administrators,1340 - School principals and administrators,0.97,0.88,0.85,0.8,
25077,"M - Professional, scientific and technical activities",69 - Legal and accounting activities,"692 - Accounting, bookkeeping and auditing activities; tax consultancy","6920 - Accounting, bookkeeping and auditing activities; tax consultancy",0.95,0.96,0.97,0.97,2 - Professionals,24 - Business and administration professionals,241 - Accounting professionals,2411 - Accountants,0.95,0.95,0.96,0.98,
25352,K - Financial and insurance activities,"64 - Financial service activities, except insurance and pension funding",64.1 - Monetary intermediation,64.19 - Other monetary intermediation,1.0,0.99,0.95,0.9,1 - Managers,12 - Administrative and commercial managers,121 - Business services and administration managers,1213 - Finance managers,1.0,0.9,0.75,0.6,
25344,H - Transportation and storage,53 - Postal and courier activities,532 - Courier activities,5320 - Courier activities,0.95,0.9,0.9,0.85,1 - Managers,,,,0.95,0.3,0.2,0.2,
25267,N - Administrative and support service activities,78 - Employment activities,78.1 - Activities of employment placement agencies,78.10 - Activities of employment placement agencies,0.85,0.8,0.75,0.7,2 - Professionals,24 - Business and administration professionals,242 - Administration professionals,,0.95,0.9,0.7,0.3,
25357,H - Transportation and storage,52 - Warehousing and support activities for transportation,522 - Support activities for transportation,5220 - Support activities for transportation,0.95,0.92,0.88,0.75,4 - Clerical support workers,42 - Customer services clerks,422 - Client information and customer services clerks,4221 - Client information workers,0.9,0.85,0.8,0.7,
25349,C - Manufacturing,10 - Manufacture of food products,108 - Manufacture of other food products,,0.98,0.98,0.6,0.2,3 - Technicians and associate professionals,33 - Business and administration associate professionals,,,0.75,0.65,0.2,0.1,
25233,C - Manufacturing,,,,0.65,0.25,0.15,0.1,4 - Clerical support workers,43 - Numerical and material recording clerks,431 - Numerical clerks,,0.98,0.95,0.9,0.3,
24537,F - Construction,43 - Specialized construction activities,433 - Building completion and finishing,4330 - Building completion and finishing,0.99,0.95,0.9,0.75,7 - Craft and related trades workers,71 - Building and related trades workers,711 - Building frame and related trades workers,7113 - Carpenters and joiners,0.98,0.95,0.88,0.8,
25154,P - Education,85 - Education,853 - Higher education,8530 - Higher education,0.95,0.95,0.9,0.85,2 - Professionals,"26 - Legal, social and cultural professionals","263 - Archivists, librarians and curators",2631 - Librarians and related information professionals,0.9,0.8,0.78,0.72,
25290,B - Mining and quarrying,07 - Mining of metal ores,,,0.99,0.98,0.2,0.1,2 - Professionals,24 - Business and administration professionals,"243 - Advertising, marketing and public relations professionals",,0.9,0.8,0.75,0.2,
25183,S - Other service activities,94 - Activities of membership organisations,949 - Activities of other membership organisations,9499 - Activities of other membership organisations n.e.c.,0.85,0.8,0.7,0.6,1 - Managers,12 - Administrative and commercial managers,121 - Business services and administration managers,,0.95,0.75,0.6,0.2,
24859,I - Accommodation and food service activities,55 - Accommodation,551 - Hotels and similar accommodation,5510 - Hotels and similar accommodation,0.85,0.8,0.75,0.7,5 - Service and sales workers,52 - Sales workers,522 - Salespersons and demonstrators,,0.95,0.9,0.75,0.2,
24601,J - Information and communication,"62 - Computer programming, consultancy and related activities","620 - Computer programming, consultancy and related activities",6209 - Other information technology service activities,0.9,0.8,0.65,0.6,1 - Managers,12 - Administrative and commercial managers,121 - Business services and administration managers,1219 - Business services and administration managers not elsewhere classified,0.95,0.8,0.6,0.5,
25072,H - Transportation and storage,49 - Land transport and transport via pipelines,494 - Freight transport by road,4941 - Freight transport by road,0.98,0.96,0.95,0.9,8 - Plant and machine operators and assemblers,83 - Drivers and mobile plant operators,833 - Truck and bus drivers (drivers of heavy goods vehicles),8332 - Heavy truck and lorry drivers,0.95,0.92,0.85,0.8,
25193,S - Other service activities,94 - Activities of membership organisations,94.9 - Activities of other membership organisations,94.99 - Activities of other membership organisations n.e.c.,0.9,0.9,0.85,0.8,4 - Clerical support workers,43 - Numerical and material recording clerks,431 - Numerical and material recording clerks,4312 - Material-recording and transport clerks,0.9,0.85,0.75,0.6,
24825,B - Mining and quarrying,06 - Extraction of crude petroleum and natural gas,061 - Extraction of crude petroleum and natural gas,0610 - Extraction of crude petroleum and natural gas,0.95,0.97,0.95,0.95,3 - Technicians and associate professionals,31 - Physical and engineering science technicians,311 - Physical and engineering science technicians,3114 - Electrical and electronics engineering technicians,0.95,0.9,0.88,0.86,
25065,G - Wholesale and retail trade; repair of motor vehicles and motorcycles,"46 - Wholesale trade, except of motor vehicles and motorcycles",465 - Wholesale of information and communication equipment,4652 - Wholesale of electronic and telecommunications equipment and parts,0.95,0.85,0.75,0.6,4 - Clerical support workers,43 - Numerical and material recording clerks,431 - Numerical and material recording clerks (material/stock related),4311 - Stock clerks and storekeepers,0.95,0.85,0.8,0.75,
24919,B - Mining and quarrying,07 - Mining of metal ores,072 - Mining of non‑ferrous metal ores,0729 - Mining of other non‑ferrous metal ores,0.95,0.95,0.9,0.85,2 - Professionals,24 - Business and administration professionals,242 - Administration professionals,"2423 - Personnel, careers and vocational counsellors (personnel / human resources professionals)",0.9,0.9,0.85,0.8,
25050,B - Mining and quarrying,07 - Mining of metal ores,072 - Mining of non‑ferrous metal ores,,0.98,0.95,0.8,0.3,4 - Clerical support workers,41 - Office clerks,411 - General office clerks,4110 - General office clerks,0.9,0.85,0.75,0.65,
25093,B - Mining and quarrying,06 - Extraction of crude petroleum and natural gas,06.1 - Extraction of crude petroleum and natural gas,06.10 - Extraction of crude petroleum and natural gas,0.8,0.75,0.65,0.6,1 - Managers,12 - Administrative and commercial managers,,,0.95,0.8,0.3,0.2,
25239,B - Mining and quarrying,07 - Mining of metal ores,072 - Mining of non-ferrous metal ores,0721 - Mining of gold and silver,0.99,0.97,0.9,0.88,2 - Professionals,24 - Business and administration professionals,"241 - Accounting, bookkeeping and auditing professionals",2411 - Accountants,0.9,0.85,0.8,0.75,
25129,P - Education,85 - Education,853 - Higher education,8530 - Higher education,0.98,0.98,0.95,0.95,2 - Professionals,24 - Business and administration professionals,"243 - Sales, marketing and public relations professionals",2434 - Public relations professionals,0.8,0.75,0.65,0.6,
25321,B - Mining and quarrying,07 - Mining of metal ores,072 - Mining of other non-ferrous metal ores,0729 - Other mining and quarrying of non-ferrous metal ores n.e.c.,0.95,0.95,0.9,0.7,2 - Professionals,22 - Health professionals,226 - Other health professionals,2263 - Environmental and occupational health and hygiene professionals,0.85,0.8,0.75,0.6,
25212,G - Wholesale and retail trade; repair of motor vehicles and motorcycles,"46 - Wholesale trade, except of motor vehicles and motorcycles","46.5 - Wholesale of machinery, equipment and supplies",46.52 - Wholesale of electronic and telecommunications equipment and parts,0.95,0.8,0.65,0.6,3 - Technicians and associate professionals,33 - Business and administration associate professionals,332 - Sales and marketing associate professionals,3322 - Commercial sales representatives,0.9,0.85,0.9,0.95,
25058,O - Public administration and defence; compulsory social security,84 - Public administration and defence; compulsory social security,841 - Administration of the State and the economic and social policy of the community,8413 - General public administration activities,0.98,0.97,0.9,0.8,1 - Managers,"11 - Chief executives, senior officials and legislators",112 - Senior government officials,1120 - Senior government officials,0.95,0.9,0.85,0.75,
25396,B - Mining and quarrying,07 - Mining of metal ores,072 - Mining of non-ferrous metal ores,,0.99,0.95,0.9,0.2,8 - Plant and machine operators and assemblers,83 - Drivers and mobile-plant operators,833 - Mobile plant operators,"8332 - Crane, hoist and related plant operators",0.99,0.9,0.85,0.75,
24801,H - Transportation and storage,52 - Warehousing and support activities for transportation,522 - Support activities for transportation,5229 - Other transportation support activities,0.95,0.92,0.85,0.72,1 - Managers,13 - Production and specialised services managers,"132 - Manufacturing, mining, construction and distribution managers",1324 - Distribution managers,0.95,0.86,0.78,0.72,
24826,B - Mining and quarrying,07 - Mining of metal ores,072 - Mining of non‑ferrous metal ores,0729 - Mining of other non‑ferrous metal ores,0.98,0.97,0.95,0.6,2 - Professionals,21 - Science and engineering professionals,214 - Engineering professionals,2145 - Electrical engineers,0.98,0.96,0.93,0.95,
24960,H - Transportation and storage,51 - Air transport,511 - Passenger air transport,5110 - Passenger air transport (scheduled),0.99,0.98,0.95,0.9,3 - Technicians and associate professionals,33 - Business and administration associate professionals,333 - Business services agents,3331 - Customs and freight agents,0.85,0.75,0.65,0.4,
25278,H - Transportation and storage,52 - Warehousing and support activities for transportation,522 - Support activities for transportation,,0.95,0.9,0.7,0.3,3 - Technicians and associate professionals,31 - Science and engineering technicians,313 - Safety and quality inspectors (occupational health & safety),"3139 - Safety and quality inspectors, not elsewhere classified (HSSE-related supervisory roles)",0.7,0.55,0.45,0.35,
24966,K - Financial and insurance activities,"64 - Financial service activities, except insurance and pension funding",64.1 - Monetary intermediation,"64.19 - Other monetary intermediation (including commercial banks, savings banks, credit unions, building societies and finance companies)",0.95,0.95,0.9,0.9,1 - Managers,"11 - Chief executives, senior officials and legislators",111 - Chief executives,"1110 - Chief executives / company directors (board-level directors, including non-executive directors)",0.95,0.9,0.85,0.75,
24187,G - Wholesale and retail trade; repair of motor vehicles and motorcycles,45 - Wholesale and retail trade and repair of motor vehicles and motorcycles,452 - Maintenance and repair of motor vehicles,4520 - Maintenance and repair of motor vehicles,0.95,0.95,0.95,0.9,7 - Craft and related trades workers,"72 - Metal, machinery and related trades workers",723 - Machinery mechanics and fitters,7231 - Motor vehicle mechanics and repairers,0.95,0.9,0.85,0.75,
25119,B - Mining and quarrying,07 - Mining of metal ores,072 - Mining of non-ferrous metal ores,,0.98,0.95,0.9,0.5,8 - Plant and machine operators and assemblers,83 - Drivers and mobile plant operators,832 - Mobile plant operators,,0.8,0.6,0.5,0.3,
25027,P - Education,85 - Education,853 - Higher education,8530 - Higher education,0.99,0.98,0.98,0.95,3 - Technicians and associate professionals,31 - Science and engineering associate professionals,311 - Physical and engineering science technicians,,0.95,0.9,0.85,0.4,
25056,O - Public administration and defence; compulsory social security,84 - Public administration and defence; compulsory social security,841 - Administration of the State and the economic and social policy of the community,8411 - Executive and legislative organs; general public administration activities,0.99,0.98,0.9,0.8,1 - Managers,12 - Administrative and commercial managers,121 - Business services and administration managers,1211 - Finance managers,0.99,0.95,0.92,0.75,
25132,"R - Arts, entertainment and recreation","91 - Libraries, archives, museums and other cultural activities",910 - Libraries and archives,9102 - Library and archive activities,0.95,0.95,0.9,0.85,2 - Professionals,"26 - Legal, social and cultural professionals","262 - Librarians, archivists and curators",2621 - Librarians and related information professionals,0.95,0.9,0.9,0.9,
24934,K - Financial and insurance activities,"64 - Financial service activities, except insurance and pension funding",641 - Monetary intermediation,6419 - Other monetary intermediation,0.98,0.98,0.95,0.85,1 - Managers,13 - Information and communications technology service managers,133 - Information and communications technology managers,1330 - Information and communications technology service managers,0.95,0.9,0.88,0.8,
25095,Q - Human health and social work activities,88 - Social work activities without accommodation,889 - Other social work activities without accommodation,8890 - Social work activities without accommodation n.e.c.,0.95,0.9,0.85,0.8,2 - Professionals,"26 - Legal, social and cultural professionals",263 - Social and religious professionals,2635 - Social work and counselling professionals,0.98,0.9,0.86,0.8,
25181,F - Construction,43 - Specialized construction activities,439 - Other specialized construction activities,4390 - Other specialized construction activities n.e.c.,0.98,0.97,0.92,0.9,7 - Craft and related trades workers,"72 - Metal, machinery and related trades workers","723 - Sheet and structural metal workers, moulders and welders",7233 - Welders and flamecutters,0.99,0.95,0.9,0.75,
25280,B - Mining and quarrying,07 - Mining of metal ores,072 - Mining of non-ferrous metal ores,,0.95,0.92,0.88,0.3,1 - Managers,13 - Production and specialised services managers,"132 - Manufacturing, mining and construction managers",,0.95,0.9,0.85,0.3,
24736,Q - Human health and social work activities,86 - Human health activities,869 - Other human health activities,8690 - Other human health activities,0.95,0.85,0.7,0.6,2 - Professionals,22 - Health professionals,221 - Pharmacists,2211 - Pharmacists,0.99,0.98,0.97,0.95,
24477,B - Mining and quarrying,07 - Mining of metal ores,072 - Mining of other metal ores,0729 - Mining of other non‑ferrous metal ores,0.99,0.95,0.9,0.85,1 - Managers,12 - Administrative and commercial managers,121 - Business services and administration managers,1219 - Business services and administration managers (not elsewhere classified),0.99,0.9,0.85,0.6,
25125,H - Transportation and storage,52 - Warehousing and support activities for transportation,522 - Support activities for transportation,,0.95,0.9,0.8,0.3,1 - Managers,12 - Administrative and commercial managers,121 - Business services and administration managers,1212 - Human resource managers,0.98,0.95,0.9,0.95,
25126,"M - Professional, scientific and technical activities",69 - Legal and accounting activities,"692 - Accounting, bookkeeping and auditing and tax consultancy activities","6920 - Accounting, bookkeeping and auditing activities; tax consultancy",0.7,0.6,0.6,0.55,4 - Clerical support workers,43 - Numerical and material recording clerks,431 - Numerical clerks (accounting/bookkeeping clerks),4311 - Accounting and bookkeeping clerks (including payroll clerks),0.95,0.9,0.85,0.8,
25340,G - Wholesale and retail trade; repair of motor vehicles and motorcycles,45 - Wholesale and retail trade and repair of motor vehicles and motorcycles,453 - Sale of motor vehicle parts and accessories,4530 - Sale of motor vehicle parts and accessories,0.95,0.95,0.8,0.75,1 - Managers,"11 - Chief executives, senior officials and legislators",111 - Chief executives and senior officials (managing directors / country heads),1110 - Managing directors and chief executives,1.0,0.9,0.85,0.8,
25269,B - Mining and quarrying,07 - Mining of metal ores,072 - Mining of non-ferrous metal ores,0729 - Mining of other non-ferrous metal ores,0.99,0.95,0.9,0.8,2 - Professionals,21 - Science and engineering professionals,214 - Engineering professionals,2143 - Electrical engineers,0.99,0.95,0.9,0.85,
25341,G - Wholesale and retail trade; repair of motor vehicles and motorcycles,45 - Wholesale and retail trade and repair of motor vehicles and motorcycles,453 - Sale of motor vehicle parts and accessories,4530 - Sale of motor vehicle parts and accessories,0.95,0.9,0.8,0.75,1 - Managers,"11 - Chief executives, senior officials and legislators",112 - Managing directors and chief executives,1120 - Managing directors and chief executives,0.99,0.85,0.9,0.85,
25338,G - Wholesale and retail trade; repair of motor vehicles and motorcycles,45 - Wholesale and retail trade and repair of motor vehicles and motorcycles,"453 - Wholesale trade of motor vehicles, parts and accessories",4530 - Wholesale trade of motor vehicle parts and accessories,0.95,0.95,0.9,0.85,1 - Managers,"11 - Chief executives, senior officials and legislators",111 - Chief executives and senior officials (head of country operations/enterprise),"1110 - Chief executives, senior officials and legislators (head of a company/enterprise)",1.0,0.85,0.7,0.6,
25082,F - Construction,43 - Specialized construction activities,"432 - Electrical, plumbing and other construction installation activities","4322 - Plumbing, heat and air-conditioning installation",0.9,0.9,0.9,0.85,1 - Managers,12 - Administrative and commercial managers,121 - Business services and administration managers,1219 - Business services and administration managers (n.e.c.),0.95,0.8,0.6,0.4,
25386,I - Accommodation and food service activities,55 - Accommodation,55.1 - Hotels and similar accommodation,55.10 - Hotels and similar accommodation,0.98,0.97,0.95,0.95,5 - Service and sales workers,52 - Sales workers,,,0.95,0.9,0.3,0.2,
25084,C - Manufacturing,33 - Repair and installation of machinery and equipment,,,0.85,0.9,0.2,0.1,7 - Craft and related trades workers,"72 - Metal, machinery and related trades workers",723 - Machinery mechanics and repairers,"7232 - Mobile plant, heavy vehicle and machinery mechanics (closest fit)",0.95,0.9,0.85,0.7,
24853,Q - Human health and social work activities,86 - Human health activities,869 - Other human health activities,8690 - Other human health activities,0.95,0.95,0.9,0.9,8 - Plant and machine operators and assemblers,83 - Drivers and mobile-plant operators,833 - Motor vehicle drivers,"8332 - Car, taxi and van drivers",0.95,0.95,0.9,0.85,
24702,I - Accommodation and food service activities,56 - Food and beverage service activities,561 - Restaurants and mobile food service activities,5610 - Restaurants and mobile food service activities,0.95,0.92,0.9,0.85,5 - Service and sales workers,52 - Sales workers,522 - Shop sales assistants and demonstrators,5221 - Shop sales assistants,0.95,0.9,0.75,0.7,
25167,B - Mining and quarrying,07 - Mining of metal ores,072 - Mining of non-ferrous metal ores,0721 - Mining of gold and silver ores,0.99,0.98,0.9,0.8,3 - Technicians and associate professionals,31 - Physical and engineering science associate professionals,311 - Physical and engineering science technicians,3119 - Physical and engineering science technicians not elsewhere classified (includes safety/occupational health technicians),0.9,0.7,0.6,0.5,
25346,I - Accommodation and food service activities,55 - Accommodation,551 - Accommodation (Hotels and similar accommodation),5510 - Hotels and similar accommodation,0.98,0.97,0.95,0.95,1 - Managers,"14 - Hospitality, retail and other services managers",141 - Hotel and restaurant managers,1411 - Hotel managers,0.95,0.9,0.8,0.7,
25337,B - Mining and quarrying,07 - Mining of metal ores,072 - Mining of non‑ferrous metal ores,0729 - Mining of other non‑ferrous metal ores (e.g. gold) ,0.97,0.95,0.9,0.6,1 - Managers,13 - Production and specialised services managers,"132 - Manufacturing, mining and quarrying managers",1323 - Mining and quarrying managers,0.95,0.9,0.85,0.75,
24921,B - Mining and quarrying,07 - Mining of metal ores,072 - Mining of non‑ferrous metal ores,0720 - Mining of non‑ferrous metal ores,0.98,0.95,0.9,0.8,4 - Clerical support workers,41 - General and keyboard clerks,411 - General office clerks,4110 - General office clerks,0.95,0.85,0.6,0.4,
25288,C - Manufacturing,10 - Manufacture of food products,"106 - Manufacture of grain mill products, starches and starch products",1061 - Manufacture of grain mill products,0.9,0.9,0.85,0.8,9 - Elementary occupations,91 - Cleaners and helpers,"911 - Cleaners and helpers in offices, hotels and other establishments","9112 - Cleaners and helpers in offices, hotels and other establishments",0.98,0.95,0.9,0.7,
25322,N - Administrative and support service activities,81 - Services to buildings and landscape activities,81.1 - Combined facilities support activities,81.10 - Combined facilities support activities,0.9,0.95,0.95,0.95,1 - Managers,12 - Administrative and commercial managers,121 - Business services and administration managers,1219 - Business services and administration managers not elsewhere classified,0.95,0.85,0.8,0.6,
25123,C - Manufacturing,11 - Manufacture of beverages,110 - Manufacture of beverages,1105 - Manufacture of beer,0.95,0.95,0.9,0.9,3 - Technicians and associate professionals,31 - Science and engineering associate professionals,311 - Physical and engineering science technicians,,0.9,0.8,0.65,0.25,
24956,Q - Human health and social work activities,88 - Social work activities without accommodation,88.9 - Other social work activities without accommodation,88.99 - Other social work activities without accommodation n.e.c.,0.75,0.75,0.7,0.65,4 - Clerical support workers,43 - Numerical and material recording clerks,431 - Numerical and material recording clerks,4312 - Material-recording clerks and transport clerks,0.85,0.8,0.75,0.7,
23926,H - Transportation and storage,52 - Warehousing and support activities for transportation,52.2 - Support activities for transportation,52.24 - Cargo handling,0.95,0.9,0.9,0.95,4 - Clerical support workers,43 - Numerical and material recording clerks,431 - Material-recording clerks,,0.95,0.85,0.7,0.25,
25088,"M - Professional, scientific and technical activities",72 - Scientific research and development,721 - Research and experimental development on natural sciences and engineering,7210 - Research and experimental development on natural sciences and engineering,0.9,0.9,0.88,0.86,3 - Technicians and associate professionals,32 - Health associate professionals,325 - Health associate professionals,,0.9,0.85,0.75,0.4,
25069,H - Transportation and storage,52 - Warehousing and support activities for transportation,522 - Support activities for transportation,5220 - Support activities for transportation,0.95,0.92,0.86,0.8,4 - Clerical support workers,41 - General and keyboard clerks,411 - General office clerks,4110 - General office clerks,0.9,0.85,0.8,0.75,
25006,C - Manufacturing,10 - Manufacture of food products,"106 - Manufacture of grain mill products, starches and starch products",1061 - Manufacture of grain mill products,0.9,0.88,0.82,0.8,3 - Technicians and associate professionals,33 - Business and administration associate professionals,332 - Commercial sales representatives,3322 - Commercial sales representatives,0.85,0.8,0.78,0.65,
24476,B - Mining and quarrying,07 - Mining of metal ores,072 - Mining of non-ferrous metal ores,,0.99,0.95,0.9,0.4,1 - Managers,12 - Administrative and commercial managers,,,0.95,0.65,0.3,0.2,
25201,L - Real estate activities,68 - Real estate activities,683 - Real estate activities on a fee or contract basis,6831 - Real estate agencies,0.9,0.9,0.85,0.8,5 - Service and sales workers,52 - Sales workers,522 - Shop sales assistants and other sales workers,5229 - Other sales workers,0.98,0.95,0.6,0.4,
25122,G - Wholesale and retail trade; repair of motor vehicles and motorcycles,95 - Repair of computers and personal and household goods,953 - Repair of consumer electronics (incl. office/home electronic equipment) ,,0.9,0.88,0.6,0.2,4 - Clerical support workers,42 - Customer service clerks,422 - Client information workers,4221 - Client information clerks,0.9,0.88,0.82,0.65,
25005,B - Mining and quarrying,07 - Mining of metal ores,072 - Mining of non-ferrous metal ores,0729 - Mining of other non-ferrous metal ores,0.98,0.95,0.9,0.85,1 - Managers,12 - Business services and administration managers,121 - Business services and administration managers,,0.95,0.85,0.8,0.2,
25043,O - Public administration and defence; compulsory social security,84 - Public administration and defence; compulsory social security,841 - Public administration,8411 - Executive and legislative organs; general public administration activities,0.98,0.98,0.9,0.85,1 - Managers,"11 - Chief executives, senior officials and legislators",112 - Managing directors and chief executives,1120 - Managing directors and chief executives,0.98,0.92,0.9,0.85,
25266,N - Administrative and support service activities,78 - Employment activities,78.1 - Activities of employment placement agencies (employment activities),78.10 - Employment activities,0.7,0.6,0.5,0.4,2 - Professionals,24 - Business and administration professionals,242 - Administration professionals,2422 - Human resource professionals,0.9,0.85,0.8,0.75,
25030,C - Manufacturing,33 - Repair and installation of machinery and equipment,"331 - Repair of fabricated metal products, machinery and equipment",3312 - Repair of machinery,0.85,0.9,0.85,0.75,7 - Craft and related trades workers,"72 - Metal, machinery and related trades workers",723 - Machinery mechanics and repairers,7232 - Heavy vehicle and mobile equipment mechanics and repairers,0.9,0.85,0.7,0.55,
25086,"M - Professional, scientific and technical activities",73 - Advertising and market research,732 - Market research and public opinion polling,7320 - Market research and public opinion polling,0.95,0.95,0.9,0.9,2 - Professionals,24 - Business and administration professionals,243 - Business and administration professionals,2433 - Market research analysts and marketing specialists,0.8,0.75,0.65,0.6,
25249,S - Other service activities,94 - Activities of membership organisations,94.9 - Activities of other membership organisations,94.99 - Activities of other membership organisations n.e.c.,0.9,0.9,0.85,0.8,1 - Managers,,134 - Social and community service managers,1345 - Social and community service managers,0.95,0.3,0.9,0.85,
25173,K - Financial and insurance activities,"64 - Financial service activities, except insurance and pension funding",641 - Monetary intermediation,6419 - Other monetary intermediation,0.98,0.97,0.95,0.9,1 - Managers,12 - Administrative and commercial managers,121 - Business services and administration managers,1211 - Finance managers,0.99,0.95,0.85,0.7,
25232,G - Wholesale and retail trade; repair of motor vehicles and motorcycles,"46 - Wholesale trade, except of motor vehicles and motorcycles","463 - Wholesale of food, beverages and tobacco","4639 - Other wholesale of food, beverages and tobacco",0.9,0.85,0.65,0.55,1 - Managers,12 - Administrative and commercial managers,122 - Sales and marketing managers,1221 - Sales and marketing managers,0.99,0.98,0.95,0.9,
25010,G - Wholesale and retail trade; repair of motor vehicles and motorcycles,45 - Wholesale and retail trade and repair of motor vehicles and motorcycles,451 - Sale of motor vehicles,4510 - Sale of motor vehicles,0.95,0.95,0.9,0.9,5 - Service and sales workers,52 - Sales workers,522 - Shop sales assistants and retail cashiers,,0.95,0.9,0.85,0.4,
24985,H - Transportation and storage,50 - Water transport,502 - Sea and coastal freight water transport,5020 - Sea and coastal freight water transport,0.95,0.9,0.85,0.8,1 - Managers,12 - Administrative and commercial managers,121 - Business services and administration managers,"1219 - Business services and administration managers, not elsewhere classified",0.95,0.9,0.7,0.6,
24999,J - Information and communication,"62 - Computer programming, consultancy and related activities","620 - Computer programming, consultancy and related activities",6202 - Computer consultancy activities,0.8,0.75,0.7,0.6,2 - Professionals,25 - Information and communications technology professionals,252 - Database and network professionals,2522 - Systems administrators,0.95,0.95,0.95,0.95,
25245,B - Mining and quarrying,07 - Mining of metal ores,072 - Mining of non‑ferrous metal ores,0729 - Mining of non‑ferrous metal ores n.e.c.,1.0,0.98,0.95,0.7,2 - Professionals,21 - Science and engineering professionals,214 - Engineering professionals,2141 - Civil engineers,0.95,0.9,0.85,0.8,
24948,G - Wholesale and retail trade; repair of motor vehicles and motorcycles,"46 - Wholesale trade, except of motor vehicles and motorcycles","466 - Wholesale of other machinery, equipment and supplies (grouping that includes fuels)","4663 - Wholesale of solid, liquid and gaseous fuels and related products",0.9,0.9,0.8,0.9,1 - Managers,"14 - Hospitality, retail and other services managers",142 - Retail and wholesale trade managers,1421 - Retail and wholesale trade managers,0.9,0.85,0.8,0.75,
25055,O - Public administration and defence; compulsory social security,84 - Public administration and defence; compulsory social security,841 - Administration of the State and the economic and social policy of the community,,0.98,0.97,0.9,0.3,1 - Managers,12 - Administrative and commercial managers,121 - Business services and administration managers,,0.98,0.88,0.7,0.3,
25092,I - Accommodation and food service activities,55 - Accommodation,551 - Short-term accommodation activities,5510 - Hotels and similar accommodation,0.98,0.95,0.9,0.9,2 - Professionals,24 - Business and administration professionals,241 - Business and administration professionals,2411 - Accountants,0.95,0.9,0.8,0.65,
25254,C - Manufacturing,10 - Manufacture of food products,"106 - Manufacture of grain mill products, starches and starch products",1061 - Manufacture of grain mill products,0.95,0.9,0.85,0.8,5 - Service and sales workers,52 - Sales workers,522 - Shop sales assistants and demonstrators,5223 - Demonstrators and product promoters,0.95,0.9,0.85,0.8,
24925,I - Accommodation and food service activities,56 - Food and beverage service activities,562 - Event catering and other food service activities,5629 - Other food service activities,0.95,0.9,0.75,0.7,1 - Managers,12 - Administrative and commercial managers,,,0.98,0.9,0.25,0.1,
25324,P - Education,85 - Education,85.3 - Higher education,,0.98,0.97,0.95,0.3,1 - Managers,12 - Administrative and commercial managers,"122 - Sales, marketing and public relations managers",1221 - Sales and marketing managers,0.98,0.92,0.92,0.9,
24995,Q - Human health and social work activities,88 - Social work activities without accommodation,889 - Other social work activities without accommodation,88.99 - Other social work activities without accommodation,0.9,0.9,0.85,0.8,2 - Professionals,24 - Business and administration professionals,241 - Accountants,2411 - Accountants,0.85,0.8,0.8,0.75,
25099,B - Mining and quarrying,09 - Mining support service activities,099 - Support activities for other mining and quarrying,0990 - Support activities for other mining and quarrying,0.85,0.8,0.75,0.7,2 - Professionals,24 - Business and administration professionals,242 - Administration professionals,2423 - Human resource professionals,0.95,0.9,0.85,0.8,
25372,H - Transportation and storage,52 - Warehousing and support activities for transportation,52.2 - Support activities for transportation,52.24 - Customs clearance,0.98,0.95,0.95,0.9,1 - Managers,13 - Production and specialised services managers,"133 - Supply, distribution and related managers",,0.99,0.85,0.9,0.25,
24983,H - Transportation and storage,52 - Warehousing and support activities for transportation,52.2 - Support activities for transportation,52.29 - Other transportation support activities,0.9,0.85,0.8,0.7,3 - Technicians and associate professionals,35 - Information and communications technicians,351 - Information and communications technicians,3513 - Computer network and systems technicians,0.9,0.75,0.6,0.5,
25176,H - Transportation and storage,50 - Water transport,502 - Sea and coastal freight water transport,5020 - Sea and coastal freight water transport,0.95,0.9,0.85,0.8,1 - Managers,"11 - Chief executives, senior officials and legislators",112 - Managing directors and chief executives,1120 - Managing directors and chief executives,0.95,0.8,0.75,0.7,
24924,H - Transportation and storage,52 - Warehousing and support activities for transportation,522 - Support activities for transportation,5220 - Support activities for transportation,0.9,0.85,0.8,0.75,2 - Professionals,,,,0.95,0.3,0.2,0.1,
25380,C - Manufacturing,10 - Manufacture of food products,"106 - Manufacture of grain mill products, starches and starch products",1061 - Manufacture of grain mill products,0.95,0.9,0.85,0.75,7 - Craft and related trades workers,"72 - Metal, machinery and related trades workers",721 - Smiths and related trades workers,7212 - Welders and flame cutters,0.95,0.9,0.6,0.8,
13420,H - Transportation and storage,52 - Warehousing and support activities for transportation,522 - Support activities for transportation,5222 - Cargo handling,0.98,0.95,0.93,0.9,8 - Plant and machine operators and assemblers,83 - Drivers and mobile plant operators,833 - Drivers and mobile-plant operators,,0.98,0.94,0.85,0.25,
24660,H - Transportation and storage,51 - Air transport,511 - Passenger air transport,5110 - Passenger air transport,0.95,0.96,0.9,0.9,3 - Technicians and associate professionals,,,,0.85,0.2,0.15,0.1,
25359,C - Manufacturing,10 - Manufacture of food products,106 - Manufacture of grain mill products,1061 - Manufacture of grain mill products,0.95,0.9,0.8,0.6,5 - Service and sales workers,52 - Sales workers,522 - Shop sales assistants and demonstrators,5223 - Demonstrators and product promoters,0.95,0.9,0.85,0.6,
25265,"M - Professional, scientific and technical activities",72 - Scientific research and development,721 - Research and experimental development on natural sciences and engineering,7210 - Research and experimental development on natural sciences and engineering,0.85,0.9,0.8,0.8,1 - Managers,13 - Production and specialised services managers (specialised managers),134 - Functional managers (health and social care managers),1343 - Health services managers,0.95,0.8,0.75,0.7,
25203,"M - Professional, scientific and technical activities",73 - Advertising and market research,731 - Advertising,7310 - Advertising,0.9,0.9,0.85,0.8,2 - Professionals,24 - Business and administration professionals,243 - Advertising and marketing professionals,2431 - Advertising and marketing professionals,0.95,0.85,0.8,0.7,
25001,B - Mining and quarrying,07 - Mining of metal ores,072 - Mining of non‑ferrous metal ores,,0.95,0.95,0.9,0.3,8 - Plant and machine operators and assemblers,83 - Drivers and mobile plant operators,833 - Mining and construction vehicle and equipment operators,,0.85,0.7,0.7,0.35,
25202,B - Mining and quarrying,06 - Extraction of crude petroleum and natural gas,061 - Extraction of crude petroleum and natural gas,0610 - Extraction of crude petroleum and natural gas,0.98,0.95,0.9,0.9,2 - Professionals,21 - Science and engineering professionals,211 - Physical and earth science professionals,"2113 - Geologists, geophysicists and hydrogeologists",0.95,0.9,0.8,0.75,
25102,I - Accommodation and food service activities,55 - Accommodation,55.1 - Hotels and similar accommodation,55.10 - Hotels and similar accommodation,0.98,0.95,0.93,0.9,5 - Service and sales workers,51 - Personal service workers,512 - Cooks,5120 - Cooks,0.98,0.92,0.95,0.86,
25205,G - Wholesale and retail trade; repair of motor vehicles and motorcycles,"47 - Retail trade, except of motor vehicles and motorcycles",475 - Retail sale of other household equipment in specialised stores,4759 - Other retail sale of household articles in specialised stores (n.e.c.),0.95,0.9,0.7,0.5,1 - Managers,12 - Administrative and commercial managers,122 - Sales and marketing managers,1221 - Sales and marketing managers,0.99,0.95,0.92,0.9,
25074,H - Transportation and storage,49 - Land transport and transport via pipelines,494 - Freight transport by road,4941 - Freight transport by road,0.95,0.95,0.9,0.85,1 - Managers,13 - Production and specialised services managers,132 - Production and specialised services managers (transport-related),1323 - Transport and distribution managers,0.95,0.75,0.7,0.7,
25085,C - Manufacturing,33 - Repair and installation of machinery and equipment,"331 - Repair of fabricated metal products, machinery and equipment",3312 - Repair of machinery,0.9,0.95,0.9,0.7,7 - Craft and related trades workers,"72 - Metal, machinery and related trades workers",723 - Machinery mechanics and repairers,,0.95,0.9,0.85,0.45,
25279,C - Manufacturing,11 - Manufacture of beverages,110 - Manufacture of beverages,1103 - Manufacture of malt liquors and malt,0.95,0.98,0.97,0.93,1 - Managers,13 - Production and specialized services managers,131 - Production managers,1311 - Manufacturing managers,0.9,0.85,0.88,0.8,
25062,B - Mining and quarrying,06 - Extraction of crude petroleum and natural gas,062 - Extraction of natural gas,0620 - Extraction of natural gas,0.9,0.85,0.8,0.75,4 - Clerical support workers,41 - Office clerks,411 - General office clerks,4110 - General office clerks,0.9,0.8,0.75,0.6,
25178,B - Mining and quarrying,06 - Extraction of crude petroleum and natural gas,062 - Extraction of natural gas,0620 - Extraction of natural gas,0.95,0.95,0.8,0.7,2 - Professionals,24 - Business and administration professionals,241 - Finance professionals,2411 - Accountants,0.9,0.85,0.8,0.75,
25134,"R - Arts, entertainment and recreation","91 - Libraries, archives, museums and other cultural activities",910 - Library and archives activities,9101 - Library and archives activities,0.9,0.9,0.85,0.8,2 - Professionals,"26 - Legal, social and cultural professionals","263 - Archivists, librarians and curators (information and cultural professionals)",2632 - Librarians and related information professionals,0.95,0.9,0.85,0.9,
25008,F - Construction,42 - Civil engineering,429 - Construction of other civil engineering projects,4290 - Construction of other civil engineering projects,0.95,0.9,0.85,0.8,3 - Technicians and associate professionals,33 - Business and administration associate professionals,332 - Administrative and commercial associate professionals,3322 - Purchasing and supply officers,0.85,0.8,0.75,0.7,
25017,B - Mining and quarrying,06 - Extraction of crude petroleum and natural gas,061 - Extraction of crude petroleum and natural gas,0610 - Extraction of crude petroleum and natural gas,0.95,0.95,0.9,0.9,1 - Managers,13 - Production and specialised services managers,"132 - Manufacturing, mining and construction managers",,0.95,0.7,0.5,0.2,
24898,K - Financial and insurance activities,"64 - Financial service activities, except insurance and pension funding",,,0.95,0.9,0.25,0.15,1 - Managers,12 - Administrative and commercial managers,121 - Business services and administration managers,1212 - Human resource managers,0.99,0.95,0.9,0.85,
25311,Q - Human health and social work activities,86 - Human health activities,861 - Hospital activities,8610 - Hospital activities,0.95,0.95,0.9,0.9,3 - Technicians and associate professionals,32 - Health associate professionals,,,0.95,0.9,0.35,0.2,
25161,H - Transportation and storage,53 - Postal and courier activities,532 - Courier activities,5320 - Courier activities,0.99,0.9,0.85,0.8,1 - Managers,12 - Administrative and commercial managers,,,0.99,0.85,0.25,0.2,
25244,L - Real estate activities,68 - Real estate activities,,,0.9,0.85,0.2,0.1,8 - Plant and machine operators and assemblers,83 - Drivers and mobile-plant operators,,,0.95,0.9,0.25,0.1,
25368,B - Mining and quarrying,07 - Mining of metal ores,,,0.95,0.9,0.3,0.2,5 - Service and sales workers,54 - Protective services workers,541 - Protective services workers,5413 - Security guards and related workers (incl. dog handlers),0.95,0.9,0.8,0.7,
25315,"M - Professional, scientific and technical activities",70 - Activities of head offices; management consultancy activities,702 - Management consultancy activities,7020 - Management consultancy activities,0.92,0.9,0.82,0.78,1 - Managers,12 - Administrative and commercial managers,121 - Business services and administration managers,1219 - Business services and administration managers not elsewhere classified,0.95,0.85,0.75,0.6,
24962,G - Wholesale and retail trade; repair of motor vehicles and motorcycles,45 - Wholesale and retail trade and repair of motor vehicles and motorcycles,451 - Sale of motor vehicles,4510 - Sale of motor vehicles,0.95,0.95,0.9,0.85,2 - Professionals,24 - Business and administration professionals,"243 - Advertising, marketing and public relations professionals",2431 - Advertising and marketing professionals,0.9,0.85,0.9,0.75,
25313,B - Mining and quarrying,07 - Mining of metal ores,,,0.95,0.8,0.3,0.2,7 - Craft and related trades workers,"72 - Metal, machinery and related trades workers",723 - Motor vehicle mechanics and repairers,,0.95,0.8,0.9,0.25,
24953,N - Administrative and support service activities,78 - Employment activities,781 - Activities of employment placement agencies,7810 - Activities of employment placement agencies,0.85,0.85,0.8,0.75,1 - Managers,12 - Administrative and commercial managers,121 - Business services and administration managers,1212 - Administrative services managers,0.95,0.9,0.85,0.75,
25169,S - Other service activities,94 - Activities of membership organisations,949 - Activities of other membership organisations,9499 - Activities of other membership organisations n.e.c.,0.9,0.85,0.7,0.6,2 - Professionals,24 - Business and administration professionals,,,0.9,0.75,0.3,0.2,
25289,B - Mining and quarrying,07 - Mining of metal ores,072 - Mining of non-ferrous metal ores,0729 - Mining of other non-ferrous metal ores,0.98,0.98,0.95,0.9,2 - Professionals,21 - Science and engineering professionals,214 - Engineering professionals,2141 - Civil engineers,0.9,0.88,0.85,0.83,
25101,I - Accommodation and food service activities,55 - Accommodation,55.1 - Hotels and similar accommodation,55.10 - Hotels and similar accommodation,0.98,0.9,0.88,0.88,5 - Service and sales workers,51 - Personal service workers,512 - Cooks,5120 - Cooks,0.98,0.92,0.9,0.75,
25096,Q - Human health and social work activities,88 - Social work activities without accommodation,88.9 - Other social work activities without accommodation,88.99 - Other social work activities without accommodation n.e.c.,0.95,0.92,0.88,0.8,4 - Clerical support workers,43 - Numerical and material recording clerks,431 - Numerical clerks,4312 - Data entry clerks (unit group),0.9,0.8,0.75,0.6,
25186,L - Real estate activities,68 - Real estate activities,68.2 - Real estate activities on a fee or contract basis,68.20 - Real estate activities on a fee or contract basis,0.95,0.95,0.85,0.82,1 - Managers,12 - Administrative and commercial managers,121 - Business services and administration managers,,0.98,0.9,0.8,0.2,
25060,O - Public administration and defence; compulsory social security,84 - Public administration and defence; compulsory social security,841 - General public administration activities,8411 - General public administration activities,0.98,0.96,0.88,0.75,2 - Professionals,"26 - Legal, social and cultural professionals",261 - Legal professionals,2611 - Lawyers,0.98,0.92,0.9,0.85,
25348,G - Wholesale and retail trade; repair of motor vehicles and motorcycles,"46 - Wholesale trade, except of motor vehicles and motorcycles","466 - Wholesale of other machinery, equipment and supplies",4669 - Wholesale of other machinery and equipment,0.95,0.95,0.9,0.8,1 - Managers,12 - Administrative and commercial managers,,,1.0,0.85,0.3,0.2,
24950,G - Wholesale and retail trade; repair of motor vehicles and motorcycles,"47 - Retail trade, except of motor vehicles and motorcycles",473 - Retail sale of motor vehicle fuel,4730 - Retail sale of motor vehicle fuel in specialised stores,0.95,0.9,0.9,0.85,5 - Service and sales workers,52 - Sales workers,522 - Shop sales assistants and clerks,"5223 - Shop sales assistants and clerks (retail sales staff, e.g., fuel station/depot sales officer)",0.95,0.9,0.8,0.6,
24795,N - Administrative and support service activities,"82 - Office administrative, office support and other business support activities",821 - Office administrative and support activities,8211 - Combined office administrative service activities,0.85,0.9,0.75,0.6,1 - Managers,12 - Administrative and commercial managers,121 - Administrative services managers / Business services and administration managers,1212 - Human resource managers,0.95,0.9,0.85,0.9,
25210,H - Transportation and storage,51 - Air transport,511 - Passenger air transport,5110 - Passenger air transport,0.95,0.99,0.9,0.85,1 - Managers,12 - Administrative and commercial managers,121 - Business services and administration managers,1213 - Finance managers,0.98,0.9,0.75,0.65,
25404,S - Other service activities,94 - Activities of membership organisations,949 - Activities of other membership organisations,9499 - Activities of other membership organisations n.e.c.,0.95,0.92,0.9,0.85,2 - Professionals,24 - Business and administration professionals,243 - Social and religious professionals,2431 - Social work and counselling professionals,0.85,0.65,0.6,0.6,
25264,F - Construction,41 - Construction of buildings,412 - Construction of non-residential buildings,4120 - Construction of non-residential buildings,0.9,0.8,0.6,0.55,4 - Clerical support workers,43 - Numerical and material recording clerks,431 - Numerical clerks (accounting and payroll clerks),4312 - Payroll clerks / Accounting and payroll clerks (supervisory role),0.95,0.9,0.85,0.8,
24961,"R - Arts, entertainment and recreation",93 - Sports activities and amusement and recreation activities,931 - Sports activities,9311 - Operation of sports facilities,0.95,0.95,0.9,0.85,5 - Service and sales workers,51 - Personal service workers,516 - Other personal service workers,5169 - Other personal service workers not elsewhere classified,0.9,0.75,0.6,0.4,
25213,S - Other service activities,95 - Repair of computers and personal and household goods,951 - Repair of computers and peripheral equipment,9511 - Repair of computers and peripheral equipment,0.9,0.9,0.7,0.6,3 - Technicians and associate professionals,35 - Information and communications technicians,351 - Information and communications technicians,3512 - ICT user support technicians,0.9,0.7,0.7,0.5,
25042,B - Mining and quarrying,07 - Mining of metal ores,072 - Mining of non-ferrous metal ores,0729 - Mining of other non-ferrous metal ores (including gold),0.95,0.92,0.9,0.88,1 - Managers,13 - Production and specialised services managers,"132 - Manufacturing, mining and construction managers",1322 - Mining production managers,0.7,0.65,0.65,0.6,
24578,"M - Professional, scientific and technical activities",71 - Architectural and engineering activities; technical testing and analysis,71.1 - Architectural and engineering activities and related technical consultancy,71.11 - Architectural activities,0.98,0.96,0.93,0.92,2 - Professionals,21 - Science and engineering professionals,"216 - Architects, town and traffic planners and surveyors",2161 - Architects,0.98,0.95,0.91,0.9,
25379,C - Manufacturing,10 - Manufacture of food products,"106 - Manufacture of grain mill products, starches and starch products",1061 - Manufacture of grain mill products,0.99,0.97,0.95,0.92,3 - Technicians and associate professionals,31 - Science and engineering technicians (incl. production supervisors grouped with technical supervisors),"312 - Mining, manufacturing and construction supervisors",3121 - Manufacturing supervisors,0.88,0.75,0.93,0.94,
25299,C - Manufacturing,33 - Repair and installation of machinery and equipment,"331 - Repair of fabricated metal products, machinery and equipment",3315 - Repair and maintenance of aircraft and spacecraft,0.85,0.9,0.92,0.95,3 - Technicians and associate professionals,31 - Science and engineering associate professionals,312 - Engineering technicians,3129 - Engineering technicians not elsewhere classified,0.95,0.9,0.9,0.75,
25037,B - Mining and quarrying,07 - Mining of metal ores,,,0.95,0.9,0.3,0.2,4 - Clerical support workers,43 - Numerical and material-recording clerks,432 - Material-recording and transport clerks,4322 - Shipping and receiving clerks,0.85,0.8,0.75,0.7,
24881,B - Mining and quarrying,07 - Mining of metal ores,071 - Mining of metal ores,0710 - Mining of metal ores,0.98,0.98,0.97,0.95,3 - Technicians and associate professionals,31 - Physical and engineering science technicians,"312 - Mining, manufacturing and construction supervisors",3123 - Construction supervisors,0.95,0.9,0.9,0.85,
25054,O - Public administration and defence; compulsory social security,84 - Public administration and defence; compulsory social security,841 - Public administration,8411 - Administration of the State and the economic and social policy of the community (senior public administration activities),1.0,0.98,0.85,0.6,1 - Managers,11 - Legislators and senior officials,112 - Senior government officials,1120 - Senior government officials,1.0,0.9,0.85,0.8,
24139,B - Mining and quarrying,07 - Mining of metal ores,,,0.95,0.9,0.3,0.2,3 - Technicians and associate professionals,31 - Science and engineering technicians,,,0.85,0.7,0.3,0.2,
25331,"M - Professional, scientific and technical activities","74 - Other professional, scientific and technical activities",741 - Specialized design activities,7410 - Specialized design activities,0.9,0.88,0.9,0.88,2 - Professionals,21 - Science and engineering professionals,"216 - Architects, planners, surveyors and designers",2166 - Graphic and multimedia designers,0.95,0.75,0.92,0.94,
25115,K - Financial and insurance activities,"64 - Financial service activities, except insurance and pension funding",641 - Monetary intermediation,6419 - Other monetary intermediation,0.95,0.95,0.85,0.8,4 - Clerical support workers,42 - Customer services clerks,422 - Client information workers / Customer service clerks,4221 - Call-centre and customer service clerks (customer information),0.85,0.8,0.75,0.7,
25345,K - Financial and insurance activities,"64 - Financial service activities, except insurance and pension funding",64.1 - Monetary intermediation,64.19 - Other monetary intermediation (including lending/credit institutions),0.98,0.96,0.9,0.85,1 - Managers,"11 - Chief executives, senior officials and legislators",112 - Managing directors and chief executives,1120 - Managing directors and chief executives (including senior executive roles such as COO),0.98,0.9,0.85,0.8,
25390,S - Other service activities,94 - Activities of membership organisations,94.9 - Activities of other membership organisations,94.99 - Activities of other membership organisations n.e.c.,0.9,0.85,0.8,0.75,2 - Professionals,24 - Business and administration professionals,242 - Administration and organisation professionals,2421 - Management and organisation analysts,0.95,0.85,0.75,0.7,
25277,H - Transportation and storage,50 - Water transport,501 - Sea and coastal water transport,5010 - Sea and coastal water transport,0.95,0.9,0.88,0.85,3 - Technicians and associate professionals,,,,0.65,0.25,0.2,0.15,
25028,H - Transportation and storage,52 - Warehousing and support activities for transportation,522 - Support activities for transportation,5229 - Other transportation support activities,0.95,0.92,0.85,0.78,1 - Managers,13 - Production and specialised services managers,132 - Production and specialised services managers,1324 - Supply and distribution managers,0.95,0.88,0.86,0.88,
25334,B - Mining and quarrying,07 - Mining of metal ores,072 - Mining of non-ferrous metal ores,0729 - Mining of other non-ferrous metal ores,0.95,0.95,0.9,0.85,3 - Technicians and associate professionals,31 - Physical and engineering science technicians,,,0.85,0.7,0.3,0.2,
25033,B - Mining and quarrying,07 - Mining of metal ores,,,0.95,0.9,0.2,0.1,1 - Managers,13 - Production and specialised services managers,,,0.9,0.6,0.2,0.1,
25293,C - Manufacturing,10 - Manufacture of food products,"105 - Manufacture of grain mill products, starches and starch products",1051 - Manufacture of grain mill products,0.9,0.9,0.85,0.8,1 - Managers,12 - Administrative and commercial managers,122 - Sales and marketing managers,1221 - Sales and marketing managers,0.99,0.9,0.88,0.8,
24981,B - Mining and quarrying,07 - Mining of metal ores,072 - Mining of non‑ferrous metal ores,0729 - Mining of other non‑ferrous metal ores,0.99,0.97,0.95,0.9,2 - Professionals,24 - Business and administration professionals,242 - Administration and human resources professionals,2423 - Human resource professionals (training and development),0.9,0.85,0.7,0.55,
24189,H - Transportation and storage,52 - Warehousing and support activities for transportation,52.2 - Support activities for transportation,52.21 - Freight forwarding (and other transport support activities),0.95,0.9,0.85,0.8,3 - Technicians and associate professionals,31 - Science and engineering technicians,315 - Safety and quality inspectors,3152 - Occupational health and safety technicians (or equivalent OH&S supervisory role),0.85,0.7,0.7,0.6,
24979,F - Construction,43 - Specialised construction activities,439 - Other specialised construction activities n.e.c.,4390 - Other specialised construction activities n.e.c.,0.95,0.7,0.55,0.45,7 - Craft and related trades workers,"72 - Metal, machinery and related trades workers",723 - Machinery mechanics and repairers,7232 - Heavy vehicle and mobile equipment mechanics,0.95,0.92,0.9,0.9,
25294,G - Wholesale and retail trade; repair of motor vehicles and motorcycles,"47 - Retail trade, except of motor vehicles and motorcycles",477 - Retail sale of other goods in specialised stores,4773 - Retail sale of pharmaceutical and medical goods in specialised stores,0.8,0.8,0.75,0.75,2 - Professionals,22 - Health professionals,226 - Other health professionals,2262 - Pharmacists,0.99,0.99,0.98,0.98,
25391,Q - Human health and social work activities,86 - Human health activities,869 - Other human health activities,8690 - Other human health activities,0.95,0.95,0.9,0.9,1 - Managers,,,,0.9,0.35,0.2,0.2,
25051,N - Administrative and support service activities,78 - Employment activities,783 - Human resources provision and management of human resources functions,7830 - Human resources provision and management of human resources functions,0.95,0.95,0.85,0.8,2 - Professionals,24 - Business and administration professionals,242 - Administration professionals,2423 - Personnel and careers professionals,0.98,0.95,0.9,0.92,
25097,S - Other service activities,94 - Activities of membership organisations,949 - Activities of other membership organizations,9491 - Activities of religious organizations,0.9,0.9,0.88,0.85,2 - Professionals,"26 - Legal, social and cultural professionals",263 - Social and religious professionals,2634 - Social work and counselling professionals,0.95,0.9,0.8,0.6,
25059,O - Public administration and defence; compulsory social security,84 - Public administration and defence; compulsory social security,841 - Administration of the State and the economic and social policy of the community,8411 - General public administration activities,0.95,0.93,0.88,0.75,1 - Managers,12 - Administrative and commercial managers,121 - Business services and administration managers,,0.95,0.7,0.6,0.2,
25237,F - Construction,43 - Specialised construction activities,"432 - Electrical, plumbing and other construction installation activities",4321 - Electrical installation,0.95,0.93,0.92,0.92,7 - Craft and related trades workers,74 - Electrical and electronic trades workers,741 - Electrical installers and repairers,7411 - Electricians,0.98,0.92,0.9,0.95,
25238,B - Mining and quarrying,07 - Mining of metal ores,072 - Mining of non-ferrous metal ores,0729 - Mining of other non-ferrous metal ores,0.98,0.98,0.95,0.92,3 - Technicians and associate professionals,33 - Business and administration associate professionals,332 - (Purchasing / procurement-related associate professionals),3322 - Buyers and purchasing officers,0.85,0.8,0.6,0.65,
25329,"M - Professional, scientific and technical activities",70 - Activities of head offices; management consultancy activities,702 - Management consultancy activities,7020 - Management consultancy activities,0.9,0.9,0.85,0.8,4 - Clerical support workers,43 - Numerical and material recording clerks,431 - Accounting and bookkeeping clerks,4311 - Accounting and bookkeeping clerks,0.9,0.9,0.9,0.85,
23453,H - Transportation and storage,51 - Air transport,511 - Passenger air transport,5110 - Passenger air transport,0.95,0.95,0.9,0.9,7 - Craft and related trades workers,71 - Building and related trades workers,,,0.95,0.7,0.2,0.1,
24955,N - Administrative and support service activities,81 - Services to buildings and landscape activities,811 - Combined facilities support activities,8110 - Combined facilities support activities,0.9,0.9,0.9,0.9,1 - Managers,12 - Administrative and commercial managers,121 - Business services and administration managers,,0.95,0.8,0.75,0.2,
25403,G - Wholesale and retail trade; repair of motor vehicles and motorcycles,"46 - Wholesale trade, except of motor vehicles and motorcycles","463 - Wholesale of food, beverages and tobacco","4630 - Wholesale of food, beverages and tobacco",0.9,0.8,0.6,0.5,1 - Managers,12 - Administrative and commercial managers,"122 - Sales, marketing and public relations managers",1221 - Sales and marketing managers,0.95,0.9,0.95,0.9,
25219,P - Education,85 - Education,853 - Higher education,8530 - Higher education,0.95,0.95,0.9,0.9,2 - Professionals,24 - Business and administration professionals,"242 - Administration professionals (business, organization and management related)",2421 - Management and organisation analysts,0.9,0.8,0.7,0.6,
24996,B - Mining and quarrying,07 - Mining of metal ores,071 - Mining of metal ores (group),,0.95,0.92,0.7,0.3,5 - Service and sales workers,52 - Protective services workers,"522 - Protective services workers (police, security, detectives)",5223 - Private detectives and investigators / corporate investigators,0.8,0.85,0.75,0.6,
14919,H - Transportation and storage,52 - Warehousing and support activities for transportation,521 - Warehousing and storage,5210 - Warehousing and storage,0.99,0.98,0.95,0.9,8 - Plant and machine operators and assemblers,83 - Drivers and mobile plant operators,833 - Drivers and mobile-plant operators (minor group),8332 - Fork-lift operators,0.99,0.95,0.9,0.85,
25382,L - Real estate activities,68 - Real estate activities,68.2 - Renting and operating of own or leased real estate,68.20 - Renting and operating of own or leased real estate,0.9,0.88,0.8,0.75,7 - Craft and related trades workers,71 - Building and related trades workers,712 - Building and related trades supervisors,7120 - Building and related trades supervisors,0.6,0.65,0.75,0.7,
25373,F - Construction,43 - Specialized construction activities,439 - Other specialized construction activities,4390 - Other specialized construction activities,0.95,0.85,0.75,0.6,8 - Plant and machine operators and assemblers,83 - Drivers and mobile-plant operators,833 - Drivers and mobile-plant operators (heavy vehicles),8332 - Truck drivers (heavy truck/lorry drivers),0.98,0.95,0.9,0.9,
25248,B - Mining and quarrying,07 - Mining of metal ores,072 - Mining of non-ferrous metal ores,0729 - Mining of other non-ferrous metal ores,0.95,0.95,0.9,0.75,2 - Professionals,24 - Business and administration professionals,242 - Administration professionals,2421 - Human resource professionals,0.9,0.85,0.7,0.6,
25251,C - Manufacturing,10 - Manufacture of food products,"106 - Manufacture of grain mill products, starches and starch products",1061 - Manufacture of grain mill products,0.85,0.8,0.8,0.75,4 - Clerical support workers,42 - Customer service clerks,422 - Customer service clerks,,0.95,0.9,0.9,0.4,
25350,B - Mining and quarrying,07 - Mining of metal ores,072 - Mining of non-ferrous metal ores,,0.98,0.95,0.9,0.2,2 - Professionals,21 - Science and engineering professionals,211 - Natural and physical science professionals,2112 - Geologists and geophysicists,0.99,0.95,0.9,0.88,
25312,F - Construction,42 - Civil engineering,429 - Construction of other civil engineering projects,,0.95,0.6,0.4,0.2,8 - Plant and machine operators and assemblers,83 - Drivers and mobile-plant operators,"832 - Car, van and motorcycle drivers","8322 - Car, taxi and van drivers",0.95,0.95,0.9,0.85,
25216,G - Wholesale and retail trade; repair of motor vehicles and motorcycles,"47 - Retail trade, except of motor vehicles and motorcycles",477 - Retail sale of other goods in specialised stores,4779 - Retail sale of other goods in specialised stores n.e.c.,0.9,0.9,0.6,0.5,3 - Technicians and associate professionals,33 - Business and administration associate professionals,332 - Sales and marketing associate professionals,3322 - Buyers and purchasing officers,0.85,0.8,0.7,0.65,
25007,F - Construction,42 - Civil engineering,429 - Construction of other civil engineering projects,4290 - Construction of other civil engineering projects,0.98,0.95,0.9,0.88,3 - Technicians and associate professionals,31 - Science and engineering technicians,315 - Safety and quality inspectors,3152 - Occupational health and safety technicians (or equivalent safety officer role),0.9,0.8,0.75,0.6,
25375,G - Wholesale and retail trade; repair of motor vehicles and motorcycles,"46 - Wholesale trade, except of motor vehicles and motorcycles",466 - Wholesale of machinery and equipment,4669 - Wholesale of other machinery and equipment,0.85,0.8,0.75,0.6,3 - Technicians and associate professionals,31 - Science and engineering associate professionals,315 - Safety and quality inspectors,3152 - Occupational health and safety technicians,0.9,0.85,0.8,0.6,
25397,H - Transportation and storage,52 - Warehousing and support activities for transportation,52.2 - Support activities for transportation,52.24 - Cargo handling,0.95,0.9,0.9,0.85,8 - Plant and machine operators and assemblers,83 - Drivers and mobile plant operators,832 - Mobile plant operators,8322 - Fork-lift truck operators,0.95,0.9,0.9,0.8,
25159,P - Education,85 - Education,854 - Higher education,8540 - Higher education,0.98,0.97,0.95,0.9,3 - Technicians and associate professionals,31 - Physical and engineering science technicians,312 - Civil engineering technicians,3123 - Surveying technicians,0.95,0.9,0.8,0.6,
25103,I - Accommodation and food service activities,55 - Accommodation,551 - Hotels and similar accommodation,5510 - Hotels and similar accommodation,0.95,0.9,0.9,0.9,9 - Elementary occupations,91 - Cleaners and helpers,"912 - Cleaners and helpers in offices, hotels and other establishments","9120 - Cleaners and helpers in offices, hotels and other establishments",0.9,0.85,0.85,0.8,
25221,B - Mining and quarrying,07 - Mining of metal ores,072 - Mining of non‑ferrous metal ores,0729 - Mining of other non‑ferrous metal ores,0.98,0.95,0.9,0.9,7 - Craft and related trades workers,"72 - Metal, machinery and related trades workers",723 - Machinery mechanics and repairers,7232 - Machinery mechanics and fitters,0.95,0.95,0.9,0.85,
25189,B - Mining and quarrying,07 - Mining of metal ores,072 - Mining of non-ferrous metal ores,0729 - Mining of other non-ferrous metal ores,0.99,0.95,0.9,0.85,7 - Craft and related trades workers,71 - Building and related trades workers,712 - Building finishers and related trades workers,7122 - Plumbers and pipe fitters,0.97,0.9,0.8,0.9,
24957,H - Transportation and storage,52 - Warehousing and support activities for transportation,522 - Support activities for transportation,5224 - Cargo handling,0.95,0.9,0.85,0.75,4 - Clerical support workers,43 - Numerical and material-recording and other clerical support workers,432 - Material-recording and transport clerks,4321 - Stock clerks and order clerks,0.8,0.75,0.7,0.65,
25402,S - Other service activities,94 - Activities of membership organizations,949 - Activities of other membership organizations,9499 - Activities of other membership organizations n.e.c.,0.8,0.75,0.7,0.65,1 - Managers,12 - Administrative and commercial managers,121 - Business services and administration managers,1219 - Business services and administration managers not elsewhere classified,0.98,0.85,0.75,0.55,
25314,"M - Professional, scientific and technical activities",70 - Activities of head offices; management consultancy activities,702 - Management consultancy activities,7020 - Management consultancy activities,0.9,0.85,0.75,0.7,1 - Managers,12 - Administrative and commercial managers,121 - Business services and administration managers,1219 - Business services and administration managers (not elsewhere classified),0.95,0.85,0.8,0.6,
25003,"M - Professional, scientific and technical activities",71 - Architectural and engineering activities; technical testing and analysis,711 - Architectural and engineering activities and related technical consultancy,7110 - Architectural and engineering activities and related technical consultancy,0.75,0.85,0.8,0.75,3 - Technicians and associate professionals,31 - Physical and engineering science associate professionals,311 - Physical and engineering science technicians,3112 - Civil engineering technicians,0.95,0.9,0.8,0.65,
24888,P - Education,85 - Education,854 - Other education,8540 - Other education,0.9,0.9,0.85,0.8,2 - Professionals,23 - Teaching professionals,235 - Other teaching professionals / Education methods specialists,2359 - Other teaching professionals,0.9,0.75,0.65,0.55,
25310,B - Mining and quarrying,07 - Mining of metal ores,072 - Mining of non-ferrous metal ores,0729 - Mining of other non‑ferrous metal ores,0.95,0.9,0.75,0.6,7 - Craft and related trades workers,"72 - Metal, machinery and related trades workers","723 - Vehicle, mobile plant and related mechanics and repairers",7233 - Heavy vehicle and mobile-plant mechanics,0.95,0.9,0.85,0.8,
25333,B - Mining and quarrying,07 - Mining of metal ores,,,0.95,0.9,0.2,0.1,3 - Technicians and associate professionals,31 - Science and engineering technicians,311 - Physical and engineering science technicians,,0.9,0.8,0.6,0.2,
25118,B - Mining and quarrying,07 - Mining of metal ores,072 - Mining of non‑ferrous metal ores,0722 - Mining of gold and silver ores,0.95,0.95,0.9,0.9,3 - Technicians and associate professionals,31 - Science and engineering associate professionals,311 - Physical and engineering science technicians,3114 - Mechanical engineering technicians,0.9,0.85,0.75,0.65,
25362,F - Construction,42 - Civil engineering,429 - Construction of other civil engineering projects,4290 - Construction of other civil engineering projects n.e.c.,0.98,0.96,0.93,0.9,2 - Professionals,21 - Science and engineering professionals,214 - Engineering professionals,2141 - Civil engineers,0.98,0.96,0.94,0.92,
24639,L - Real estate activities,68 - Real estate activities,683 - Real estate activities on a fee or contract basis,6830 - Real estate agencies,0.75,0.75,0.6,0.6,4 - Clerical support workers,41 - General and keyboard clerks,411 - General office clerks,4110 - General office clerks,0.98,0.95,0.9,0.85,
25241,B - Mining and quarrying,09 - Support activities for mining,099 - Support activities for mining,0990 - Support activities for mining,0.9,0.85,0.75,0.6,1 - Managers,,,,0.85,0.25,0.15,0.1,
25184,F - Construction,43 - Specialised construction activities,"43.2 - Electrical, plumbing and other construction installation activities","43.22 - Plumbing, heat and air-conditioning installation",0.95,0.95,0.93,0.95,7 - Craft and related trades workers,"72 - Metal, machinery and related trades workers",723 - Machinery mechanics and fitters,7232 - Refrigeration and air-conditioning mechanics and fitters,0.95,0.8,0.88,0.85,
24016,H - Transportation and storage,51 - Air transport,511 - Passenger air transport,5110 - Passenger air transport,0.95,0.9,0.85,0.85,9 - Elementary occupations,93 - Elementary occupations in transport,931 - Labourers in transport and freight handling activities,9312 - Freight and baggage handlers (baggage/ramp agents),0.7,0.65,0.6,0.6,
25214,C - Manufacturing,10 - Manufacture of food products,107 - Manufacture of other food products (n.e.c.),1079 - Manufacture of other food products n.e.c.,0.95,0.9,0.7,0.6,5 - Service and sales workers,52 - Sales workers,522 - Shop sales assistants and display staff (approximate),,0.95,0.9,0.7,0.2,
25194,L - Real estate activities,68 - Real estate activities,682 - Renting and operating of own or leased real estate,6820 - Renting and operating of own or leased real estate,0.95,0.95,0.9,0.9,1 - Managers,"14 - Hospitality, retail and other services managers",,,0.99,0.7,0.3,0.2,
25158,P - Education,85 - Education,853 - Higher education,8530 - Higher education,0.98,0.98,0.95,0.9,2 - Professionals,"26 - Legal, social and cultural professionals","262 - Archivists, librarians and curators (information professionals)",2621 - Librarians,0.95,0.8,0.85,0.8,
24986,H - Transportation and storage,51 - Air transport,511 - Passenger air transport,5110 - Passenger air transport,0.9,0.95,0.9,0.85,7 - Craft and related trades workers,71 - Building and related trades workers,711 - Building frame and related trades workers,7111 - Carpenters and joiners,0.99,0.98,0.97,0.95,
24577,F - Construction,41 - Construction of buildings,411 - Construction of buildings,4110 - Construction of buildings,0.95,0.9,0.85,0.8,4 - Clerical support workers,41 - General office clerks,,,0.85,0.7,0.2,0.1,
25014,S - Other service activities,94,94.9,94.99,0.75,0.7,0.6,0.55,2 - Professionals,24 - Business and administration professionals,242,2423,0.85,0.8,0.65,0.6,
25319,P - Education,85 - Education,854 - Tertiary education,8542 - Tertiary education,0.95,0.95,0.9,0.85,1 - Managers,12 - Administrative and commercial managers,"122 - Sales, marketing and development managers",1221 - Sales and marketing managers,0.98,0.95,0.9,0.75,
24645,H - Transportation and storage,52 - Warehousing and support activities for transportation,522 - Support activities for transportation,"5221 - Service activities incidental to water transportation (e.g. tugboat, pilotage, salvage services)",0.99,0.88,0.85,0.78,8 - Plant and machine operators and assemblers,83 - Drivers and mobile-plant operators (including mobile transport vehicle crews),831 - Ships' crew and related workers,"8312 - Sailors, deckhands and ship's crew (seafarers on tug boats and similar vessels)",0.75,0.7,0.65,0.6,
24764,B - Mining and quarrying,07 - Mining of metal ores,072 - Mining of non‑ferrous metal ores,0729 - Mining of other non‑ferrous metal ores,0.99,0.98,0.95,0.9,4 - Clerical support workers,43 - Numerical and material recording clerks,"431 - Bookkeepers, payroll and wage clerks / numerical clerks (incl. purchasing/stock record roles)",4312 - Purchasing clerks (stock/order clerks),0.9,0.85,0.6,0.6,
24980,Q - Human health and social work activities,88 - Social work activities without accommodation,88.9 - Other social work activities without accommodation,88.99 - Other social work activities without accommodation n.e.c.,0.85,0.9,0.85,0.8,2 - Professionals,"26 - Legal, social and cultural professionals",263 - Social and related professionals,2634 - Social work professionals,0.8,0.7,0.65,0.6,
25164,B - Mining and quarrying,09 - Support activities for mining and quarrying,099 - Support activities for other mining and quarrying,0990 - Support activities for other mining and quarrying,0.98,0.92,0.9,0.88,8 - Plant and machine operators and assemblers,83 - Drivers and mobile plant operators,,,0.95,0.9,0.3,0.2,
25384,C - Manufacturing,10 - Manufacture of food products,107 - Manufacture of bakery products and farinaceous products,1071 - Manufacture of bread; manufacture of fresh pastry goods and cakes,0.95,0.95,0.7,0.5,8 - Plant and machine operators and assemblers,83 - Drivers and mobile-plant operators,"833 - Car, van and motorcycle drivers (including delivery drivers)",8332 - Delivery drivers / Light goods vehicle drivers,0.95,0.9,0.8,0.7,
24867,B - Mining and quarrying,07 - Mining of metal ores,072 - Mining of non‑ferrous metal ores,0729 - Mining of other non‑ferrous metal ores,0.99,0.98,0.9,0.85,5 - Service and sales workers,51 - Personal service workers,516 - Other personal service workers,5169 - Other personal service workers not elsewhere classified,0.85,0.6,0.5,0.35,
25190,B - Mining and quarrying,07 - Mining of metal ores,072 - Mining of non-ferrous metal ores,,0.99,0.95,0.85,0.2,3 - Technicians and associate professionals,31 - Physical and engineering science technicians,311 - Physical and engineering science technicians (incl. process/plant safety technicians),,0.75,0.7,0.6,0.2,
24945,K - Financial and insurance activities,"64 - Financial service activities, except insurance and pension funding",641 - Monetary intermediation,6419 - Other monetary intermediation,0.95,0.93,0.9,0.85,2 - Professionals,24 - Business and administration professionals,241 - Finance professionals,2419 - Other finance professionals,0.95,0.9,0.8,0.6,
25336,H - Transportation and storage,51 - Air transport,511 - Passenger air transport,5110 - Passenger air transport,0.99,0.98,0.9,0.88,4 - Clerical support workers,43 - Numerical and material recording clerks,431 - Numerical and material recording clerks (including accounting/ bookkeeping clerks),4311 - Accounting and bookkeeping clerks (accounts payable/receivable clerks),0.85,0.85,0.8,0.75,
24959,H - Transportation and storage,51 - Air transport,511 - Passenger air transport,5110 - Passenger air transport (class),0.95,0.95,0.85,0.85,3 - Technicians and associate professionals,31 - Science and engineering technicians,314 - Ship and aircraft controllers and technicians,3149 - Other ship and aircraft controllers and technicians,0.9,0.6,0.8,0.6,
25383,K - Financial and insurance activities,"64 - Financial service activities, except insurance and pension funding","64.9 - Other financial service activities, except insurance and pension funding","64.99 - Other financial service activities, except insurance and pension funding, n.e.c.",0.95,0.9,0.6,0.4,4 - Clerical support workers,41 - General and keyboard clerks,412 - Personal assistants and secretaries (includes general administrative/office support),4120 - Personal assistants and secretaries (as HR/office administrative support),0.95,0.8,0.65,0.6,
25325,H - Transportation and storage,52 - Warehousing and support activities for transportation,522 - Support activities for transportation,5229 - Other transportation support activities (n.e.c.),0.95,0.9,0.85,0.6,4 - Clerical support workers,43 - Numerical and material recording clerks,431 - Numerical clerks,4312 - Payroll clerks / Wage clerks,0.99,0.95,0.9,0.8,
25104,I - Accommodation and food service activities,55 - Accommodation,55.1 - Short term accommodation activities,55.10 - Hotels and similar accommodation,0.98,0.95,0.92,0.9,5 - Service and sales workers,51 - Personal service workers,512 - Cooks,,0.95,0.9,0.85,0.3,
24971,C - Manufacturing,"26 - Manufacture of computer, electronic and optical products",261 - Manufacture of electronic components,2610 - Manufacture of electronic components,0.85,0.75,0.65,0.6,4 - Clerical support workers,41 - General and keyboard clerks,411 - General office clerks,4110 - General office clerks,0.95,0.9,0.9,0.85,
25035,P - Education,85 - Education,853 - Higher education,8530 - Higher education,0.95,0.95,0.85,0.75,2 - Professionals,22 - Health professionals,222 - Nursing and midwifery professionals,2221 - Nursing professionals,0.99,0.98,0.98,0.95,
25023,S - Other service activities,94 - Activities of membership organisations,949 - Activities of other membership organisations,9499 - Activities of other membership organisations not elsewhere classified,0.9,0.85,0.8,0.75,4 - Clerical support workers,43 - Numerical and material recording clerks,431 - Material-recording clerks,,0.95,0.85,0.75,0.3,
25292,C - Manufacturing,"25 - Manufacture of fabricated metal products, except machinery and equipment","251 - Manufacture of structural metal products, tanks, reservoirs and steam generators",2511 - Manufacture of structural metal products,0.95,0.95,0.9,0.85,3 - Technicians and associate professionals,33 - Business and administration associate professionals,332 - Administrative and commercial associate professionals,3322 - Contract administration / procurement associate professionals (approx.),0.9,0.88,0.8,0.6,
24899,G,47,,,0.9,0.75,0.25,0.2,5,52,,,0.95,0.6,0.2,0.1,
25166,B - Mining and quarrying,07 - Mining of metal ores,072 - Mining of non-ferrous metal ores,0729 - Mining of other non-ferrous metal ores,0.99,0.98,0.9,0.8,3 - Technicians and associate professionals,31 - Science and engineering associate professionals,315 - Safety and quality inspectors,3152 - Occupational health and safety inspectors / Safety officers,0.9,0.75,0.75,0.7,
25395,P - Education,85 - Education,85.3 - Higher education,85.31 - Higher education (universities),0.95,0.95,0.95,0.75,1 - Managers,12 - Business and administration managers,121 - Business services and administration managers,1212 - Human resource managers,0.98,0.9,0.85,0.75,
25399,H - Transportation and storage,51 - Air transport,511 - Passenger air transport,5110 - Passenger air transport,0.95,0.95,0.9,0.9,4 - Clerical support workers,42 - Customer services clerks,422 - Client information clerks,4221 - Client information clerks,0.9,0.9,0.75,0.6,
24703,I - Accommodation and food service activities,56 - Food and beverage service activities,561 - Restaurants and mobile food service activities,5610 - Restaurants and mobile food service activities,0.99,0.98,0.95,0.92,5 - Service and sales workers,51 - Personal service workers,512 - Housekeeping and restaurant services workers,5120 - Housekeeping and restaurant services workers,0.99,0.95,0.9,0.85,
25328,P - Education,85 - Education,854 - Higher education,8541 - Higher education,0.98,0.98,0.95,0.92,1 - Managers,13 - (Education and other specialised services managers),134 - Education managers,1340 - School principals and administrators (education managers),0.95,0.85,0.9,0.75,
24958,B - Mining and quarrying,07 - Mining of metal ores,072 - Mining of other non-ferrous metal ores,0729 - Mining of other non-ferrous metal ores,0.99,0.98,0.9,0.85,8 - Plant and machine operators and assemblers,81 - Stationary plant and machine operators,811 - Mining and mineral processing plant operators,"8113 - Drillers, borers and related workers",0.85,0.75,0.7,0.6,
25185,N - Administrative and support service activities,81 - Services to buildings and landscape activities,811 - Combined facilities support activities,8110 - Combined facilities support activities,0.95,0.93,0.9,0.88,1 - Managers,12 - Administrative and commercial managers,121 - Administrative services managers,,0.95,0.9,0.8,0.2,
25175,P - Education,85 - Education,854 - Higher education,8541 - Higher education,0.95,0.95,0.9,0.9,1 - Managers,12 - Administrative and commercial managers,121 - Business services and administration managers,,0.9,0.75,0.65,0.4,
24926,P - Education,85 - Education,853 - Higher education,8530 - Higher education,0.99,0.95,0.9,0.8,2 - Professionals,"26 - Legal, social and cultural professionals","262 - Archivists, librarians and curators (information professionals)",2621 - Librarians,0.99,0.9,0.9,0.85,
25105,C - Manufacturing,23 - Manufacture of other non-metallic mineral products,"234 - Manufacture of articles of concrete, cement and plaster","2340 - Manufacture of articles of concrete, cement and plaster",0.95,0.85,0.75,0.6,1 - Managers,12 - Administrative and commercial managers,122 - Sales and marketing managers,1221 - Sales and marketing managers,0.99,0.92,0.87,0.8,
25298,I - Accommodation and food service activities,55 - Accommodation,55.1 - Hotels and similar accommodation,55.10 - Hotels and similar accommodation,0.98,0.95,0.9,0.9,1 - Managers,"14 - Hospitality, retail and other services managers",142 - Hotel and restaurant managers,1429 - Other hospitality managers,0.95,0.9,0.85,0.6,
25171,B - Mining and quarrying,07 - Mining of metal ores,072 - Mining of non-ferrous metal ores,0729 - Mining of other non-ferrous metal ores,0.95,0.92,0.9,0.85,2 - Professionals,21 - Science and engineering professionals,"214 - Architects, planners and surveyors (and related professionals)",2143 - Surveyors,0.95,0.9,0.85,0.7,
25323,N - Administrative and support service activities,80 - Security and investigation activities,801 - Private security activities,8010 - Private security activities,0.9,0.85,0.8,0.75,3 - Technicians and associate professionals,35 - Information and communications technicians,351 - Information and communications technicians,3512 - Computer network and systems technicians,0.95,0.9,0.85,0.8,
25032,S - Other service activities,94 - Activities of membership organisations,94.9 - Activities of other membership organisations,94.99 - Activities of other membership organisations n.e.c.,0.9,0.85,0.8,0.75,1 - Managers,"11 - Chief executives, senior officials and legislators",112 - Managing directors and chief executives,1120 - Managing directors and chief executives,0.95,0.9,0.85,0.8,
24656,N - Administrative and support service activities,80 - Security and investigation activities,801 - Security activities,80100 - Security activities,0.95,0.95,0.9,0.9,5 - Service and sales workers,51 - Personal service workers,516 - Protective services workers,5162 - Security guards and related workers,0.9,0.7,0.9,0.8,
25188,C - Manufacturing,10 - Manufacture of food products,"106 - Manufacture of grain mill products, starches and starch products",1061 - Manufacture of grain mill products,0.95,0.92,0.88,0.82,1 - Managers,13 - Production and specialised services managers,131 - Manufacturing managers,,0.9,0.85,0.7,0.3,
24964,H - Transportation and storage,52 - Warehousing and support activities for transportation,522 - Support activities for transportation,,0.95,0.9,0.85,0.3,2 - Professionals,24 - Business and administration professionals,"243 - Sales, marketing and public relations professionals",2432 - Market research analysts and marketing specialists,0.9,0.88,0.7,0.65,
25170,H - Transportation and storage,52 - Warehousing and support activities for transportation,522 - Support activities for transportation,5225 - Freight forwarding,0.95,0.95,0.95,0.98,1 - Managers,12 - Administrative and commercial managers,121 - Business services and administration managers,,0.99,0.85,0.75,0.2,
24969,"A - Agriculture, forestry and fishing","01 - Crop and animal production, hunting and related service activities",014 - Animal production,,0.7,0.8,0.8,0.2,1 - Managers,"11 - Chief executives, senior officials and legislators",112 - Managing directors and chief executives,1120 - Managing directors and chief executives,0.98,0.9,0.9,0.85,
25318,P - Education,85 - Education,853 - Higher education,8530 - Higher education,0.95,0.95,0.9,0.9,1 - Managers,13 - Production and specialised services managers,133 - Information and communications technology service managers,1330 - Information and communications technology service managers,0.95,0.9,0.9,0.9,
24793,F - Construction,41 - Construction of buildings,412 - Construction of residential and non-residential buildings,4120 - Construction of residential and non-residential buildings,0.95,0.85,0.7,0.6,4 - Clerical support workers,41 - General and keyboard clerks,411 - General office clerks,4110 - General office clerks,0.9,0.85,0.8,0.65,
25326,B - Mining and quarrying,09 - Mining support service activities,099 - Support activities for mining (group),0990 - Support activities for mining (class),0.95,0.9,0.8,0.75,7 - Craft and related trades workers,"72 - Metal, machinery and related trades workers",723 - Motor vehicle and power-plant mechanics and fitters (minor group),7232 - Heavy vehicle and mobile plant mechanics,0.95,0.9,0.85,0.9,
25347,Q - Human health and social work activities,88 - Social work activities without accommodation,88.9 - Other social work activities without accommodation,88.99 - Other social work activities without accommodation n.e.c.,0.85,0.92,0.88,0.8,2 - Professionals,24 - Business and administration professionals,242 - Administration professionals,2421 - Management and organization analysts,0.9,0.8,0.65,0.6,
24975,C - Manufacturing,33 - Repair and installation of machinery and equipment,"331 - Repair of fabricated metal products, machinery and equipment",3312 - Repair and maintenance of machinery and equipment (including engines and generators),0.6,0.95,0.65,0.6,7 - Craft and related trades workers,"72 - Metal, machinery and related trades workers",723 - Machinery mechanics and repairers,7232 - Industrial machinery mechanics and repairers / Generator technicians,0.85,0.8,0.8,0.75,
25400,C - Manufacturing,10 - Manufacture of food products,107 - Manufacture of bakery and farinaceous products,,0.98,0.99,0.85,0.3,8 - Plant and machine operators and assemblers,81 - Stationary plant and machine operators,811 - Stationary plant and machine operators,,0.95,0.9,0.75,0.25,
25020,N - Administrative and support service activities,81 - Services to buildings and landscape activities,811 - Combined facilities support activities,8110 - Combined facilities support activities,0.9,0.88,0.85,0.8,1 - Managers,13 - Production and specialised services managers,,,0.9,0.65,0.3,0.2,
25389,C - Manufacturing,24 - Manufacture of basic metals,241 - Manufacture of basic iron and steel,2410 - Manufacture of basic iron and steel,0.9,0.85,0.85,0.8,4 - Clerical support workers,43 - Numerical and material recording clerks,431 - Numerical and material recording clerks,4312 - Payroll clerks,0.98,0.9,0.88,0.8,
25209,G - Wholesale and retail trade; repair of motor vehicles and motorcycles,"46 - Wholesale trade, except of motor vehicles and motorcycles",,,0.95,0.9,0.3,0.1,2 - Professionals,21 - Science and engineering professionals,214 - Engineering professionals,2144 - Mechanical engineers,0.99,0.95,0.95,0.9,
25109,"M - Professional, scientific and technical activities",71 - Architectural and engineering activities; technical testing and analysis,712 - Engineering activities and related technical consultancy,7120 - Engineering activities and related technical consultancy,0.9,0.85,0.8,0.8,2 - Professionals,24 - Business and administration professionals,242 - Management and organization analysts,2421 - Management consultants / organisation analysts (closest match for project management specialists),0.7,0.65,0.55,0.5,
25286,G - Wholesale and retail trade; repair of motor vehicles and motorcycles,"46 - Wholesale trade, except of motor vehicles and motorcycles",,,0.9,0.8,0.2,0.1,4 - Clerical support workers,42 - Customer services clerks,422 - Client information workers,4221 - Client information clerks,0.9,0.85,0.7,0.6,
25381,P - Education,85 - Education,85.6 - Educational support services,85.60 - Educational support services,0.85,0.85,0.75,0.65,4 - Clerical support workers,41 - General and keyboard clerks,411 - General office clerks,4110 - General office clerks,0.8,0.75,0.7,0.6,
25271,L - Real estate activities,68 - Real estate activities,68.3 - Real estate activities on a fee or contract basis,68.32 - Management of real estate on a fee or contract basis,0.98,0.97,0.95,0.92,1 - Managers,12 - Administrative and commercial managers,121 - Business services and administration managers,,0.99,0.9,0.8,0.2,
25281,C - Manufacturing,10 - Manufacture of food products,108 - Manufacture of other food products,1089 - Manufacture of other food products n.e.c.,0.99,0.98,0.8,0.65,2 - Professionals,21 - Science and engineering professionals,211 - Physical and engineering science professionals,2113 - Chemists,0.98,0.95,0.92,0.92,
25021,H - Transportation and storage,52 - Warehousing and support activities for transportation,522 - Support activities for transportation,5220 - Support activities for transportation,0.95,0.9,0.75,0.6,1 - Managers,12 - Administrative and commercial managers,121 - Business services and administration managers,,0.95,0.8,0.65,0.3,
25283,S - Other service activities,95 - Repair of computers and personal and household goods,952 - Repair of personal and household goods (including consumer electronics and communication equipment repair),9520 - Repair of personal and household goods,0.6,0.6,0.5,0.4,3 - Technicians and associate professionals,35 - Information and communications technicians,351 - Information and communications technicians,3513 - Telecommunications engineering technicians,0.95,0.9,0.85,0.8,
25083,C - Manufacturing,"25 - Manufacture of fabricated metal products, except machinery and equipment","251 - Manufacture of structural metal products, tanks, reservoirs and steam generators",2511 - Manufacture of structural metal products,0.85,0.75,0.7,0.65,1 - Managers,13 - Production and specialised services managers,131 - Manufacturing managers,,0.95,0.9,0.8,0.3,
25240,B - Mining and quarrying,07 - Mining of metal ores,,,0.98,0.95,0.2,0.1,3 - Technicians and associate professionals,35 - Information and communications technicians,351 - Information and communications technicians,3513 - Computer network and systems technicians,0.9,0.9,0.85,0.8,
25157,P - Education,85 - Education,853 - Higher education,8530 - Higher education,0.99,0.98,0.9,0.8,2 - Professionals,"26 - Legal, social and cultural professionals","262 - Archivists, librarians and information professionals",2621 - Librarians and related information professionals,0.95,0.9,0.88,0.75,
25320,P - Education,85 - Education,853 - Higher education,8530 - Higher education,0.95,0.95,0.9,0.9,1 - Managers,12 - Administrative and commercial managers,"122 - Sales, marketing and development managers",1221 - Sales and marketing managers,0.95,0.9,0.9,0.9,
25217,P - Education,85 - Education,854 - Higher education,8540 - Higher education,0.99,0.98,0.95,0.85,1 - Managers,12 - Administrative and commercial managers,,,0.98,0.75,0.25,0.1,
25274,P - Education,85 - Education,854 - Higher education,8541 - Higher education (university level),1.0,1.0,0.98,0.9,2 - Professionals,23 - Teaching professionals,231 - University and higher education teachers,2310 - University and higher education teachers,1.0,0.99,0.98,0.95,
25091,I - Accommodation and food service activities,55 - Accommodation,55.1 - Hotels and similar accommodation,55.10 - Hotels and similar accommodation,0.95,0.92,0.9,0.88,5 - Service and sales workers,51 - Personal service workers,512 - Cooks,5120 - Cooks,0.95,0.9,0.92,0.88,
25068,F - Construction,41 - Construction of buildings,412 - Construction of buildings,4120 - Construction of residential and non-residential buildings,0.97,0.9,0.85,0.7,2 - Professionals,21 - Science and engineering professionals,,,0.9,0.85,0.25,0.2,
25367,L - Real estate activities,68 - Real estate activities,682 - Renting and operating of own or leased real estate,6820 - Renting and operating of own or leased real estate,0.9,0.92,0.9,0.88,1 - Managers,12 - Administrative and commercial managers,121 - Business services and administration managers,"1219 - Business services and administration managers, n.e.c.",0.95,0.75,0.6,0.5,
25316,I - Accommodation and food service activities,55 - Accommodation,55.1 - Short term accommodation activities,55.10 - Hotels and similar accommodation,0.99,0.98,0.95,0.95,1 - Managers,12 - Administrative and commercial managers,122 - Sales and marketing managers,1221 - Sales and marketing managers,0.99,0.88,0.92,0.88,
24918,B - Mining and quarrying,07 - Mining of metal ores,071 - Mining of metal ores,,0.99,0.98,0.95,0.2,7 - Craft and related trades workers,"72 - Metal, machinery and related trades workers",723 - Machinery mechanics and fitters,,0.85,0.8,0.78,0.4,
25067,H - Transportation and storage,51 - Air transport,511 - Passenger air transport,5110 - Passenger air transport,0.95,0.95,0.9,0.85,4 - Clerical support workers,43 - Material recording and transport clerks,432 - Material-recording and transport clerks,4321 - Stock clerks and storekeepers,0.95,0.92,0.88,0.88,
24977,N - Administrative and support service activities,81 - Services to buildings and landscape activities,813 - Landscape service activities,8130 - Landscape service activities,0.9,0.95,0.95,0.9,"6 - Skilled agricultural, forestry and fishery workers",61 - Market gardeners and crop growers,611 - Market gardeners and crop growers,6112 - Gardeners and horticultural and nursery growers,0.8,0.55,0.5,0.7,
25124,B - Mining and quarrying,06 - Extraction of crude petroleum and natural gas,061 - Extraction of crude petroleum and natural gas,0610 - Extraction of crude petroleum and natural gas,0.9,0.85,0.8,0.75,1 - Managers,12 - Administrative and commercial managers,121 - Business services and administration managers,,0.95,0.85,0.75,0.2,
25018,P - Education,85 - Education,854 - Other education,8540 - Other education,0.95,0.95,0.85,0.8,2 - Professionals,"26 - Legal, social and cultural professionals",263 - Social and religious professionals,2634 - Social work and counselling professionals,0.85,0.7,0.65,0.6,
25300,H - Transportation and storage,51 - Air transport,511 - Passenger air transport,51.10 - Passenger air transport,0.95,0.9,0.8,0.8,3 - Technicians and associate professionals,31 - Physical and engineering science technicians,312 - Engineering technicians,3122 - Mechanical engineering technicians,0.9,0.7,0.85,0.7,
24988,B - Mining and quarrying,07 - Mining of metal ores,072 - Mining of metal ores,0729 - Mining of other metal ores,0.98,0.97,0.95,0.9,3 - Technicians and associate professionals,31 - Physical and engineering science technicians,311 - Physical and engineering science technicians,3113 - Mining and metallurgical technicians,0.9,0.8,0.75,0.7,
24834,H - Transportation and storage,49 - Land transport and transport via pipelines,493 - Other passenger land transport,,0.95,0.9,0.6,0.3,8 - Plant and machine operators and assemblers,83 - Drivers and mobile plant operators,"832 - Car, taxi and van drivers",,0.95,0.9,0.85,0.4,
25365,F - Construction,43 - Specialised construction activities,"432 - Electrical, plumbing and other construction installation activities","4322 - Plumbing, heat and air-conditioning installation",0.95,0.95,0.9,0.75,5 - Service and sales workers,52 - Sales workers,522 - Shop sales assistants and other salespersons,,0.95,0.9,0.6,0.2,
24738,B - Mining and quarrying,07 - Mining of metal ores,072 - Mining of non-ferrous metal ores,0729 - Mining of other non-ferrous metal ores (includes gold mining),0.99,0.98,0.9,0.8,2 - Professionals,21 - Science and engineering professionals,214 - Engineering professionals,2144 - Mining engineers,0.99,0.95,0.92,0.88,
24973,F - Construction,43 - Specialized construction activities,431 - Demolition and site preparation,4312 - Site preparation,0.98,0.85,0.8,0.75,8 - Plant and machine operators and assemblers,83 - Drivers and mobile plant operators,833 - Drivers and mobile-plant operators (minor group),8332 - Excavator operators (mobile plant operators),0.95,0.9,0.85,0.8,
25295,S - Other service activities,94 - Activities of membership organisations,949 - Activities of other membership organisations n.e.c.,9499 - Activities of other membership organisations n.e.c.,0.8,0.7,0.65,0.5,1 - Managers,12 - Business services and administration managers,121 - Business services and administration managers,1219 - Business services and administration managers not elsewhere classified,0.95,0.9,0.85,0.6,
24954,C - Manufacturing,10 - Manufacture of food products,104 - Manufacture of vegetable and animal oils and fats,1040 - Manufacture of vegetable and animal oils and fats,0.98,0.92,0.75,0.6,8 - Plant and machine operators and assemblers,82 - Stationary plant and machine operators,821 - Stationary plant and machine operators (manufacturing),8212 - Plastics and rubber products machine operators (blow-moulding operators),0.98,0.9,0.7,0.55,
25013,K - Financial and insurance activities,"64 - Financial service activities, except insurance and pension funding",64.1 - Monetary intermediation,64.19 - Other monetary intermediation,0.99,0.98,0.95,0.85,4 - Clerical support workers,43 - Numerical and material recording clerks,431 - Numerical clerks (including accounting and payroll clerks),4312 - Payroll clerks,0.95,0.9,0.85,0.75,
25127,B - Mining and quarrying,07 - Mining of metal ores,072 - Mining of non-ferrous metal ores,,0.95,0.9,0.7,0.2,2 - Professionals,24 - Business and administration professionals,"243 - Advertising, marketing and public relations professionals",2432 - Public relations professionals,0.95,0.9,0.9,0.85,
23366,H - Transportation and storage,51 - Air transport,51.1 - Passenger air transport,51.10 - Passenger air transport,0.95,0.9,0.8,0.75,3 - Technicians and associate professionals,33 - Business and administration associate professionals,332 - Business services and administration associate professionals,,0.85,0.75,0.7,0.2,
24536,"M - Professional, scientific and technical activities",71 - Architectural and engineering activities; technical testing and analysis,711 - Architectural and engineering activities and related technical consultancy,7110 - Architectural and engineering activities and related technical consultancy,0.9,0.88,0.85,0.8,2 - Professionals,21 - Science and engineering professionals,214 - Engineering professionals,,0.98,0.95,0.9,0.15,
25204,L - Real estate activities,68 - Real estate activities,682 - Renting and operating of own or leased real estate,6820 - Renting and operating of own or leased real estate,0.95,0.93,0.9,0.85,1 - Managers,12 - Administrative and commercial managers,121 - Business services and administration managers,"1213 - Property, real estate and community association managers",0.85,0.7,0.6,0.5,
25387,I - Accommodation and food service activities,55 - Accommodation,551 - Short term accommodation activities (hotels and similar),"5510 - Short term accommodation activities (hotels, resorts and similar)",0.98,0.96,0.9,0.9,"6 - Skilled agricultural, forestry and fishery workers",61 - Market-oriented skilled agricultural workers,611 - Market gardeners and crop growers (closest minor group for gardeners/horticultural workers),,0.95,0.85,0.5,0.2,
24993,Q - Human health and social work activities,88 - Social work activities without accommodation,88.9 - Other social work activities without accommodation,88.99 - Other social work activities without accommodation n.e.c.,0.9,0.85,0.75,0.7,1 - Managers,13 - Production and specialised services managers (specialised services / program managers),134 - Specialised services managers (social and community service / program management),1343 - Social and community service managers (program/team leader in social/health services),0.99,0.85,0.8,0.78,
24868,H - Transportation and storage,52 - Warehousing and support activities for transportation,52.2 - Support activities for transportation,"52.29 - Other transportation support activities (e.g., freight forwarding, logistics support)",0.95,0.9,0.85,0.7,1 - Managers,13 - Production and specialised services managers,,,0.95,0.6,0.2,0.1,
25108,F - Construction,42 - Civil engineering,429 - Construction of other civil engineering projects,4290 - Construction of other civil engineering projects (not elsewhere classified),0.9,0.8,0.7,0.65,4 - Clerical support workers,43 - Numerical and material recording clerks,,,0.95,0.7,0.2,0.1,
25110,"M - Professional, scientific and technical activities",71 - Architectural and engineering activities; technical testing and analysis,712 - Engineering activities and related technical consultancy,7120 - Engineering activities and related technical consultancy,0.9,0.9,0.85,0.8,7 - Craft and related trades workers,"72 - Metal, machinery and related trades workers",723 - Motor vehicle mechanics and repairers (machinery mechanics/fitters),7231 - Motor vehicle mechanics and repairers,0.95,0.9,0.75,0.6,
25268,B - Mining and quarrying,07 - Mining of metal ores,072 - Mining of non-ferrous metal ores,,0.98,0.97,0.95,0.25,1 - Managers,13 - Production and specialized services managers,"132 - Mining, construction and similar managers",1322 - Mining and quarrying managers,0.9,0.88,0.82,0.6,
25039,U - Activities of extraterritorial organisations and bodies,99 - Activities of extraterritorial organisations and bodies,99.0 - Activities of extraterritorial organisations and bodies,99.00 - Activities of extraterritorial organisations and bodies,0.9,0.85,0.8,0.75,2 - Professionals,21 - Science and engineering professionals,214 - Environmental and occupational health and safety professionals,,0.95,0.7,0.55,0.15,
23356,N - Administrative and support service activities,,,,0.75,0.2,0.1,0.05,1 - Managers,,,,0.95,0.3,0.2,0.1,
25160,P - Education,85 - Education,853 - Higher education,8530 - Higher education,0.98,0.97,0.92,0.9,3 - Technicians and associate professionals,31 - Science and engineering associate professionals,311 - Physical and engineering science technicians,,0.9,0.85,0.65,0.25,
25360,K - Financial and insurance activities,"64 - Financial service activities, except insurance and pension funding",64.1 - Monetary intermediation,64.19 - Other monetary intermediation,0.95,0.9,0.8,0.7,2 - Professionals,22 - Health professionals,226 - Other health professionals,2263 - Environmental and occupational health and hygiene professionals,0.8,0.7,0.65,0.6,
25047,G - Wholesale and retail trade; repair of motor vehicles and motorcycles,45 - Wholesale and retail trade and repair of motor vehicles and motorcycles,453 - Wholesale trade of motor vehicle parts and accessories,4530 - Wholesale trade of motor vehicle parts and accessories (sale of motor vehicle parts and accessories),0.99,0.99,0.95,0.9,1 - Managers,"14 - Hospitality, retail and other services managers",142 - Retail and wholesale trade managers,1421 - Retail and wholesale trade managers,0.98,0.9,0.88,0.75,
25094,Q - Human health and social work activities,88 - Social work activities without accommodation,88.9 - Other social work activities without accommodation,88.99 - Other social work activities without accommodation n.e.c.,0.95,0.9,0.85,0.8,1 - Managers,13 - Production and specialised services managers,134 - Health and social services managers (group),"1349 - Other health and social services managers (e.g., social/welfare service managers, helpline managers)",0.95,0.8,0.7,0.65,
25223,F - Construction,43 - Specialised construction activities,"432 - Electrical, plumbing and other construction installation","4322 - Plumbing, heat and air-conditioning installation",0.95,0.95,0.95,0.95,3 - Technicians and associate professionals,31 - Science and engineering technicians,312 - Building and engineering technicians,3129 - Building and engineering technicians not elsewhere classified,0.9,0.75,0.7,0.55,
25011,G - Wholesale and retail trade; repair of motor vehicles and motorcycles,45 - Wholesale and retail trade and repair of motor vehicles and motorcycles,452 - Maintenance and repair of motor vehicles,4520 - Maintenance and repair of motor vehicles,0.95,0.95,0.95,0.9,4 - Clerical support workers,42 - Customer services clerks,422 - Client information clerks / Customer service clerks,4222 - Customer service clerks (client information/customer support role),0.85,0.75,0.7,0.6,
25398,H - Transportation and storage,52 - Warehousing and support activities for transportation,522 - Support activities for transportation,5223 - Service activities incidental to air transportation,0.95,0.93,0.9,0.92,8 - Plant and machine operators and assemblers,83 - Drivers and mobile plant operators,,,0.75,0.65,0.3,0.2,
25366,C - Manufacturing,10 - Manufacture of food products,107 - Manufacture of bakery products and farinaceous products,1071 - Manufacture of bread; manufacture of fresh pastry goods and cakes,0.98,0.97,0.93,0.9,7 - Craft and related trades workers,,,,0.9,0.25,0.2,0.15,
25327,B - Mining and quarrying,06 - Extraction of crude petroleum and natural gas,06.1 - Extraction of crude petroleum and natural gas,06.10 - Extraction of crude petroleum and natural gas,0.95,0.95,0.9,0.9,1 - Managers,,,,0.95,0.4,0.2,0.1,
22683,H - Transportation and storage,51 - Air transport,511 - Passenger air transport,5110 - Passenger air transport,0.95,0.95,0.9,0.85,4 - Clerical support workers,43 - Numerical and material recording clerks,432 - Material-recording clerks,4321 - Stock clerks and storekeepers,0.95,0.9,0.9,0.9,
25117,J - Information and communication,,,,0.45,0.2,0.1,0.05,3 - Technicians and associate professionals,35 - Information and communications technicians,351 - Information and communications technicians (operations and user support),3513 - ICT user support technicians,0.95,0.95,0.9,0.9,
25306,H - Transportation and storage,52 - Warehousing and support activities for transportation,522 - Support activities for transportation,5224 - Cargo handling,0.98,0.95,0.92,0.9,1 - Managers,13 - Production and specialised services managers,132 - Production and specialised services managers (including transport/logistics operations managers),1323 - Transport and logistics managers (stevedoring/port operations manager),0.98,0.75,0.65,0.55,
25066,H - Transportation and storage,52 - Warehousing and support activities for transportation,522 - Support activities for transportation,"5220 - Support activities for transportation (including freight forwarding, cargo handling, customs brokerage)",0.85,0.8,0.75,0.7,3 - Technicians and associate professionals,33 - Business and administration associate professionals,"332 - Supply, distribution and related business associate professionals (logistics and supply-chain support)","3322 - Logistics and distribution associate professionals (logistics coordinators, freight forwarders, supply-chain support)",0.9,0.85,0.7,0.6,
25130,G - Wholesale and retail trade; repair of motor vehicles and motorcycles,"47 - Retail trade, except of motor vehicles and motorcycles",477 - Retail sale of other goods in specialised stores,4778 - Other retail sale of new goods in specialised stores,0.95,0.95,0.9,0.75,7 - Craft and related trades workers,73 - Handicraft and printing workers,"731 - Precision workers in handicraft, including jewellery and related trades",7314 - Jewellery and related workers (interpreted to include trophy/engraving craftsmen and supervisors),0.8,0.65,0.55,0.5,
25218,P - Education,85 - Education,854 - Higher education (tertiary education),8540 - Higher education (tertiary education),0.98,0.96,0.9,0.85,1 - Managers,12 - Administrative and commercial managers,121 - Business services and administration managers,1219 - Business services and administration managers not elsewhere classified,0.95,0.8,0.7,0.55,
25133,H - Transportation and storage,52 - Warehousing and support activities for transportation,521 - Warehousing and storage,5210 - Warehousing and storage,0.95,0.92,0.9,0.9,4 - Clerical support workers,43 - Numerical and material recording clerks,432 - Material-recording clerks,4321 - Stock clerks and storekeepers,0.7,0.65,0.6,0.6,
25052,O - Public administration and defence; compulsory social security,84 - Public administration and defence; compulsory social security,,,0.95,0.95,0.4,0.2,1 - Managers,"11 - Chief executives, senior officials and legislators",,,0.95,0.85,0.4,0.2,
25131,P - Education,85 - Education,853 - Higher education,8530 - Higher education,0.9,0.95,0.9,0.9,2 - Professionals,"26 - Legal, social and cultural professionals","262 - Archivists, librarians and curators",2622 - Librarians and related information professionals,0.95,0.9,0.9,0.85,
24747,S - Other service activities,95 - Repair of computers and personal and household goods,951 - Repair of computers and personal and household goods,9511 - Repair of computers and peripheral equipment,0.85,0.8,0.8,0.75,3 - Technicians and associate professionals,35 - Information and communications technicians,351 - Information and communications technicians,3512 - Computer network and systems technicians,0.95,0.92,0.9,0.88,
24922,P - Education,85 - Education,853 - Higher education,8530 - Higher education,0.98,0.98,0.95,0.9,4 - Clerical support workers,41 - Office clerks,411 - General office clerks,4110 - General office clerks,0.9,0.88,0.82,0.75,
24359,B - Mining and quarrying,07 - Mining of metal ores,072 - Mining of non‑ferrous metal ores,0729 - Mining of other non‑ferrous metal ores,0.95,0.95,0.9,0.85,4 - Clerical support workers,43 - Numerical and material recording clerks,432 - Material-recording clerks,4322 - Transport clerks,0.88,0.8,0.85,0.7,
