job_id,isic_1digit,isic_2digit,isic_3digit,isic_4digit,isic_1digit_confidence,isic_2digit_confidence,isic_3digit_confidence,isic_4digit_confidence,isco_1digit,isco_2digit,isco_3digit,isco_4digit,isco_1digit_confidence,isco_2digit_confidence,isco_3digit_confidence,isco_4digit_confidence,classification_summary
24990,P - Education,85 - Education,853 - Higher education,8530 - Higher education,0.98,0.97,0.96,0.95,2 - Professionals,23 - Teaching professionals,231 - University and higher education teachers,2310 - University and higher education teachers,0.98,0.97,0.96,0.95,"The posting is for a university-level Lecturer in Food Technology, which maps clearly to ISIC Section P (Education) and ISIC class 8530 (Higher education), and to ISCO-08 unit group 2310 (University and higher education teachers). Classification confidence is high given the explicit job title and employer (a university), although the posting lacks detailed duties which would otherwise confirm subject-specialty nuances."
24991,P - Education,85 - Education,853 - Higher education,8530 - Higher education,0.99,0.98,0.97,0.95,2 - Professionals,23 - Teaching professionals,231 - University and higher education teachers,2310 - University and higher education teachers,0.99,0.98,0.97,0.95,"This posting explicitly advertises an academic teaching position (Professor / Associate Professor / Senior Lecturer in Physical Chemistry) at a university, which clearly corresponds to ISIC section P (Education) and ISIC class 8530 (Higher education). The occupation maps directly to ISCO-08 group 231 (University and higher education teachers); classification is therefore highly confident with minor uncertainty only at the most granular class/unit-group level due to possible variations in research vs. teaching emphasis."
25102,I - Accommodation and food service activities,56 - Food and beverage service activities,56.1 - Restaurants and mobile food service activities,56.10 - Restaurants and mobile food service activities,0.98,0.97,0.95,0.92,5 - Service and sales workers,51 - Personal service workers,512 - Cooks,5120 - Cooks,0.98,0.96,0.95,0.92,"This posting is for a Demi Chef de Partie at a hotel restaurant and therefore fits squarely within ISIC section I (Accommodation and food service activities), specifically food and beverage service (Division 56) and the restaurants class (56.10). The occupation is clearly a skilled cook role (ISCO unit group 5120 - Cooks), so the occupational classification is highly certain."
25071,P - Education,85 - Education,852 - Secondary education,8520 - Secondary education,0.98,0.98,0.96,0.95,2 - Professionals,23 - Teaching professionals,233 - Secondary education teachers,2330 - Secondary education teachers,0.98,0.97,0.96,0.95,"This posting is a clear match to the Education sector (ISIC Section P, Division 85) and specifically secondary education (ISIC 852/8520) because it seeks registered secondary teachers for FODE/Grade 12 instruction. The occupational classification aligns strongly with ISCO-08 Secondary Education Teachers (233/2330) given the described duties (teaching, assessment, mentoring) and required qualifications (Bachelor of Education, teaching registration)."
25125,H - Transportation and storage,52 - Warehousing and support activities for transportation,522 - Support activities for transportation,5220 - Service activities incidental to transportation,0.9,0.85,0.7,0.6,1 - Managers,12 - Administrative and commercial managers,121 - Business services and administration managers,1212 - Human resource managers,0.95,0.92,0.92,0.97,"The occupation is clearly classifiable as a Human Resource Manager (ISCO-08 unit group 1212) with high confidence because the posting explicitly describes HR leadership, recruitment, employee relations, and payroll responsibilities. The industry is best assigned to Transportation and Storage (ISIC Section H), specifically warehousing/support activities for transportation, reflecting the employer's maritime logistics and port services, but the exact 4‑digit ISIC class is less certain because the role is corporate HR (could alternatively be indexed to professional services or HR-specific establishments if classified by activity of the HR function rather than the employer's core maritime/logistics operations)."
25047,G - Wholesale and retail trade; repair of motor vehicles and motorcycles,45 - Wholesale and retail trade and repair of motor vehicles and motorcycles,453 - Sale of motor vehicle parts and accessories,4530 - Sale of motor vehicle parts and accessories,0.98,0.96,0.93,0.9,1 - Managers,"14 - Hospitality, retail and other services managers",142 - Retail and wholesale trade managers,1421 - Retail and wholesale trade managers,0.98,0.92,0.9,0.88,"This posting clearly describes a Parts Manager role focused on managing parts inventory, sales and a parts warehouse for an automotive company, which aligns well with ISIC 4530 (sale of motor vehicle parts and accessories) and ISCO-08 unit group 1421 (retail and wholesale trade managers). Classification is strong due to explicit references to parts sales, inventory control, supplier relations and warehouse management, with minor ambiguity only in whether the role sits inside retail/wholesale or service/repair operations (the posting emphasizes sales/parts distribution)."
25309,P - Education,85 - Education,854 - Higher education,8540 - Higher education,0.95,0.95,0.95,0.9,2 - Professionals,23 - Teaching professionals,231 - University and higher education teachers,2310 - University and higher education teachers,0.98,0.98,0.98,0.92,"The advertisement is clearly for an academic teaching role at a university and maps to ISIC Section P (Education), specifically Higher education (ISIC 854/8540). The occupation is a straightforward match to ISCO-08 University and higher education teachers (2310); confidence is high because the title and employer explicitly indicate a university lecturing position, with only minor uncertainty about rank/seniority."
25302,F - Construction,41 - Construction of buildings,412 - Construction of residential and non-residential buildings,4120 - Construction of residential and non-residential buildings,0.85,0.7,0.55,0.5,7 - Craft and related trades workers,"72 - Metal, machinery and related trades workers",723 - Motor vehicle mechanics and repairers,7231 - Motor vehicle mechanics and repairers,0.95,0.9,0.9,0.85,"The employer is described as operating in construction/real estate, so the economic activity is classified under ISIC Section F (Construction), specifically construction of buildings (Division 41), though this is inferred from the posting rather than explicit corporate registration. The occupation is clearly a junior motor/mechanical repair role (vehicle and equipment maintenance), which maps with high confidence to ISCO-08 unit group 7231 (motor vehicle mechanics and repairers)."
25364,P - Education,85 - Education,853 - Higher education,8530 - Higher education,0.99,0.98,0.97,0.95,2 - Professionals,23 - Teaching professionals,231 - University and higher education teachers,2310 - University and higher education teachers,0.98,0.96,0.94,0.92,"This posting is a university-level academic vacancy for a Senior Lecturer/Lecturer in Geology, so it maps clearly to ISIC class 8530 (Higher education) and ISCO unit group 2310 (University and higher education teachers). If the role were primarily research-only or entirely professional practice in geology rather than teaching, an alternative ISCO classification within science and engineering professionals could be considered, but the advertised teaching appointment makes the higher-education teaching classification most appropriate."
25072,H - Transportation and storage,49 - Land transport and transport via pipelines,494 - Freight transport by road,4941 - Freight transport by road,0.95,0.9,0.9,0.85,8 - Plant and machine operators and assemblers,83 - Drivers and mobile-plant operators,833 - Heavy truck and bus drivers,8332 - Heavy truck and lorry drivers,0.95,0.9,0.9,0.8,"This role is best classified within Transportation and Storage (ISIC H), specifically freight transport by road (ISIC 49.41), because the core duties are operating fuel tankers and performing deliveries. The occupation aligns with ISCO drivers (major group 8 → sub-major 83), most closely matching heavy truck/lorry drivers (ISCO 833/8332); the training component is secondary to the primary driving responsibilities."
25228,P - Education,85 - Education,853 - Higher education,8530 - Higher education,0.98,0.97,0.95,0.92,2 - Professionals,23 - Teaching professionals,231 - University and higher education teachers,2310 - University and higher education teachers,0.96,0.95,0.92,0.9,"This is clearly a higher-education teaching role (tutor) within a newly established School of Nursing, so classifying the employer activity as ISIC 8530 (Higher education) and the occupation as ISCO 2310 (University and higher education teachers) is appropriate. Confidence is high because the posting explicitly states a college-based nursing Bachelor program and describes substantive teaching, clinical education support and academic responsibilities."
24858,B - Mining and quarrying,07 - Mining of metal ores,072 - Mining of non-ferrous metal ores,0729 - Mining of other non-ferrous metal ores,0.95,0.95,0.9,0.85,2 - Professionals,24 - Business and administration professionals,241 - Accountants,2411 - Accountants,0.9,0.85,0.8,0.8,"The employer and role are clearly situated in the mining sector (gold mining), so ISIC classification to 'Mining of non‑ferrous metal ores' is well supported. The job tasks (cost control, budgeting, invoice review, ERP finance modules) and required accounting qualifications strongly indicate an accounting professional role (ISCO 'Accountants'), though some overlap with business analyst / financial analyst titles means unit‑group confidence is slightly lower."
25335,H - Transportation and storage,51 - Air transport,511 - Passenger air transport,5110 - Passenger air transport,0.95,0.98,0.98,0.95,4 - Clerical support workers,43 - Numerical and material recording clerks,431 - Accounting and bookkeeping clerks,4311 - Accounting and bookkeeping clerks,0.99,0.95,0.85,0.75,"This vacancy is for an accounts payable officer employed by an airline, so the economic activity is best classified as Air transport (ISIC H; Division 51, Passenger air transport class 5110). The occupation matches ISCO clerical accounting roles (Major group 4), most specifically accounting/bookkeeping clerks (431/4311) with high confidence for the major groups and somewhat lower confidence at the detailed unit-group level."
25092,I - Accommodation and food service activities,55 - Accommodation,551 - Hotels and similar accommodation,5510 - Hotels and similar accommodation,0.95,0.95,0.92,0.9,2 - Professionals,24 - Business and administration professionals,241 - Finance professionals,2411 - Accountants,0.95,0.9,0.88,0.85,"This vacancy is for an internal auditor embedded in a hotel (Crowne Plaza Residences), so the economic activity maps clearly to ISIC section I (Accommodation) and specifically hotels (5510). The occupational duties (income/ledger reconciliation, audits, internal controls) align well with ISCO finance/accounting professionals, most closely classified to 2411 Accountants (internal auditor functions within accounting)."
25240,B - Mining and quarrying,07 - Mining of metal ores,072 - Mining of non-ferrous metal ores,0729 - Mining of other non-ferrous metal ores,0.98,0.97,0.95,0.85,2 - Professionals,25 - Information and communications technology professionals,252 - Database and network professionals,2522 - Systems administrators,0.9,0.88,0.8,0.75,"The employer is an operating gold mine, so the economic activity clearly classifies to Mining and quarrying (ISIC B), specifically mining of non-ferrous metal ores. The role is an on-site senior IT support/administration position (leading technicians, maintaining networks/servers and IT systems), which best maps to ICT professionals—systems administrators (ISCO 2522), though some elements could also be classified under ICT technician categories depending on formal qualification levels."
25111,B - Mining and quarrying,07 - Mining of metal ores,072 - Mining of non-ferrous metal ores,0729 - Mining of other non-ferrous metal ores,0.99,0.96,0.92,0.9,2 - Professionals,21 - Science and engineering professionals,214 - Engineering professionals,2146 - Mining engineers,0.99,0.95,0.93,0.9,"This posting clearly describes an on-site mining engineer role at an open-pit gold operation, so industry classification within ISIC Rev.4 B (Mining and quarrying), specifically non‑ferrous metal ore mining, is appropriate. The occupational classification maps directly to ISCO-08 engineering professionals and specifically to mining engineers (2146), with high confidence based on duties (mine planning, drill & blast, scheduling) and required mining engineering qualifications."
25222,P - Education,85 - Education,853 - Higher education,8530 - Higher education,0.99,0.99,0.98,0.95,2 - Professionals,23 - Teaching professionals,231 - University and higher education teachers,2310 - University and higher education teachers,0.98,0.98,0.97,0.95,"This posting is clearly for an academic teaching role in architecture at a university, so it fits well under ISIC Section P (Education), Division 85, specifically higher education (8530). The occupation corresponds to ISCO-08 university and higher education teachers (231/2310) with high confidence given the title Lecturer/Senior Lecturer and the university employer."
25303,F - Construction,43 - Specialized construction activities,"432 - Electrical, plumbing and other construction installation","4322 - Plumbing, heat and air-conditioning installation",0.98,0.96,0.95,0.98,7 - Craft and related trades workers,71 - Building and related trades workers,713 - Building finishers and related trades workers,7132 - Plumbers and pipe fitters,0.99,0.96,0.9,0.95,"This posting is clearly for a plumber performing installation, maintenance and repair of plumbing systems within building works, so it maps well to ISIC Section F (Construction) and Class 4322 (Plumbing, heat and air-conditioning installation). The occupational match is also strong to ISCO major group 7 and unit group 7132 (Plumbers and pipe fitters); classification confidence is high given explicit duties and required qualifications."
25049,K - Financial and insurance activities,"65 - Insurance, reinsurance and pension funding, except compulsory social security",65.3 - Pension funding,65.30 - Pension funding,0.95,0.9,0.85,0.8,4 - Clerical support workers,43 - Numerical and material recording clerks,431 - Numerical clerks,4311 - Accounting and bookkeeping clerks,0.98,0.95,0.93,0.92,"The employer is a trustee managing a retirement/pension fund, so classifying the economic activity under ISIC K — Division 65 (pension funding, 65.30) is appropriate with moderate-to-high confidence. The role is explicitly an Accounts Payable Officer performing accounting and payment-processing tasks, so ISCO 4311 (Accounting and bookkeeping clerks) is a clear and high-confidence occupational match."
25073,H - Transportation and storage,49 - Land transport and transport via pipelines,494 - Freight transport by road,4941 - Freight transport by road,0.99,0.98,0.95,0.85,8 - Plant and machine operators and assemblers,83 - Drivers and mobile-plant operators,"833 - Car, van and heavy truck drivers (drivers of large road vehicles)",8332 - Heavy truck and lorry drivers,0.98,0.97,0.9,0.75,"This posting is for a heavy rigid/semi fuel tanker driver engaged in road freight transport, so it best fits ISIC Section H (49 — land transport) and the ISCO driver categories. Section- and submajor-level classifications are highly certain; the exact 4-digit ISIC/ISCO class codes are very likely but given slight variation in code labeling across sources the unit-group (4-digit) confidences are a bit lower."
25131,P - Education,85 - Education,85.4 - Higher education,85.41 - Higher education,0.98,0.97,0.95,0.88,2 - Professionals,"26 - Legal, social and cultural professionals","262 - Librarians, archivists and curators",2621 - Librarians,0.96,0.94,0.92,0.85,"This posting is clearly for a librarian position within a university (higher education), so ISIC classification as Education (higher education) is appropriate. The occupation maps to ISCO as a librarian (professional level) — the exact 4-digit unit is likely but not certain without the candidate qualifications/requirements. "
24737,B - Mining and quarrying,07 - Mining of metal ores,072 - Mining of non-ferrous metal ores,,0.98,0.95,0.9,0.3,2 - Professionals,21 - Science and engineering professionals,214 - Engineering professionals,2146 - Mining engineers,0.95,0.9,0.9,0.95,"This posting is for a Senior Mining Engineer at an operating gold mine, which clearly places it in Mining and quarrying (ISIC Section B), specifically mining of metal ores (Division 07) and non‑ferrous metal ores (Group 072). The occupational classification is a close match to ISCO-08 unit group 2146 (Mining engineers); the ISIC 4‑digit class was left null because precise class assignment for gold mining requires more granular ISIC coding information."
25098,F - Construction,42 - Civil engineering,429 - Construction of other civil engineering projects,4290 - Construction of other civil engineering projects,0.95,0.85,0.7,0.6,2 - Professionals,24 - Business and administration professionals,241 - Finance professionals,2411 - Accountants,0.95,0.9,0.85,0.8,"The employer is a construction company, so the economic activity is classified under ISIC Section F (Construction), most likely Civil Engineering (Division 42). The role is a Management Accountant — clearly an accounting/finance professional — and maps to ISCO-08 Finance professionals with the most specific match being Accountants (2411); minor uncertainty exists only in the precise ISIC 3- and 4-digit subclass of construction activity."
25274,P - Education,85 - Education,853 - Higher education,8530 - Higher education,0.98,0.98,0.99,0.99,2 - Professionals,23 - Teaching professionals,231 - University and higher education teachers,2310 - University and higher education teachers,0.98,0.97,0.98,0.98,"This posting is clearly for an academic position at a university, so classification to ISIC Rev.4 'Higher education' (853 / 8530) and ISCO-08 'University and higher education teachers' (231 / 2310) is highly confident. The job description explicitly states postgraduate teaching, supervision and research duties at Pacific Adventist University, leaving little ambiguity about industry or occupation."
24602,B - Mining and quarrying,07 - Mining of metal ores,072 - Mining of non-ferrous metal ores,0729 - Mining of other non-ferrous metal ores,0.99,0.98,0.95,0.9,2 - Professionals,21 - Science and engineering professionals,211 - Physical and earth science professionals,2113 - Geologists and geophysicists,0.99,0.96,0.95,0.95,"This vacancy is clearly for a geoscience professional working for a mining company (gold mine), so classification to ISIC Section B (Mining and quarrying) and ISCO Professionals → Physical and earth science professionals is highly appropriate. The posting gives explicit duties (exploration, drilling, sampling, resource evaluation) and qualifications (degree in Geology/Geoscience, 7+ years), so occupational and industry classifications are assigned with high confidence; minor uncertainty remains only at the most detailed ISIC/ISCO subclass levels."
25252,B - Mining and quarrying,07 - Mining of metal ores,072 - Mining of non‑ferrous metal ores,,0.99,0.95,0.9,0.3,8 - Plant and machine operators and assemblers,81 - Stationary plant and machine operators,811 - Stationary plant and machine operators (incl. mining control-room operators),,0.95,0.7,0.5,0.2,"This role is clearly within the mining sector (open‑pit gold mining) and therefore maps to ISIC section B and division 07 (mining of metal ores) with high confidence; the exact 4‑digit ISIC class for the specific metal/mineral was not asserted due to lack of an explicit mineral name in the posting. The occupation is best classified among plant and machine operators (ISCO major group 8), specifically stationary plant/control‑room operators, but precise assignment to a single ISCO 4‑digit unit group is uncertain from the job text."
25180,F - Construction,41 - Construction of buildings,412 - Construction of residential and non-residential buildings,4120 - Construction of residential and non-residential buildings,0.95,0.9,0.8,0.7,4 - Clerical support workers,41 - General and keyboard clerks,411 - General office clerks,4110 - General office clerks,0.9,0.8,0.7,0.6,"The employer and job description clearly place this role within the construction industry (building projects/supporting project delivery), so ISIC classification at the section and division levels is strong. The occupation maps well to clerical/administrative support (general office clerks) but the precise ISCO 4-digit unit is less certain because the role is project-specific within construction rather than a generic office-posting."
25298,I - Accommodation and food service activities,55 - Accommodation,551 - Accommodation,5510 - Short-term accommodation activities,0.98,0.96,0.9,0.88,1 - Managers,"14 - Hospitality, retail and other services managers",141 - Hotel and restaurant managers,,0.95,0.9,0.75,0.3,"The job is clearly within the accommodation/hotel sector (ISIC Section I, Division 55, Class 5510) as it is a laundry management role in a hotel. Occupationally it fits broadly under hospitality managers (ISCO major group 1 and sub-major 14), though the exact ISCO unit group for an assistant laundry/housekeeping manager is not explicitly specified in ISCO-08, so the 4-digit occupation code is left unspecified with lower confidence."
25118,B - Mining and quarrying,07 - Mining of metal ores,072 - Mining of non-ferrous metal ores,0729 - Mining of other non-ferrous metal ores,0.95,0.95,0.9,0.85,3 - Technicians and associate professionals,31 - Science and engineering technicians,313 - Mechanical engineering technicians,3131 - Mechanical engineering technicians,0.9,0.85,0.75,0.6,"The employer is a gold mining operation (Simberi Gold), so the ISIC classification B / 07 / 072 / 0729 (mining of non‑ferrous metal ores; other non‑ferrous metal ores) fits the posting well. The role is a technical maintenance/planning position working on mining plant and rotating equipment, best mapped to ISCO as a mechanical/maintenance engineering technician (Technicians and associate professionals → Science and engineering technicians → Mechanical engineering technicians), though it has some supervisory and planning elements that could overlap with managerial codes."
25181,F - Construction,43 - Specialized construction activities,,,0.95,0.9,0.4,0.2,7 - Craft and related trades workers,"72 - Metal, machinery and related trades workers","721 - (Welders, flame-cutters and related trades) [minor group]","7212 - Welders and flame cutters (unit group, approximate)",0.95,0.9,0.75,0.6,"This vacancy is best classified under ISIC Section F (Construction) and the ISCO craft/metal trades hierarchy because it is an assistant role supporting welding and fabrication work on construction projects. The high-level classifications are confident, while specific 3- and 4-digit ISIC/ISCO codes are less certain because the posting does not make fully clear whether the role is site-based construction welding or workshop fabrication (which could affect the precise class/unit-group)."
24917,"M - Professional, scientific and technical activities",73 - Advertising and market research,731 - Advertising,7310 - Advertising,0.9,0.92,0.9,0.85,5 - Service and sales workers,52 - Sales workers,522 - Shop salespersons and demonstrators,5223 - Sales demonstrators and merchandisers,0.95,0.9,0.8,0.6,"The employer provides merchandising, marketing and promotional services, which corresponds well to ISIC class 7310 (Advertising) under Section M. The role is clearly a sales/merchandising worker (ISCO major group 5 → sales workers), though the exact 4‑digit ISCO unit group for 'merchandiser' is less certain so the granular occupation code has reduced confidence."
25035,P - Education,85 - Education,85.4 - Higher (tertiary) education,85.42 - Tertiary education,0.9,0.9,0.8,0.65,2 - Professionals,22 - Health professionals,222 - Nursing and midwifery professionals,2221 - Nursing professionals,0.98,0.98,0.97,0.95,"Economically, the employer is a university so the job posting is best classified under ISIC Section P (Education), specifically tertiary/higher education (85.42). Occupationally the role is unambiguous: a registered nurse providing clinical services maps to ISCO-08 unit group 2221 (Nursing professionals); note a possible alternative ISIC classification (Section Q, human health activities) if the clinic itself were classified separately from the university's primary educational activity."
24853,Q - Human health and social work activities,86 - Human health activities,869 - Other human health activities,8690 - Other human health activities,0.9,0.85,0.7,0.6,8 - Plant and machine operators and assemblers,83 - Drivers and mobile-plant operators,833 - Drivers,"8333 - Car, taxi and van drivers",0.95,0.9,0.9,0.85,"The occupation is clearly that of a driver (transporting passengers and goods, vehicle checks, 4x4 experience), so the ISCO classification is high-confidence. The employer (Médecins Sans Frontières) is a medical/humanitarian organisation, so classifying the economic activity under Human health and social work activities (ISIC Q, Division 86) is reasonable, though there is some ambiguity because the role is a logistics/transport function within the organisation (which could also be seen as transport activities under ISIC H at a lower confidence)."
25116,F - Construction,42 - Civil engineering,422 - Construction of utility projects,4220 - Construction of utility projects,0.95,0.9,0.85,0.8,1 - Managers,13 - Production and specialised services managers,133 - Production and specialised services managers,1331 - Construction managers,0.98,0.9,0.85,0.9,"This posting is best classified under ISIC Section F (Construction), specifically civil engineering/utility construction (4220), because it describes an EPC construction Project Manager for fuel/aviation infrastructure. Occupationally it maps well to ISCO-08 as a Construction Manager (1331) given the on-site multi-discipline supervision and project delivery responsibilities; minor ambiguity exists because the employer also offers engineering consultancy services, which could point to professional/technical activities for some roles."
24826,B - Mining and quarrying,07 - Mining of metal ores,,,0.95,0.95,0.4,0.2,2 - Professionals,21 - Science and engineering professionals,214 - Engineering professionals,2142 - Electrical engineers,0.98,0.95,0.92,0.96,"This posting is for an Electrical Engineer responsible for power generation and distribution at a gold mine operated by K92 Mining, so the employer's primary economic activity is mining (metal ores). The occupational classification is clearly an electrical engineering professional (ISCO-08 unit group 2142); more detailed ISIC 3- and 4-digit assignment is less certain from the posting text so only the section and division are given with high confidence."
25361,F - Construction,42 - Civil engineering,429 - Construction of other civil engineering projects,4290 - Construction of other civil engineering projects,0.95,0.9,0.8,0.75,2 - Professionals,24 - Business and administration professionals,241 - Finance professionals,2411 - Accountants,0.98,0.97,0.95,0.95,"The occupation is clearly classifiable as an accounting professional (Accountant) based on the job title and duties, so ISCO mapping is highly confident. The employer is a construction civil-engineering contractor, making the ISIC classification into Construction → Civil engineering appropriate, though precise 4-digit class is slightly less certain without details of specific civil engineering project types."
25257,J - Information and communication,"62 - Computer programming, consultancy and related activities","620 - Computer programming, consultancy and related activities",6209 - Other information technology and computer service activities,0.95,0.9,0.8,0.7,2 - Professionals,25 - Information and communications technology professionals,252 - Database and network professionals,2522 - Systems administrators,0.95,0.9,0.85,0.9,"This posting is for an IT/network administration role best placed in ISIC Section J (Information and communication), specifically within Division 62; class 6209 (other IT and computer service activities) fits the described operational IT support duties. Occupationally, the duties match ISCO-08 unit group 2522 (Systems administrators) with high confidence, though there is some overlap with ICT support technician categories if the role is more junior or purely user-support focused."
25220,I - Accommodation and food service activities,56 - Food and beverage service activities,561 - Restaurants and mobile food service activities,5610 - Restaurants and mobile food service activities,0.95,0.95,0.9,0.9,1 - Managers,"14 - Hospitality, retail and other services managers",141 - Hotel and restaurant managers,1412 - Restaurant managers,0.98,0.96,0.92,0.92,"This posting is a clear fit for Accommodation and food service activities (ISIC I, Division 56) and specifically Restaurants and mobile food service activities (5610). The role is unambiguously a Restaurant Manager (ISCO-08 unit group 1412) based on duties like FOH leadership, rostering, cash control, stock and P&L responsibilities; confidence is high at broad levels and slightly lower at the most specific 4‑digit level only where minor local variation in class definitions could occur."
25032,S - Other service activities,94 - Activities of membership organisations,949 - Other membership organisations,9499 - Other membership organisations n.e.c.,0.88,0.86,0.74,0.6,1 - Managers,"11 - Chief executives, senior officials and legislators",111 - Chief executives and senior officials,1110 - Chief executives,0.98,0.95,0.9,0.85,"The role is clearly an executive/leadership position and maps well to ISCO-08 Managers (chief executive) at all digit levels. The employer is an NGO/development organisation; the best ISIC Rev.4 fit is within Section S (Activities of membership organisations / other service activities), though some NGOs can alternatively be recorded under related social service categories depending on specific activities and funding arrangements, so lower-digit (3–4) classification confidence is reduced."
25174,P - Education,85 - Education,853 - Higher education,8530 - Higher education,0.95,0.95,0.9,0.9,2 - Professionals,23 - Teaching professionals,231 - University and higher education teachers,2310 - University and higher education teachers,0.95,0.95,0.9,0.9,"This posting is clearly for a tertiary-level teaching role at an educational institute, so classification under ISIC Section P (Education), Division 85, Group/Class 853/8530 (Higher education) is appropriate. The occupation matches ISCO-08 group 231 (University and higher education teachers) with high confidence given the explicit requirement for a lecturer in a tertiary institution."
25113,C - Manufacturing,10 - Manufacture of food products,"106 - Manufacture of grain mill products, starches and starch products",1061 - Manufacture of grain mill products,0.98,0.96,0.85,0.75,3 - Technicians and associate professionals,31 - Science and engineering technicians,311 - Physical and engineering science technicians (including chemical/quality technicians),3111 - Chemical and physical science technicians (quality control / laboratory technicians),0.98,0.9,0.8,0.7,"This role is best classified within Manufacturing (ISIC C), specifically food production and more narrowly grain-milling/food-processing (ISIC 10 / 106 / 1061) because Trukai is an FMCG food processor and the role focuses on incoming raw-material quality control. Occupationally, the job fits the ISCO technicians category (Major group 3), most closely a science/quality laboratory technician (ISCO 311 / unit 3111), though the exact 4-digit unit may vary by national coding conventions and scope of duties."
24958,B - Mining and quarrying,09 - Support activities for mining and quarrying,099 - Support activities for other mining and quarrying,0990 - Support activities for other mining and quarrying,0.99,0.9,0.85,0.85,8 - Plant and machine operators and assemblers,81 - Stationary plant and machine operators,,,0.95,0.75,0.25,0.1,"This posting is clearly for a drilling role within a gold-mining operation; classifying the activity under ISIC Section B and specifically Division 09 (support activities for mining) is appropriate given the exploration/core-sampling focus. The occupational classification into ISCO major group 8 (plant and machine operators) is well supported, but the job posting lacks the precise ISCO unit-group wording required to assign a confident 3- or 4-digit ISCO code for a 'driller' role."
25305,F - Construction,43 - Specialized construction activities,433 - Building completion and finishing,4330 - Building completion and finishing,0.99,0.98,0.97,0.95,7 - Craft and related trades workers,71 - Building and related trades workers,712 - Building finishers and related trades workers,7122 - Floor layers and tile setters,0.99,0.97,0.95,0.95,"The job is clearly in the construction sector (specialized construction activities), specifically building completion and finishing, and matches ISIC class 4330. The occupation description and duties correspond directly to ISCO-08 unit group 7122 (floor layers and tile setters), so classification is assigned with high confidence."
25060,O - Public administration and defence; compulsory social security,84 - Public administration and defence; compulsory social security,841 - General public administration activities,8411 - Executive and legislative organs and general public administration activities,0.99,0.98,0.9,0.85,2 - Professionals,"26 - Legal, social and cultural professionals",261 - Legal professionals,2611 - Lawyers,0.98,0.95,0.95,0.9,"This role is a provincial government legal officer providing legal advice and legislative drafting within provincial public administration, so it aligns with ISIC Section O (Division 84), most closely with general public administration activities (841/8411). The occupational match is strong to ISCO-08 as a legal professional (Lawyer, 2611); industry 4-digit classification is slightly less certain only because sub-class distinctions within public administration can vary by country and organizational reporting lines."
24966,K - Financial and insurance activities,"64 - Financial service activities, except insurance and pension funding",641 - Monetary intermediation,6419 - Other monetary intermediation,0.98,0.96,0.85,0.82,1 - Managers,"11 - Chief executives, senior officials and legislators",112 - Managing directors and chief executives,1120 - Managing directors and chief executives,0.95,0.8,0.65,0.6,"This is a board-level, governance role for a savings & loans financial institution, so the economic activity clearly maps to Financial and insurance activities (ISIC K), specifically monetary intermediation (ISIC 641/6419). The occupational match is within Managers (ISCO Major Group 1) and most closely aligns with top management/chief executive classifications (ISCO 11/112), although as a non-executive director — a governance/oversight role rather than an operational chief executive — the precise 4-digit ISCO mapping is somewhat uncertain."
25162,B - Mining and quarrying,07 - Mining of metal ores,072 - Mining of non-ferrous metal ores,0729 - Mining of other non-ferrous metal ores,0.99,0.99,0.98,0.95,3 - Technicians and associate professionals,31 - Science and engineering technicians,313 - Electrical and electronic engineering technicians,3132 - Electrical engineering technicians,0.9,0.86,0.86,0.8,"This is a mining (metal ores — gold) employer posting for an on-site electrical/mechanical technician responsible for power distribution, electrical maintenance and servicing of mobile and underground mining equipment. Industry classification is highly certain (mining of non‑ferrous metal ores), and the occupational fit to electrical engineering technician (installation, maintenance and testing of electrical systems in a mining environment) is strong though exact four‑digit ISCO mappings carry slightly lower confidence due to limited nuance about supervisory scope or specialized trade subclass."
25117,"A - Agriculture, forestry and fishing","01 - Crop and animal production, hunting and related service activities",,,0.65,0.6,0.3,0.2,3 - Technicians and associate professionals,35 - Information and communications technicians,351 - Information and communications technicians,3513 - Computer user support technicians,0.95,0.9,0.85,0.85,"The occupation is clearly an ICT support role (Computer user support technician) and maps well to ISCO-08 group 3513 with high confidence. The employer appears to be an agricultural/manufacturing estate (Carpenter Agricultural and Manufacturing Limited), so the industry was classified to ISIC section A (crop/animal production) with moderate confidence; more precise ISIC 3- and 4-digit assignment is uncertain from the posting alone."
23356,C - Manufacturing,,,,0.6,0.2,0.15,0.1,1 - Managers,12 - Administrative and commercial managers,121 - Business services and administration managers,1212 - Human resource managers,0.95,0.9,0.9,0.9,"The occupation is clearly a human resources manager-level role (HR Assistant Manager) and maps well to ISCO-08 unit group 1212 (Human resource managers) with high confidence. The employer’s industry is less certain from the posting — the company name references Agriculture & Manufacturing, so I assign ISIC section C (Manufacturing) with moderate confidence but cannot reliably determine more detailed ISIC digits from the information provided."
25010,G - Wholesale and retail trade; repair of motor vehicles and motorcycles,45 - Wholesale and retail trade and repair of motor vehicles and motorcycles,451 - Sale of motor vehicles,4510 - Sale of motor vehicles,0.98,0.95,0.9,0.85,5 - Service and sales workers,52 - Sales workers,522 - Shop salespersons and demonstrators,,0.95,0.9,0.8,0.2,"The job is clearly a retail motor-vehicle sales role (representing and selling Ford) and fits ISIC Section G, Division 45, Class 4510 (sale of motor vehicles) with high confidence. The occupation is a frontline automotive sales consultant mapping to ISCO major group 5 and sub-major 52 (sales workers); the 3-digit group for shop/retail sales (522) is a good fit, while the exact 4-digit unit group cannot be determined with high certainty from the posting."
25172,I - Accommodation and food service activities,55 - Accommodation,551 - Hotels and similar accommodation,5510 - Hotels and similar accommodation,0.95,0.93,0.9,0.88,1 - Managers,"14 - Hospitality, retail and other services managers",142 - Retail managers,1421 - Shop managers,0.95,0.85,0.75,0.6,"The employer is a hotel (Crowne Plaza Residences) and the vacancy is for a supervisor of an on‑site convenience/shop supporting the Food & Beverage department, so classifying the economic activity as Accommodation (ISIC I / 55 / 5510) is highly appropriate. The role is clearly supervisory/managerial within retail/hospitality, so mapping to ISCO Managers — specifically retail/shop manager — is reasonable, though the precise 4‑digit unit group is somewhat less certain because internal hotel shop supervisor titles can map either to hospitality management or retail management classifications."
25258,G - Wholesale and retail trade; repair of motor vehicles and motorcycles,45 - Wholesale and retail trade and repair of motor vehicles and motorcycles,452 - Maintenance and repair of motor vehicles,4520 - Maintenance and repair of motor vehicles,0.98,0.98,0.99,0.95,7 - Craft and related trades workers,"72 - Metal, machinery and related trades workers",723 - Motor vehicle mechanics and repairers,7231 - Motor vehicle mechanics and repairers,0.98,0.95,0.95,0.9,"This is a clear listing for a motor vehicle technician performing maintenance, diagnosis and repair of vehicles, which maps directly to ISIC class 4520 (maintenance and repair of motor vehicles) and ISCO unit group 7231 (motor vehicle mechanics and repairers). The job description provides sufficient detail (tasks, qualifications, and context) to classify confidently at the 1–3 digit levels for both ISIC and ISCO and with high confidence at the 4-digit/unit-group level as well."
25090,G - Wholesale and retail trade; repair of motor vehicles and motorcycles,45 - Wholesale and retail trade and repair of motor vehicles and motorcycles,452 - Maintenance and repair of motor vehicles,4520 - Maintenance and repair of motor vehicles,0.95,0.96,0.96,0.95,7 - Craft and related trades workers,"72 - Metal, machinery and related trades workers",723 - Motor vehicle mechanics and repairers,7231 - Motor vehicle mechanics and repairers,0.98,0.95,0.92,0.85,"This posting is clearly for a mechanic performing maintenance and repair of vehicles and heavy equipment, which fits well within ISIC class 4520 (maintenance and repair of motor vehicles) and ISCO as motor vehicle mechanics and repairers. Classification is highly certain at the ISIC section/division/group levels and ISCO major/sub-major/minor levels; there is slightly lower confidence at the most specific ISCO unit-group level because the role spans light vehicle and heavy machinery mechanics (broad skillset across sub-specialties)."
24732,B - Mining and quarrying,07 - Mining of metal ores,072 - Mining of non‑ferrous metal ores,0729 - Mining of other non‑ferrous metal ores,0.99,0.98,0.95,0.85,2 - Professionals,21 - Science and engineering professionals,214 - Engineering professionals,2146 - Mining engineers,0.99,0.96,0.95,0.9,"This posting is clearly for a mining company (gold mine) and fits ISIC section B, specifically mining of non‑ferrous metal ores (gold). The role is a mining engineering professional responsible for underground mine planning and operations, so the ISCO classification as Mining Engineer (2146) is highly appropriate; minor ambiguity exists only because the informal industry label included ""Oil and Gas,"" but the company and duties are explicitly mining. "
24985,H - Transportation and storage,50 - Water transport,501 - Sea and coastal water transport,5010 - Sea and coastal water transport,0.95,0.85,0.8,0.75,1 - Managers,12 - Administrative and commercial managers,121 - Business services and administration managers,1212 - Human resource managers,0.95,0.9,0.85,0.8,"The vacancy is for an Assistant Crewing Manager at a maritime/shipping company so the employer activity most plausibly falls under ISIC Section H (Transportation and storage), specifically Division 50 (water transport). The role is a managerial HR/crewing position (ISCO major group 1) best matched to Human Resource Managers (1212), though there is moderate uncertainty at the most detailed ISIC and ISCO digits because the posting describes HR/administrative support for vessel crewing rather than operational vessel transport duties."
24988,B - Mining and quarrying,07 - Mining of metal ores,072 - Mining of non-ferrous metal ores,,0.98,0.95,0.92,0.25,3 - Technicians and associate professionals,31 - Physical and engineering science associate professionals,311 - Physical and engineering science technicians,3112 - Mining technicians,0.92,0.85,0.8,0.45,"This vacancy is clearly for a mineral processing/plant technician at a gold mining operation, so classifying the industry as mining (ISIC B, Division 07) and the occupation among technicians (ISCO major group 3, sub-major 31 and minor 311) is well-supported. Precise mapping to a single ISIC 4-digit class and the exact ISCO unit group is less certain from the job text alone (hence lower confidence for the most granular codes)."
25269,B - Mining and quarrying,07 - Mining of metal ores,072 - Mining of non‑ferrous metal ores,0729 - Mining of other non‑ferrous metal ores,0.98,0.96,0.9,0.8,2 - Professionals,21 - Science and engineering professionals,214 - Engineering professionals,2143 - Electrical engineers,0.95,0.92,0.88,0.8,"This posting is for a Senior Electrical Engineer working for a gold mining company (Kainantu Mine), so the economic activity is mining of non‑ferrous metal ores (ISIC B/07/072/0729). The occupation is a professional electrical engineering role responsible for high‑voltage power systems and project delivery, corresponding to ISCO-08 Engineering professionals / Electrical engineers (2/21/214/2143)."
24969,"A - Agriculture, forestry and fishing","01 - Crop and animal production, hunting and related service activities",014 - Raising of animals,0149 - Raising of other animals (n.e.c.),0.7,0.7,0.6,0.4,1 - Managers,"11 - Chief executives, senior officials and legislators",112 - Managing directors and chief executives,1120 - Managing directors and chief executives,0.98,0.9,0.85,0.8,"The occupation is a strong fit to ISCO-08 managerial classes (Managing Director / General Manager) with high confidence. The employer’s activity is diversified across agriculture, wholesale and other commercial ventures; I have classified the enterprise under ISIC Section A (agriculture) based on the prominent agricultural and animal-production responsibilities described, but the industry assignment is somewhat uncertain given the multi-division nature of the business."
25160,P - Education,85 - Education,854 - Higher education,8541 - Higher education,0.99,0.98,0.97,0.9,3 - Technicians and associate professionals,31 - Science and engineering associate professionals,311 - Physical and engineering science technicians,3113 - Surveying and mapping technicians (surveying technical officer),0.97,0.9,0.85,0.6,"The employer is a university, so the activity is best classified under ISIC Section P (Education), specifically higher education (8541) with high confidence. The role is a technical surveying officer — it fits within ISCO major group 3 (technicians and associate professionals) and more specifically the physical/engineering science technicians category, though the exact 4-digit unit group mapping to a 'Principal Technical Officer – Surveying' is less certain (mid confidence)."
25234,J - Information and communication,"62 - Computer programming, consultancy and related activities","620 - Computer programming, consultancy and related activities",,0.95,0.9,0.75,0.25,1 - Managers,12 - Administrative and commercial managers,122 - Sales and marketing managers,1222 - Sales and marketing managers,0.98,0.95,0.88,0.7,"This posting is for a Sales & Marketing Manager at an information technology company, so the economic activity is best classified under ISIC Section J (Information and communication), specifically Division 62 (computer programming/IT services). The occupation maps clearly to ISCO-08 Managers > Administrative and commercial managers > Sales and marketing managers, while finer-grained ISIC class-level coding is less certain from the posting alone."
25155,P - Education,85 - Education,853 - Higher education,8530 - Higher education,0.95,0.95,0.9,0.85,2 - Professionals,"26 - Legal, social and cultural professionals","262 - Librarians, archivists and curators",2621 - Librarians and related information professionals,0.9,0.85,0.8,0.7,"This is a university library position (Senior Library Officer — Circulation Services) and is most appropriately classified under ISIC section P (Education), specifically higher education (853/8530). The occupational classification maps to ISCO-08 for librarians and related information professionals (major group 2, minor group 262), though the exact 4-digit unit may vary if the role is more of a technician/administrative support post rather than a professional librarian, so the unit-group assignment is somewhat less certain."
24185,H - Transportation and storage,49 - Land transport and transport via pipelines,,,0.95,0.9,0.25,0.15,8 - Plant and machine operators and assemblers,83 - Drivers and mobile-plant operators,833 - Heavy truck and bus drivers (minor group),8332 - Heavy truck and lorry drivers (unit group),0.95,0.9,0.75,0.6,"This posting is clearly for heavy vehicle (Class 6) drivers engaged in loading, securing and transporting freight, so it maps confidently to ISIC section H and ISCO major group 8/sub-major 83. Precise ISIC 3- and 4-digit codes are less certain from the ad alone (could be class(es) under division 49 for freight transport by road), while the ISCO minor/unit group mapping to heavy truck/lorry drivers is a reasonable fit given the duties and license requirement."
25016,G - Wholesale and retail trade; repair of motor vehicles and motorcycles,45 - Wholesale and retail trade and repair of motor vehicles and motorcycles,451 - Sale of motor vehicles,4510 - Sale of motor vehicles,0.98,0.96,0.95,0.92,5 - Service and sales workers,52 - Sales workers,522 - Shop salespersons and demonstrators,5221 - Shop salespersons and demonstrators,0.95,0.92,0.75,0.65,"This is a dealership sales role selling motor vehicles and related products, which maps clearly to ISIC section G, division 45 (sale of motor vehicles) with high confidence. The occupation is a sales worker in retail/dealership settings (ISCO major group 5, sales workers); the 4-digit unit group chosen (5221 shop salespersons and demonstrators) is a good fit for car sales consultants though there is modest uncertainty at the most detailed ISCO level because national/industry-specific job titling can vary."
24525,H - Transportation and storage,51 - Air transport,511 - Passenger air transport,5110 - Passenger air transport,0.95,0.9,0.85,0.7,4 - Clerical support workers,42 - Customer and information clerks,422 - Client information clerks,4222 - Travel consultants and clerks,0.9,0.85,0.75,0.6,"The employer is a domestic airline, so the economic activity clearly falls under Transportation and storage (ISIC H), specifically Air transport (Division 51) with a good match to Passenger air transport. The role is an administrative/clerical position focused on travel booking and accommodation (customer-facing, travel-agent type tasks), so it maps best to ISCO clerical/customer-information categories (major group 4 → travel consultant/clerical unit), though the exact 4-digit ISCO unit may vary by national interpretation and therefore has lower confidence."
25387,I - Accommodation and food service activities,55 - Accommodation,551 - Short term accommodation activities,5510 - Short term accommodation activities,0.98,0.96,0.92,0.9,"6 - Skilled agricultural, forestry and fishery workers",61 - Market-oriented skilled agricultural workers,611 - Market gardeners and crop growers,,0.95,0.9,0.85,0.2,"The employer is a hotel (Crowne Plaza Residences), so the economic activity clearly falls under ISIC section I (Accommodation and food service activities), specifically short-term accommodation (55/551/5510). The job is a gardener role that fits within ISCO major group 6 (skilled agricultural, forestry and fishery workers) and the market-gardener/horticultural minor group, though the exact 4-digit ISCO unit group is not determined from the posting."
25023,S - Other service activities,94 - Activities of membership organisations,94.9 - Other membership organisations,94.99 - Activities of other membership organisations n.e.c.,0.9,0.9,0.8,0.7,4 - Clerical support workers,43 - Numerical and material recording clerks,431 - Numerical and material recording clerks,4311 - Stock clerks and order fillers,0.95,0.9,0.9,0.8,"This role is with an international humanitarian NGO (MAG) performing logistics, procurement, asset/inventory management and office administration, which maps reasonably to ISIC Section S (activities of membership/other organisations), with the most specific match at class 94.99 for other membership organisations. Occupationally, the duties (inventory control, goods receipt/dispatch, procurement record-keeping) align best with ISCO-08 clerical material-recording roles, notably Stock clerks and order fillers (4311), although the job title 'Officer' and some administrative tasks could also point to higher administrative classifications in some contexts."
25315,"M - Professional, scientific and technical activities",70 - Activities of head offices; management consultancy activities,702 - Management consultancy activities,7020 - Management consultancy activities,0.95,0.9,0.9,0.85,1 - Managers,12 - Administrative and commercial managers,121 - Business services and administration managers,,0.9,0.8,0.65,0.35,"This role is a managerial position responsible for designing and administering donor-funded grants within a consultancy-style development program, which maps well to ISIC section M, Division 70 (management consultancy/ program delivery). The occupational placement as a manager (ISCO major group 1, administrative/business services managers) is appropriate, though an exact unit-group (4-digit) assignment is less certain because job titles and remit span program/project management and grants administration functions."
24919,B - Mining and quarrying,07 - Mining of metal ores,072 - Mining of non-ferrous metal ores,0729 - Mining of other non-ferrous metal ores,0.99,0.97,0.95,0.75,1 - Managers,12 - Business and administration managers,121 - Business services and administration managers,1212 - Human resource managers,0.9,0.85,0.8,0.65,"The employer operates a gold mine so the economic activity clearly maps to ISIC Section B (Mining and quarrying), specifically division 07 (Mining of metal ores) and the non‑ferrous metal ores group. The role is an HR/recruitment leadership position (recruitment advisor leading a team), which best fits managers of business/administration services (human resources managers) though exact 4‑digit occupation coding is somewhat less certain because of variation in national job titling and seniority."
23453,H - Transportation and storage,51 - Air transport,511 - Passenger air transport,5110 - Passenger air transport,0.95,0.9,0.85,0.8,7 - Craft and related trades workers,71 - Building and related trades workers,712 - Carpenters and joiners,,0.95,0.85,0.6,0.2,"The employer is clearly an airline company so the economic activity is best classified under ISIC Section H, Division 51 (Air transport). The advertised roles are multi-trade building and facilities maintenance positions (carpentry, electrical, refrigeration/air-conditioning), which fall within ISCO major group 7 (craft and related trades workers) and most closely map to building-related trades (carpenters and general maintenance); specific 4-digit unit grouping is uncertain because multiple distinct trades are listed."
24974,F - Construction,43 - Specialized construction activities,439 - Other specialized construction activities,4390 - Other specialized construction activities n.e.c.,0.95,0.9,0.85,0.85,7 - Craft and related trades workers,71 - Building and related trades workers,713 - Carpenters and joiners,7131 - Carpenters and joiners,0.95,0.9,0.9,0.85,"This posting is clearly for an exterior carpenter — a building trades role providing carpentry services for outdoor structures — and maps well to Construction (ISIC F) specifically Specialized construction activities (ISIC 43 / 4390). The duties and required skills align closely with Carpenters and joiners (ISCO-08 713 / unit group 7131), so the classification is made with high confidence."
25352,K - Financial and insurance activities,"64 - Financial service activities, except insurance and pension funding",641 - Monetary intermediation,6419 - Other monetary intermediation,0.99,0.98,0.95,0.9,1 - Managers,12 - Administrative and commercial managers,121 - Business services and administration managers,1211 - Finance managers,0.99,0.9,0.85,0.75,"The employer and duties clearly place this role within the banking/financial services industry (ISIC K → 64 → 641 → 6419) with high confidence, as it is a bank-level AML/CTF compliance leadership position. For occupation, the role is best classified among managerial financial/business administration occupations (ISCO 1 → 12 → 121); the exact unit group is approximated as Finance Manager (1211) because Head of AML/CTF is a senior compliance/financial control manager within a bank, though it could alternatively be coded to a business services/administration manager unit (slightly lower confidence at the 4-digit level)."
22683,H - Transportation and storage,51 - Air transport,511 - Passenger air transport,5110 - Passenger air transport,0.95,0.92,0.88,0.8,4 - Clerical support workers,43 - Numerical and material recording clerks,432 - Material-recording clerks,4321 - Stock clerks and order clerks,0.95,0.9,0.88,0.85,"The employer is an airline (PNG Air), so the economic activity is best classified under ISIC H - Transportation and storage, specifically Air transport (51) with passenger air transport (511/5110) appropriate given the carrier operates passenger services (also offers cargo). The role is a stores/warehouse clerical position (goods inwards, inventory control and parts receipt) and maps well to ISCO as a material-recording clerk / stock clerk (4321)."
25099,B - Mining and quarrying,09 - Mining support service activities,099 - Support activities for other mining and quarrying,0990 - Support activities for other mining and quarrying,0.85,0.8,0.75,0.7,2 - Professionals,24 - Business and administration professionals,242 - Administration professionals,2423 - Human resource professionals,0.95,0.9,0.75,0.7,"The employer operates as a provider of services to the mining sector (road construction, haulage, plant hire and on-site services), so the job is best classified in ISIC as Mining and quarrying — specifically mining support service activities. The role itself is a Human Resources/Administration professional position (HR Advisor), mapping to ISCO-08 Business and administration professionals, unit group for human resource professionals; confidence is high for the occupational grouping but somewhat lower for precise 4-digit codes due to typical variations in national coding and job titling."
25044,O - Public administration and defence; compulsory social security,84 - Public administration and defence; compulsory social security,841 - Administration of the state and the economic and social policy,,0.98,0.96,0.8,0.2,1 - Managers,"11 - Chief executives, senior officials and legislators",111 - Chief executives and senior officials,,0.99,0.95,0.9,0.3,"This posting is clearly for a senior public-sector executive leading anti‑corruption operations, so it aligns well with ISIC Section O (public administration) and ISCO major group 1 (managers), specifically chief executives/senior officials. The 2-digit ISIC and 2–3 digit ISCO levels are assigned with high confidence; finer-grained (4-digit) class codes are left unspecified due to lack of exact standard class mapping information in the posting."
25395,P - Education,85 - Education,85.4 - Higher education,8540 - Higher education,0.95,0.95,0.9,0.9,1 - Managers,12 - Administrative and commercial managers,121 - Business services and administration managers,1212 - Human resource managers,0.98,0.9,0.88,0.85,"The vacancy is clearly for a recruitment function at a university, so it maps to the Education sector (ISIC Section P, Division 85 — Higher education). The occupational fit is also clear: a managerial human-resources role focused on recruitment, best-mapped to ISCO-08 Human Resource Managers (1212); sector-level confidence is high and the detailed occupational match is high but slightly lower because 'Recruitment Manager' is a specialised HR sub-function within the broader HR manager category."
25121,G - Wholesale and retail trade; repair of motor vehicles and motorcycles,45 - Wholesale and retail trade and repair of motor vehicles and motorcycles,452 - Maintenance and repair of motor vehicles,4520 - Maintenance and repair of motor vehicles,0.98,0.98,0.97,0.96,7 - Craft and related trades workers,"72 - Metal, machinery and related trades workers",723 - Motor vehicle mechanics and repairers,7231 - Motor vehicle mechanics and repairers,0.95,0.85,0.95,0.94,"This vacancy is clearly for a vehicle maintenance/repair role within a car dealership/workshop, so ISIC code 45 (class 4520: maintenance and repair of motor vehicles) is an appropriate industry classification with high confidence. The occupational fit is a motor vehicle mechanic/repairer (specialised in vehicle electrical systems) and maps to ISCO-08 unit group 7231 with high confidence."
25064,G - Wholesale and retail trade; repair of motor vehicles and motorcycles,"46 - Wholesale trade, except of motor vehicles and motorcycles",,,0.85,0.6,0.2,0.1,1 - Managers,12 - Administrative and commercial managers,122 - Sales and marketing managers,1222 - Sales and marketing managers (Account / Relationship Manager),0.7,0.6,0.6,0.5,"The vacancy is best classified as an occupational sales/relationship management role (ISCO: sales & marketing manager / account manager) with moderate-to-high confidence. The employer’s precise economic activity is less clear from the posting (likely wholesale/trade of industrial products), so ISIC is assigned at the section/division level with lower confidence for more detailed class levels."
24938,P - Education,85 - Education,853 - Higher education,8530 - Higher education,0.95,0.95,0.95,0.9,3 - Technicians and associate professionals,31 - Science and engineering associate professionals,311 - Physical and engineering science technicians,3112 - Chemical and physical science technicians,0.95,0.9,0.85,0.7,"The role is a laboratory technical support position employed by a university, so the economic activity is best classified as Higher education (ISIC Rev.4: P, 85, 853, 8530). The occupation maps to ISCO-08 technicians and associate professionals working in chemistry/physical science laboratories (Science & engineering associate professionals → Physical and engineering science technicians → Chemical and physical science technicians)."
25182,"M - Professional, scientific and technical activities",71 - Architectural and engineering activities; technical testing and analysis,71.1 - Architectural and engineering activities and related technical consultancy,71.11 - Architectural activities,0.95,0.95,0.9,0.9,3 - Technicians and associate professionals,31 - Physical and engineering science technicians,311 - Physical and engineering science technicians,3112 - Architectural and engineering technicians (approx.),0.95,0.9,0.8,0.7,"The role is best classified under ISIC M (Professional, scientific and technical activities), specifically in Architectural activities (ISIC 71.11), because the job is primarily professional architectural drafting and modelling rather than physical construction work. For ISCO-08 the position maps to Technicians and associate professionals (major group 3) — an architectural/engineering technician unit group is the closest fit, though exact 4-digit mapping is approximate due to variations in naming across ISCO documentation."
25006,C - Manufacturing,10 - Manufacture of food products,"106 - Manufacture of grain mill products, starches and starch products",1061 - Manufacture of grain mill products,0.9,0.88,0.8,0.7,5 - Service and sales workers,52 - Sales workers,522 - Shop sales assistants and other retail salespersons (sales workers),5222 - Sales representatives (wholesale and retail trade),0.98,0.95,0.85,0.75,"This posting is for a field Sales Representative in an FMCG company (Trukai Industries), so the employer activity is best mapped to manufacturing of food products (rice/grain milling) while the job function maps clearly to sales workers. Detailed ISIC and ISCO unit-group assignments are reasonably confident, though some uncertainty remains about the employer's primary activity and the exact sales channel (field/wholesale vs. retail), which affects 4-digit-level confidence."
25293,C - Manufacturing,10 - Manufacture of food products,"106 - Manufacture of grain mill products, starches and starch products",1061 - Manufacture of grain mill products,0.95,0.9,0.85,0.8,1 - Managers,12 - Administrative and commercial managers,"122 - Sales, marketing and development managers",1221 - Sales and marketing managers,0.95,0.9,0.9,0.8,"The employer (Trukai Industries) is a food/FMCG manufacturer (rice/grain products), so the job is classified under Manufacturing → Manufacture of food products → Manufacture of grain mill products. The role 'Brand Manager' is a marketing/brand management position and best fits ISCO as a Sales and marketing manager (1221), though there is minor ambiguity with advertising/public relations manager classifications depending on emphasis."
25333,B - Mining and quarrying,07 - Mining of metal ores,072 - Mining of non-ferrous metal ores,0729 - Mining of other non-ferrous metal ores,0.95,0.93,0.85,0.8,3 - Technicians and associate professionals,31 - Science and engineering technicians,311 - Physical and engineering science technicians,3119 - Physical and engineering science technicians not elsewhere classified,0.9,0.8,0.7,0.6,"This is a mining-sector role (site-based fleet maintenance planning at an open-pit mine), so ISIC mapping to Mining of metal ores (non‑ferrous/gold) is appropriate and robust. The occupational assignment to the ISCO technicians/associate professionals group fits the planner/technical maintenance-planning duties, though exact unit-group placement is less certain because the role mixes planning, scheduling and data/CMMS work (could alternatively map to a specialist planner or a maintenance-related unit group)."
24656,N - Administrative and support service activities,80 - Security and investigation activities,801 - Private security activities,8010 - Private security activities,0.95,0.95,0.9,0.9,5 - Service and sales workers,54 - Protective services workers,541 - Firefighters and other protective services workers,5414 - Security guards and related workers,0.9,0.85,0.8,0.8,"This position is clearly an activity in private security under ISIC Section N, Division 80, Class 8010 (Private security activities). The occupational fit is with protective services (ISCO Major Group 5) and most closely maps to security guards and related workers (unit group 5414), though the leadership and emergency-response coordination aspects introduce some ambiguity between frontline security and supervisory/emergency-response occupations."
25158,P - Education,85 - Education,853 - Higher education,8530 - Higher education,0.95,0.95,0.9,0.85,2 - Professionals,"26 - Legal, social and cultural professionals","262 - Librarians, archivists and curators",2621 - Librarians,0.9,0.85,0.8,0.7,"The position is clearly within the education sector (a university library role), so ISIC classification to Section P / Division 85 / Group 853 (Higher education) is appropriate and confident. The occupation aligns with librarian/information professional roles (ISCO major group 2 and the librarians/archivists/curators subgroup); the exact 4-digit unit group is given as 'Librarians' with somewhat lower confidence due to limited detail on specific duties and seniority."
25260,C - Manufacturing,10 - Manufacture of food products,,,0.95,0.9,0.3,0.2,1 - Managers,12 - Administrative and commercial managers,122 - Sales and marketing managers,1221 - Sales and marketing managers,0.95,0.9,0.9,0.85,"The employer (Nestlé PNG Ltd) is best classified in ISIC Section C, Division 10 (manufacture of food products) with high confidence, but the posting does not specify a narrow product class so 3- and 4-digit ISIC codes are left as null. The job itself is clearly an Area Sales Manager position and maps well to ISCO-08 Sales and Marketing Managers (122 / unit group 1221) with high confidence."
24954,C - Manufacturing,10 - Manufacture of food products,104 - Manufacture of vegetable and animal oils and fats,1040 - Manufacture of vegetable and animal oils and fats,0.95,0.9,0.85,0.8,8 - Plant and machine operators and assemblers,81 - Stationary plant and machine operators,"815 - Stationary plant and machine operators in food, beverage and tobacco processing",8154 - Food and related products machine operators (including bottling/blow-moulding machine operators),0.95,0.85,0.75,0.65,"This posting is clearly in food manufacturing (an edible oil bottling/blow-moulding operation), so ISIC classification as Manufacture of food products — specifically vegetable and animal oils and fats — is highly confident. The occupation maps to ISCO major group 8 (plant and machine operators) with good confidence; assignment to a specific 4-digit unit group for food-related machine operators is plausible but slightly less certain because some blow-moulding roles are classified under plastics-processing machine operators in different coding practices."
25280,B - Mining and quarrying,07 - Mining of metal ores,072 - Mining of non-ferrous metal ores,0729 - Mining of other non-ferrous metal ores,0.99,0.98,0.95,0.9,1 - Managers,13 - Production and specialised services managers,132 - Mining production managers,1322 - Mining and quarrying managers,0.95,0.9,0.85,0.8,"This posting is clearly for a managerial role within a large-scale metal (gold) mining operation, so ISIC classification for mining of non‑ferrous metal ores (072 / 0729) is highly appropriate. The occupation maps to the ISCO managers category, most closely to production/mining managers (superintendent of mine control), though exact unit-group assignment is somewhat less certain because the role focuses on fleet/disptach and mine control rather than all aspects of mine production management."
25025,P - Education,85 - Education,853 - Higher education,8530 - Higher education,0.99,0.98,0.95,0.95,1 - Managers,12 - Administrative and commercial managers,"122 - Sales, marketing and development managers",1222 - Advertising and public relations managers,0.99,0.95,0.9,0.9,"The employer is a university, so the economic activity clearly maps to ISIC Section P, Division 85, and specifically to higher education (853/8530). The role is a managerial position responsible for public relations and communications, which aligns well with ISCO-08 unit group 1222 (Advertising and public relations managers)."
25179,S - Other service activities,94 - Activities of membership organisations,949 - Activities of other membership organisations,9490 - Activities of religious organizations,0.9,0.85,0.8,0.75,1 - Managers,,,,0.95,0.25,0.15,0.1,"The employer is a faith-based non-government organisation focused on Bible translation, so at the industry level it best fits ISIC Section S (Other service activities), Division 94 (Activities of membership organisations), and specifically class 9490 (Activities of religious organizations). The occupation is clearly a managerial HR/learning-and-development role (ISCO major group 1 - Managers) but the exact ISCO sub-group/unit-group cannot be determined reliably from the posting alone, so deeper-level occupation codes are left unspecified with low confidence."
25392,K - Financial and insurance activities,"64 - Financial service activities, except insurance and pension funding",641 - Monetary intermediation,"6419 - Other monetary intermediation (e.g., commercial banking and other deposit-taking institutions)",0.95,0.95,0.9,0.85,1 - Managers,12 - Administrative and commercial managers,121 - Business services and administration managers,1212 - Human resource managers,0.99,0.98,0.98,0.95,"This is a Human Resources Manager position at a national development bank, so the economic activity is clearly financial services (banking) and maps to ISIC section K, division 64, group 641, class 6419. The occupation is explicitly a Human Resources Manager and maps directly to ISCO-08 1212 with high confidence."
25037,B - Mining and quarrying,07 - Mining of metal ores,,,0.95,0.8,0.2,0.1,3 - Technicians and associate professionals,33 - Business and administration associate professionals,,,0.9,0.8,0.2,0.1,"This vacancy is for a procurement/expediting role within a mining company, so classification to ISIC section B (Mining and quarrying) is highly appropriate though the specific 3- and 4-digit mining class is not determinable from the posting. The occupational fit is best at the ISCO-08 level of Technicians and associate professionals / Business and administration associate professionals (supply-chain/logistics specialist), but the posting lacks the precise ISCO unit-group detail to assign a 3- or 4-digit code with confidence."
25301,F - Construction,41 - Construction of buildings,412 - Construction of residential and non-residential buildings,4120 - Construction of residential and non-residential buildings,0.95,0.95,0.9,0.85,7 - Craft and related trades workers,74 - Electrical and electronic trades workers,741 - Electrical and electronic trades workers,7411 - Electricians and electrical fitters,0.95,0.9,0.85,0.9,"This posting clearly describes a Building Electrician role engaged in installation, maintenance and repair of building electrical systems, which aligns strongly with Construction (ISIC F, Division 41) and the ISCO unit group for electricians (7411). Confidence is high for the major and sub-major levels; minor/4-digit codes are also highly probable given the explicit duties and certification requirements stated."
25173,K - Financial and insurance activities,"64 - Financial service activities, except insurance and pension funding",64.1 - Monetary intermediation,64.19 - Other monetary intermediation,0.99,0.98,0.97,0.95,1 - Managers,12 - Administrative and commercial managers,121 - Business services and administration managers,1219 - Business services and administration managers not elsewhere classified,0.99,0.9,0.85,0.6,"This is a senior internal audit role at a commercial bank, so the ISIC classification is clearly K / 64 (monetary intermediation — other monetary intermediation for commercial banking). The ISCO mapping places the role among managers (business services/administration managers) — the major and sub-major group mapping is strong, while the specific 4-digit unit-group is a best-fit catch-all (1219) because ISCO has no dedicated unit-group explicitly labelled for ‘chief audit executive’."
25317,C - Manufacturing,23 - Manufacture of other non-metallic mineral products,,,0.98,0.65,0.35,0.2,1 - Managers,12 - Administrative and commercial managers,121 - Business services and administration managers,1212 - Human resource managers,0.99,0.95,0.9,0.98,"The employer is described as a manufacturer of construction/building products, so the posting is best placed in ISIC section C (Manufacturing); the more specific ISIC subgroup selected (manufacture of non‑metallic mineral products) reflects typical building-materials production but is less certain without explicit product detail. The occupation is clearly a Human Resources Manager and maps strongly to ISCO-08 unit group 1212 (Human resource managers) with high confidence."
20799,H - Transportation and storage,51 - Air transport,511 - Passenger air transport,5110 - Passenger air transport,0.99,0.98,0.9,0.9,3 - Technicians and associate professionals,31 - Physical and engineering science associate professionals,311 - Physical and engineering science technicians,3115 - Mechanical engineering technicians,0.95,0.9,0.7,0.6,"This vacancy is clearly for a technical maintenance role within a commercial airline, so classifying the employer's activity as Air transport (ISIC 51 / class 5110) is highly confident. Mapping the role to ISCO as a technician/engineering associate (major group 3, particularly mechanical/engineering technician) is appropriate but slightly less certain because the role combines technical AME responsibilities with operational coordination and supervisory functions."
24799,F - Construction,41 - Construction of buildings,412 - Construction of buildings,4120 - Construction of buildings,0.95,0.9,0.85,0.8,4 - Clerical support workers,41 - General and keyboard clerks,411 - General office clerks,4110 - General office clerks,0.9,0.85,0.8,0.75,"The position is best classified under ISIC Section F (Construction), specifically construction of buildings, because the role provides document control and administrative support for construction/project approvals and site activities. Occupationally, the role fits within ISCO major group 4 (Clerical support workers) as a General Office/Project Administration clerk supporting project teams rather than performing project management or professional technical functions."
25332,B - Mining and quarrying,06 - Extraction of crude petroleum and natural gas,061 - Extraction of crude petroleum,0610 - Extraction of crude petroleum,0.98,0.95,0.88,0.8,2 - Professionals,23 - Teaching professionals,235 - Other teaching professionals (including vocational education teachers/trainers),2359 - Other teaching professionals (not elsewhere classified),0.9,0.85,0.75,0.6,"This role is part of oil and gas production operations and best fits ISIC section B, division 06 (extraction of crude petroleum and natural gas), specifically classified to extraction of crude petroleum given the producing oil-field context. The occupation is primarily a vocational/training role for mechanical/maintenance staff (vocational education/trainer), so it maps to ISCO teaching professionals for vocational trainers, though the exact 4-digit unit-group is less certain because the position blends trade-level mechanical skills with workplace training responsibilities."
25114,G - Wholesale and retail trade; repair of motor vehicles and motorcycles,"46 - Wholesale trade, except of motor vehicles and motorcycles",467 - Wholesale of other goods,"4672 - Wholesale of solid, liquid and gaseous fuels and related products",0.95,0.95,0.9,0.95,1 - Managers,13 - Production and specialised services managers,"132 - Supply, distribution and related managers","1322 - Supply and distribution managers (e.g. warehouse, depot or distribution centre managers)",0.98,0.8,0.75,0.6,"This role is best classified under ISIC as wholesale trade in fuels and lubricants (ISIC 4672) because it is a depot/distribution manager for a petroleum distributor. Occupationally, it is a managerial position responsible for supply, storage and distribution operations and therefore fits the ISCO category for supply and distribution managers, though precise 4-digit assignment is given with moderate confidence due to variation in national titling and mapping."
25363,Q - Human health and social work activities,86 - Human health activities,861 - Hospital activities,8610 - Hospital activities,0.99,0.99,0.98,0.98,2 - Professionals,22 - Health professionals,222 - Nursing and midwifery professionals,2221 - Nursing professionals,0.9,0.95,0.85,0.8,"This posting clearly relates to the human health sector (hospital and primary health services) and is best classified under ISIC section Q, division 86 (hospital activities). The advertised roles are predominantly nursing and clinical health positions (so ISCO classification as nursing and midwifery professionals is appropriate), though the listing also contains a number of technician and associate-professional roles (lab technicians, radiographers, biomedical technicians) which reduces certainty at the most detailed occupation unit-group level."
25324,P - Education,85 - Education,853 - Higher education,8530 - Higher education,0.95,0.95,0.9,0.85,1 - Managers,12 - Administrative and commercial managers,"122 - Sales, marketing and development managers",1221 - Sales and marketing managers,0.99,0.9,0.9,0.95,"This posting is for a senior Marketing Manager role at a private higher education institution, so the economic activity is best classified under Education (ISIC division 85), specifically Higher education. The occupation is clearly a managerial marketing role and maps to ISCO-08 Sales and Marketing Managers (unit group 1221) with high confidence given the described responsibilities (strategy, branding, recruitment, call centre leadership and digital marketing)."
25086,"M - Professional, scientific and technical activities",73 - Advertising and market research,732 - Market research and public opinion polling,7320 - Market research and public opinion polling,0.95,0.95,0.98,0.99,2 - Professionals,24 - Business and administration professionals,"243 - Advertising, marketing and public relations professionals",2433 - Market research and marketing specialists,0.9,0.85,0.8,0.6,"The employer is an established market and social research firm and the role (Graduate Field Coordinator) clearly maps to ISIC class 7320 (market research and public opinion polling) with high confidence. The occupational mapping to ISCO as a marketing/market-research professional is appropriate given the role's focus on coordinating interviewers and field data collection, though the exact 4-digit ISCO unit is assigned with moderate confidence because the position is entry-level/coordinator (supervisory) rather than a specialist analyst role."
25041,O - Public administration and defence; compulsory social security,84 - Public administration and defence; compulsory social security,,,0.95,0.95,0.25,0.1,2 - Professionals,"26 - Legal, social and cultural professionals",261 - Legal professionals,2611 - Lawyers,0.9,0.88,0.9,0.92,"This role is a senior legal leadership position (General Counsel / Executive Director, Legal Services) within a public anti‑corruption commission, so it clearly falls under public administration (ISIC Section O, Division 84). The occupational fit is strong for legal professionals—specifically a lawyer/legal practitioner (ISCO 2611)—while more granular ISIC 3- and 4-digit class assignment is less certain from the posting alone."
25245,B - Mining and quarrying,07 - Mining of metal ores,072 - Mining of non-ferrous metal ores,,0.99,0.98,0.95,0.2,2 - Professionals,21 - Science and engineering professionals,214 - Engineering professionals,2141 - Civil engineers,0.95,0.94,0.93,0.9,"This posting is for a senior/supervisory geotechnical design engineer working at an open-pit gold mine (Lihir), so the economic activity maps clearly to mining of non‑ferrous metal ores (ISIC section B, division 07, group 072). The occupational role is a specialized engineering professional (civil/geotechnical engineer), best represented by ISCO-08 unit group 2141 (Civil engineers); the ISIC 4-digit class was left null due to limited need for more granular class-level specificity in the public code list."
25187,Q - Human health and social work activities,86 - Human health activities,869 - Other human health activities,8690 - Other human health activities,0.8,0.85,0.7,0.65,1 - Managers,12 - Administrative and commercial managers,121 - Business services and administration managers,,0.95,0.8,0.6,0.2,"This role supports a field TB program run by a health-focused NGO and is best classified under ISIC Section Q (Human health activities), specifically division 86 and class 8690 (other human health activities). The job is managerial/administrative (ISCO Major Group 1, Administrative and commercial managers) — the precise 4-digit ISCO unit is less certain because the position combines operations, logistics, procurement and office management functions."
24535,F - Construction,43 - Specialised construction activities,"432 - Electrical, plumbing and other construction installation activities",4321 - Electrical installation,0.88,0.85,0.8,0.75,7 - Craft and related trades workers,74 - Electrical and electronic trades workers,741 - Electrical and electronic installers and repairers,7411 - Electricians and electrical fitters,0.98,0.96,0.93,0.9,"The vacancy is best classified as construction-related electrical installation (ISIC 4321) because the duties focus on installing, testing and repairing building electrical systems. The occupation clearly matches Electrician (ISCO 7411) — an assistant electrician role aligns closely with that unit group, so the occupational classification is high confidence while the industry classification is slightly less certain if the employer operates in a different electrical/electronics sector."
25040,C - Manufacturing,33 - Repair and installation of machinery and equipment,"331 - Repair of fabricated metal products, machinery and equipment",3312 - Repair of machinery and equipment,0.85,0.98,0.9,0.7,7 - Craft and related trades workers,"72 - Metal, machinery and related trades workers",723 - Machinery mechanics and repairers,7233 - Agricultural and industrial machinery mechanics and repairers,0.98,0.95,0.92,0.8,"This vacancy is best classified under ISIC division 33 (Repair and installation of machinery and equipment) because the role focuses on maintenance, repair and overhaul of heavy earthmoving and marine equipment. Occupationally, the role fits ISCO major group 7 (craft and related trades workers), specifically machinery mechanics and repairers (unit group for agricultural/industrial machinery), though exact 4-digit assignment is somewhat less certain because the job covers a range of heavy vehicle and plant types."
25327,B - Mining and quarrying,06 - Extraction of crude petroleum and natural gas,06.1 - Extraction of crude petroleum and natural gas,06.10 - Extraction of crude petroleum and natural gas,0.95,0.9,0.85,0.85,1 - Managers,13 - Production and specialised services managers,,,0.95,0.6,0.3,0.2,"The employer (Santos) is clearly an oil & gas extraction company, so the economic activity is classified under ISIC Section B, Division 06 (extraction of crude petroleum and natural gas) with high confidence. The role is a managerial position responsible for aviation operations (team leader level), so it falls under ISCO major group 1 (Managers); however, mapping to a precise ISCO sub‑group/unit is less certain because the job bridges aviation/transport operations and specialized in‑house services."
25328,P - Education,85 - Education,854 - Higher education,8540 - Higher education,0.99,0.99,0.95,0.9,1 - Managers,13 - Production and specialised services managers,134 - Education managers,1345 - School principals and administrators,0.99,0.85,0.95,0.9,"This posting is for the principal (head/manager) of a newly established School of Nursing at a higher education institution, so the economic activity is best classified as Education (higher education). The occupational classification is an education manager / school principal role (managerial position in higher education focused on nursing), so ISCO mapping to Education Managers / School Principals is appropriate; the industry classification is highly certain while the exact ISCO unit-group code is assigned with moderately high confidence."
25376,P - Education,85 - Education,854 - Higher education,8540 - Higher education,0.98,0.96,0.92,0.9,2 - Professionals,23 - Teaching professionals,231 - University and higher education teachers,2310 - University and higher education teachers,0.98,0.96,0.93,0.92,"This posting is a clear specification for a higher-education teaching role (Assistant/Lecturer in Accounting) at a private university/college, so classifying the economic activity under ISIC Section P (Education) and higher education classes is appropriate. The occupational mapping to ISCO-08 as a university and higher education teacher (2310) is direct and high-confidence, though the mention of TVET pathways/college activities introduces a minor overlap with post-secondary non-tertiary education contexts."
24987,P - Education,85 - Education,854 - Tertiary education,8540 - Tertiary education (University level instruction and research),0.95,0.98,0.9,0.75,2 - Professionals,23 - Teaching professionals,231 - University and higher education teachers,2310 - University and higher education teachers,0.99,0.99,0.98,0.95,"This posting is clearly for an academic teaching/research role at a university, so it maps to ISIC Section P (Education) and specifically tertiary/higher education (division 85, tertiary education). The occupational match is strong to ISCO-08 university and higher education teachers (professors/associate professors/senior lecturers in Food Chemistry), yielding high confidence at all ISCO levels and slightly lower confidence for the most specific ISIC 4-digit class due to variation in country-specific class labeling."
25243,O - Public administration and defence; compulsory social security,84 - Public administration and defence; compulsory social security,841 - Central government administration,8410 - Central government administration,0.95,0.9,0.7,0.6,1 - Managers,"11 - Chief executives, senior officials and legislators","111 - Chief executives, senior officials and legislators",1110 - Chief executives and senior officials,0.99,0.98,0.97,0.95,"This posting is for the Chief Executive Officer of a statutory ICT regulator (NICTA) — an appointment to a public-sector regulatory agency. The occupation clearly maps to ISCO-08 chief executives/senior officials, and the employer's activity is best classified under public administration (ISIC Section O / Division 84), though exact 3- and 4-digit ISIC subclassing is less certain because regulatory bodies can be recorded differently in some national accounts."
24184,H - Transportation and storage,49 - Land transport and transport via pipelines,492 - Freight transport by road and removal services,4920 - Freight transport by road,0.98,0.98,0.95,0.9,8 - Plant and machine operators and assemblers,83 - Drivers and mobile plant operators,833 - Heavy truck and bus drivers,,0.98,0.97,0.95,0.25,"This posting is clearly for heavy vehicle drivers employed in freight transport (sidelifter truck drivers) and maps well to ISIC Section H, Division 49 (land freight transport) and to ISCO major group 8 (drivers and mobile plant operators). The ISIC classification is high confidence down to the 4-digit freight-by-road class; the ISCO classification is confident at the 3-digit level (heavy truck/bus drivers) but the exact 4-digit unit-group is left unspecified due to variation in national coding and the specific unit-group label."
25069,H - Transportation and storage,52 - Warehousing and support activities for transportation,522 - Support activities for transportation,5229 - Other transportation support activities,0.95,0.88,0.75,0.6,4 - Clerical support workers,41 - General and keyboard clerks,411 - General office clerks,4110 - General office clerks,0.95,0.86,0.8,0.75,"This role is best classified under Transportation and storage (ISIC H), specifically support activities for transportation (ISIC 52/522), because it provides administrative and compliance support for a fuel logistics division of a freight/logistics company. Occupation-wise, the duties (record-keeping, compliance documentation, payroll inputs and audit coordination) align with clerical/general office clerk functions in ISCO-08 (major group 4), though specific unit-group assignment is somewhat uncertain given possible higher-level compliance responsibilities."
25337,B - Mining and quarrying,07 - Mining of metal ores,072 - Mining of non‑ferrous metal ores,0729 - Mining of other non‑ferrous metal ores,0.99,0.98,0.95,0.85,1 - Managers,13 - Production and specialised services managers,"132 - Manufacturing, mining and construction managers",1322 - Mining and quarrying managers,0.95,0.9,0.85,0.8,"This posting is clearly for a maintenance planning/scheduling supervisory role at a large gold mining operation, so the ISIC classification as Mining and quarrying (Section B; Division 07) is highly appropriate. The occupation maps to managerial categories in ISCO (production/mining managers) with high confidence for major groups; the exact 4‑digit ISIC and ISCO classes are slightly less certain because of class-level variations (gold mining specific class and the borderline between first-line supervisor vs higher-level manager definitions)."
24859,I - Accommodation and food service activities,55 - Accommodation,551 - Short-term accommodation activities,5510 - Hotels and similar accommodation,0.9,0.85,0.8,0.75,5 - Service and sales workers,52 - Sales workers,522 - Shop sales assistants and demonstrators (market-oriented sales workers),,0.98,0.9,0.6,0.3,"The employer and job appear to be part of hotel-related sales activities, so ISIC classification as Hotels and similar accommodation (5510) is appropriate though there is limited public-company structure information. The role is clearly a sales position (ISCO major group 5, sales workers 52), but the exact 4-digit ISCO unit group is uncertain because the posting uses a generic 'independent sales consultant' title and does not specify channels (shop, field, tele-sales) or product specialization."
25256,F - Construction,42 - Civil engineering,429 - Construction of other civil engineering projects,4290 - Construction of other civil engineering projects,0.95,0.8,0.6,0.55,2 - Professionals,24 - Business and administration professionals,241 - Business and administration professionals (accounting/finance),2411 - Accountants,0.95,0.9,0.85,0.9,"The employer operates in the construction/infrastructure sector and the role supports project accounting, so ISIC Section F (Construction) and Division 42 (Civil engineering) are the best fits though the exact construction class is inferred from contextual clues rather than explicitly stated. The occupation clearly maps to ISCO-08 unit group 2411 (Accountants) based on the advertised duties and required qualifications, giving high confidence for the occupational classification."
24924,H - Transportation and storage,52 - Warehousing and support activities for transportation,522 - Support activities for transportation,5229 - Other transportation support activities,0.95,0.8,0.7,0.5,2 - Professionals,21 - Science and engineering professionals,213 - Life science professionals,2139 - Life science professionals not elsewhere classified (includes environmental/sustainability specialists),0.95,0.75,0.6,0.45,"This role is best classified economically under Transportation and Storage (ISIC H), specifically in warehousing/support activities for transportation, because the vacancy focuses on ESG across logistics operations. Occupation-wise it fits among Professionals (environmental/sustainability specialists), though mapping to a precise ISCO 4-digit unit is somewhat uncertain because ESG roles span environmental science, sustainability reporting and business/management functions."
25283,C - Manufacturing,33 - Repair and installation of machinery and equipment,"331 - Repair of fabricated metal products, machinery and equipment",3313 - Repair of electronic and optical equipment,0.8,0.85,0.75,0.6,3 - Technicians and associate professionals,31 - Physical and engineering science technicians,311 - Electrical and electronics engineering technicians (minor group),3113 - Electrical and electronics engineering technicians (unit group),0.95,0.85,0.7,0.6,"The role is best classified as repair of electronic and optical equipment within ISIC (Section C, Division 33) because the job is focused on diagnostics, component-level repair and calibration of two-way radio equipment. For ISCO-08 the position fits within Technicians and associate professionals — specifically electrical/electronics engineering technicians — as it requires diploma-level technical qualifications and hands-on electronic repair and testing skills; exact 4-digit unit matching is moderately certain due to overlap between electronics/telecommunications technician categories."
25365,F - Construction,43 - Specialised construction activities,"432 - Electrical, plumbing and other construction installation activities",4329 - Other construction installation,0.98,0.95,0.92,0.8,5 - Service and sales workers,52 - Sales workers,,,0.98,0.9,0.3,0.2,"The employer provides building-related installation and maintenance services (air conditioning, plumbing, electrical), so the business activity best fits ISIC Section F, Division 43 (specialised construction activities) and more specifically group 432; the exact 4-digit class is less certain because services span electrical, plumbing and HVAC. The job is a junior sales role supporting a construction-services firm and clearly falls under ISCO major group 5 (service and sales workers) / sub-major 52 (sales workers); finer-grained ISCO coding (3- and 4-digit) is ambiguous from the posting alone."
25377,P - Education,85 - Education,854 - Other education (including vocational and technical training),8540 - Other education n.e.c. (includes vocational/technical education),0.98,0.98,0.87,0.82,2 - Professionals,23 - Teaching professionals,232 - Vocational education teachers,2320 - Vocational education teachers,0.98,0.97,0.88,0.84,"This is a tertiary/vocational teaching role in Information Technology at a College of TVET affiliated with a university, so it falls squarely within ISIC Section P (Education) and most appropriately within ""Other education"" (vocational/technical training). The occupational fit is best as a teaching professional in vocational education (ISCO 2320); there is minor ambiguity because the employer also operates at university level, which slightly lowers confidence between vocational versus higher-education teacher classifications."
25087,B - Mining and quarrying,07 - Mining of metal ores,072 - Mining of non‑ferrous metal ores,0729 - Other non‑ferrous metal ores,0.95,0.9,0.7,0.6,7 - Craft and related trades workers,"72 - Metal, machinery and related trades workers",723 - Machinery mechanics and repairers,7232 - Agricultural and industrial machinery mechanics and repairers,0.9,0.85,0.8,0.7,"This is a mechanical fitter/technician role working on heavy mobile mining equipment (shovels, drills) at a gold mine, which places it clearly in Mining and quarrying (ISIC B, Division 07). The occupation maps to craft/technician trade categories in ISCO (machinery mechanics and repairers) with high confidence at major/sub-major levels and moderate confidence at the most specific subclass levels."
25226,P - Education,85 - Education,853 - Higher education,8530 - Higher education,0.98,0.97,0.96,0.95,2 - Professionals,23 - Teaching professionals,231 - University and higher education teachers,2310 - University and higher education teachers,0.96,0.94,0.92,0.9,"This posting is clearly for a lecturer in a newly established higher education nursing program, so the economic activity fits ISIC Section P (Education), Division 85, Group/Class for Higher Education. The occupational role is a higher-education teaching professional (university/college lecturer in nursing); classification is confident though the candidate’s nursing background also links to health services."
24976,J - Information and communication,"62 - Computer programming, consultancy and related activities","620 - Computer programming, consultancy and related activities",6202 - Computer consultancy activities,0.95,0.9,0.85,0.75,1 - Managers,13 - Information and communications technology service managers,133 - Information and communications technology managers,1330 - Information and communications technology managers,0.98,0.95,0.92,0.88,"The job title and duties (ICT Manager responsible for infrastructure, ERP deployments, cybersecurity, team leadership and vendor management) map clearly to Information and Communication activities (ISIC Section J) and to ISCO-08 ICT management occupations. There is minor uncertainty at the most detailed ISIC class level because the role could be an internal IT function within a non-IT employer, but the posting explicitly lists the industry as IT so the assigned codes are the best fit."
24186,H - Transportation and storage,49 - Land transport and transport via pipelines,494 - Freight transport by road,4941 - Freight transport by road,0.99,0.95,0.9,0.9,8 - Plant and machine operators and assemblers,83 - Drivers and mobile-plant operators,833 - Drivers and mobile-plant operators (drivers subgroup),8332 - Heavy truck and lorry drivers,0.99,0.95,0.9,0.9,"This is a clear truck/heavy vehicle driving role for a freight/transport company and maps strongly to ISIC section H (transportation and storage), Division 49 and the class for freight transport by road. The occupation corresponds to ISCO-08 unit group 8332 (heavy truck and lorry drivers) with high confidence based on the job duties and required Class 4 heavy vehicle licence."
25215,C - Manufacturing,10 - Manufacture of food products,106 - Manufacture of grain mill products and starches,1061 - Manufacture of grain mill products,0.9,0.9,0.7,0.65,5 - Service and sales workers,52 - Sales workers,522 - Shop sales assistants and demonstrators,5223 - Merchandisers and window dressers,0.98,0.95,0.9,0.9,"The occupation is clearly a sales/merchandising role and maps well to ISCO-08 unit group 5223 (Merchandisers and window dressers). The industry is likely the employer's primary activity (food manufacturing — Trukai produces rice/FMCG), so ISIC classifies the posting under Manufacture of food products (division 10), though some ambiguity exists because the role operates in retail environments and could alternatively be associated with wholesale/retail trade."
24951,S - Other service activities,94 - Activities of membership organisations,94.9 - Activities of other membership organisations,94.99 - Activities of other membership organisations n.e.c.,0.9,0.85,0.8,0.75,1 - Managers,12 - Administrative and commercial managers,121 - Business services and administration managers,1219 - Business services and administration managers n.e.c.,0.95,0.8,0.75,0.6,"This role is best classified as an NGO/program implementation activity under ISIC Section S (Activities of membership organisations, class 94.99) because the position is for a provincial coordinator implementing Save the Children programs. Occupationally, the position is a managerial role (ISCO Major Group 1) — a program/administration manager overseeing staff, budgets and operations — though mapping to a precise ISCO unit group (1219) is somewhat general due to variation in how non‑profit program managers are coded."
25264,F - Construction,43 - Specialized construction activities,439 - Other specialised construction activities,4390 - Other specialised construction activities,0.95,0.7,0.6,0.5,4 - Clerical support workers,43 - Numerical and material recording clerks,431 - Numerical and material recording clerks,4312 - Payroll clerks,0.95,0.9,0.85,0.9,"The employer is described as a steel fabrication and construction company, so the business is best classified in Construction (ISIC Section F), more specifically under specialized construction activities (ISIC 43 / class 4390) though some ambiguity exists because fabrication/manufacturing activities may also be relevant. The job itself is clearly a payroll supervision role (ISCO: Payroll clerks, 4312) and can be classified with high confidence as a clerical/numerical recording occupation within ISCO major group 4."
25194,L - Real estate activities,68 - Real estate activities,683 - Real estate activities on a fee or contract basis,6832 - Management of real estate on a fee or contract basis,0.98,0.97,0.92,0.9,1 - Managers,12 - Administrative and commercial managers,"122 - Sales, marketing and development managers",1222 - Sales and distribution managers,0.98,0.92,0.85,0.6,"The role is a senior mall leasing/tenant-acquisition and commercial operations management position, which maps clearly to ISIC Section L (Real estate activities) and specifically to management of real estate on a fee/contract basis (6832). The occupational mapping to ISCO-08 is confident at the 'Managers' and 'Administrative and commercial managers' levels, but the exact 4-digit unit is less certain because leasing/property management functions can be coded under sales/marketing manager units or under property-specific manager units depending on national coding practice."
25108,"M - Professional, scientific and technical activities",71 - Architectural and engineering activities; technical testing and analysis,711 - Architectural and engineering activities and related technical consultancy,7110 - Architectural and engineering activities and related technical consultancy,0.85,0.8,0.7,0.6,4 - Clerical support workers,41 - General and keyboard clerks,411 - General office clerks,4110 - General office clerks,0.95,0.9,0.85,0.8,"The employer is an EPC engineering firm that also provides engineering consulting, so ISIC classification best fits section M (architectural and engineering activities, class 7110) though some construction activities are described which lowers precision at the 4-digit level. The occupation 'Document Controller' is clearly a clerical/office role and maps well to ISCO-08 major group 4 and unit group 4110 (general office clerks) with high confidence."
21709,G - Wholesale and retail trade; repair of motor vehicles and motorcycles,45 - Wholesale and retail trade and repair of motor vehicles and motorcycles,452 - Maintenance and repair of motor vehicles,4520 - Maintenance and repair of motor vehicles,0.85,0.8,0.8,0.75,7 - Craft and related trades workers,"72 - Metal, machinery and related trades workers",723 - Motor vehicle mechanics and repairers,7231 - Motor vehicle mechanics and repairers,0.98,0.9,0.95,0.9,"The role is a skilled motor vehicle electrician/mechanic focused on maintenance and repair of heavy commercial vehicles, so it maps best to ISIC class 4520 (maintenance and repair of motor vehicles) and ISCO unit group 7231 (motor vehicle mechanics and repairers). Confidence is high for the occupational classification and moderate-high for the economic activity classification because the job is workshop-based maintenance within a freight company (the employer's primary activity could alternatively point to transportation services)."
25007,F - Construction,42 - Civil engineering,429 - Construction of other civil engineering projects,4290 - Construction of other civil engineering projects,0.95,0.9,0.8,0.6,3 - Technicians and associate professionals,31 - Science and engineering associate professionals,,,0.9,0.75,0.25,0.1,"The employer clearly operates in the civil construction sector, so the ISIC assignment to Section F, Division 42 (Civil engineering) is appropriate and has high confidence. Mapping the role of Safety Officer is less granular: the job sits at the interface of technical inspection, advisory and training duties and is best placed among technicians and associate professionals (ISCO major group 3 / sub-major 31), but exact minor/unit group placement is ambiguous from the posting alone and therefore has lower confidence."
25344,H - Transportation and storage,53 - Postal and courier activities,53.2 - Courier activities,53.20 - Courier activities,0.99,0.95,0.95,0.95,1 - Managers,13 - Production and specialised services managers,,,0.95,0.75,0.2,0.15,"This role is clearly in the transportation and storage sector, specifically courier/express delivery and related branch operations, so ISIC H / 53.20 (Courier activities) is an accurate fit. The occupation is managerial (branch/team leader) and best classified under ISCO major group 1 (Managers); however, pinpointing a single lower-level ISCO unit group is less certain from the posting alone, so only the major and sub-major group are given with moderate confidence."
25052,O - Public administration and defence; compulsory social security,84 - Public administration and defence; compulsory social security,841 - Administration of the State and the economic and social policy of the community,8411 - Executive and general public administration activities (state/provincial administration),0.98,0.97,0.9,0.85,1 - Managers,"11 - Chief executives, senior officials and legislators",111 - Senior government officials,1110 - Senior government officials / Public administration managers (deputy provincial administrator),0.98,0.9,0.87,0.8,"This role is best classified as public administration (ISIC section O, division 84), specifically state/provincial administration functions, because it is a senior provincial government management position. Occupationally it maps to ISCO as a manager—a senior government official/administrator—reflecting leadership, policy and corporate governance responsibilities at the provincial level."
24967,P - Education,85 - Education,853 - Higher education,8530 - Higher education,0.99,0.99,0.95,0.95,1 - Managers,13 - Production and specialised services managers,134 - Education managers,1343 - School principals and headteachers (education managers),0.99,0.85,0.95,0.8,This posting is for the Principal (head) of a School of Nursing at a newly established higher education institute — it clearly falls under Education (ISIC) and is an education management role (ISCO). Classification is straightforward at the sector and major occupation levels; the ISCO unit-group assignment (school/education principal) is very likely though dependent on exact ISCO unit-group label conventions used locally.
25270,H - Transportation and storage,52 - Warehousing and support activities for transportation,522 - Support activities for transportation,5229 - Other transportation support activities (n.e.c.),0.9,0.85,0.8,0.5,2 - Professionals,24 - Business and administration professionals,241 - Business and administration professionals,2411 - Accountants,0.98,0.98,0.97,0.95,"The occupation is clearly an accounting role and maps well to ISCO-08 unit group 2411 (Accountants) based on the duties and qualifications listed. The employer (Steamships Logistics) appears to operate in logistics/transportation, so the ISIC classification is placed in Section H, Division 52 (support activities for transportation) with moderate to high confidence at higher levels and lower confidence at the most detailed 4-digit class due to limited firm-level activity detail."
25196,L - Real estate activities,68 - Real estate activities,68.3 - Real estate activities on a fee or contract basis,68.31 - Real estate agencies,0.95,0.95,0.9,0.9,5 - Service and sales workers,52 - Sales workers,,,0.95,0.85,0.2,0.1,"The vacancy is clearly for a real-estate sales role (apartment/shop salesperson), so ISIC classification L / 68 / 68.3 / 68.31 (real estate agencies) is appropriate and assigned with high confidence. At the ISCO level the job is unambiguously in the Service and sales major group (5) and Sales workers sub-major (52), but the exact minor/unit group for real-estate salespersons is ambiguous from the posting alone, so more specific ISCO digits are left unspecified with low confidence."
25029,B - Mining and quarrying,09 - Mining support service activities,099 - Support activities for other mining and quarrying,0990 - Support activities for other mining and quarrying,0.85,0.8,0.75,0.65,3 - Technicians and associate professionals,,,,0.9,0.3,0.2,0.1,"The employer operates fleets and provides services at mine sites (haulage, road construction, crushing and plant hire), so the activity best fits ISIC section B, specifically mining support service activities (Division 09). The role is a Health, Safety & Environment (HSE) Advisor — functionally an occupational health and safety technician/associate professional (ISCO major group 3); the posting lacks detail (formal professional title/qualification level or regulator/inspector status) needed to assign a precise 2–4 digit ISCO code with confidence."
25320,P - Education,85 - Education,853 - Higher education,8530 - Higher education,1.0,0.99,0.98,0.98,1 - Managers,12 - Administrative and commercial managers,"122 - Sales, marketing and development managers",,0.98,0.95,0.9,0.4,"The employer is a university and the vacancy is clearly within the higher education sector (ISIC Rev.4 Section P, Division 85, Class 8530). The job title 'Marketing Manager' maps well to ISCO-08 Major Group 1 and the Sales/Marketing managers minor group (122); the exact 4-digit unit-group code is not provided here and therefore less certain."
24972,F - Construction,42 - Civil engineering,421 - Construction of roads and railways,4210 - Construction of roads and railways,0.95,0.9,0.7,0.6,2 - Professionals,21 - Science and engineering professionals,214 - Engineering professionals,2141 - Civil engineers,0.95,0.9,0.85,0.9,"This role is clearly a civil/infrastructure engineering position within the construction sector and therefore maps to ISIC Section F, Division 42 (civil engineering). The occupation corresponds to ISCO-08 civil engineers (2141); the posting’s explicit emphasis on surveying, roads, bridges and utilities justifies high confidence for the occupation and section/division but slightly lower confidence at the most specific ISIC class level because the work spans several civil engineering subcategories."
25070,H - Transportation and storage,49 - Land transport and transport via pipelines,494 - Freight transport by road,4941 - Freight transport by road,0.98,0.96,0.9,0.88,8 - Plant and machine operators and assemblers,83 - Drivers and mobile-plant operators,833 - Heavy truck and bus drivers / Road vehicle drivers (drivers of heavy goods vehicles),8332 - Heavy truck and lorry drivers (unit group for drivers of heavy goods vehicles) ,0.97,0.95,0.86,0.8,"This posting is clearly for a road freight/fuel-tanker driving role within a logistics/transport firm, so classifying the employer activity under ISIC H (49: land transport) is highly appropriate. The occupational classification as a heavy truck/lorry driver (ISCO major/sub-major levels very confident; unit-group identification is moderately confident because the role also contains explicit trainer/mentor duties)."
25390,S - Other service activities,94 - Activities of membership organisations,94.9 - Activities of other membership organisations,94.99 - Activities of other membership organisations n.e.c.,0.92,0.88,0.8,0.78,2 - Professionals,"26 - Legal, social and cultural professionals",263 - Social and religious professionals,2631 - Social work professionals,0.9,0.82,0.75,0.6,"The employer is a non-governmental development organisation, so ISIC classification under Section S (Activities of membership organisations, class 94.99) is appropriate. The MEAL Officer is a professional role focused on monitoring, evaluation, accountability and learning in development programs; it best fits within ISCO-08 Professionals (legal/social/cultural professionals) with a close match to social work/community development professional categories, though the exact 4-digit unit group is somewhat uncertain because MEAL is a cross-cutting analytical/program function rather than direct social work."
25136,P - Education,85 - Education,853 - Higher education,8530 - Higher education,0.95,0.93,0.92,0.9,2 - Professionals,"26 - Legal, social and cultural professionals","262 - Archivists, librarians and curators",2622 - Librarians and related information professionals,0.95,0.9,0.9,0.92,"The position is a university librarian (Reader Services Librarian) and is best classified in ISIC Rev.4 under Higher education (P / 85 / 853 / 8530). Occupationally it fits ISCO-08 as a librarian within the legal/social/cultural professionals cluster, specifically Librarians and related information professionals (2622)."
25084,C - Manufacturing,33 - Repair and installation of machinery and equipment,"331 - Repair of fabricated metal products, machinery and equipment",3312 - Repair of machinery,0.8,0.9,0.85,0.85,7 - Craft and related trades workers,"72 - Metal, machinery and related trades workers","723 - Motor vehicle, mobile-plant and cycle mechanics and repairers","7232 - Vehicle, mobile-plant and heavy machinery mechanics and repairers",0.95,0.85,0.8,0.75,"The role is a frontline supervisory trades position (Leading Hand) responsible for diagnosing, repairing and supervising maintenance of Caterpillar heavy equipment, which aligns with repair and installation of machinery (ISIC Division 33, Class 3312). Occupationally it maps to ISCO major group 7 (craft and related trades), specifically mechanics and repairers of vehicles/mobile plant/heavy machinery (unit group 7232), reflecting a skilled diesel fitter with supervisory duties."
25110,"M - Professional, scientific and technical activities",71 - Architectural and engineering activities; technical testing and analysis,711 - Architectural and engineering activities and related technical consultancy,7110 - Architectural and engineering activities and related technical consultancy,0.8,0.75,0.65,0.6,7 - Craft and related trades workers,"72 - Metal, machinery and related trades workers",723 - Motor vehicle mechanics and repairers (and related machinery mechanics),7231 - Motor vehicle mechanics and repairers,0.95,0.9,0.85,0.6,"The employer is an EPC and engineering services firm supporting energy and oil & gas projects, best matched to ISIC Section M (Architectural and engineering activities), though some aspects (construction/EPC) overlap with Construction (F). The job is a hands-on mechanical assistant role supporting vehicle and equipment maintenance, which maps to ISCO major group 7 and most closely to motor vehicle/mechanics repairers at the detailed level, with moderate uncertainty because the role is an assistant (not a fully qualified mechanic) and the employer's activity spans engineering and construction."
24793,F - Construction,41 - Construction of buildings,,,0.95,0.9,0.2,0.1,4 - Clerical support workers,41 - General and keyboard clerks,411 - General office clerks,4110 - General office clerks,0.95,0.85,0.8,0.6,"The role of Document Controller is best classified under ISIC Section F (Construction), Division 41 (Construction of buildings) because the posting describes document management within design and construction projects for a construction/estate employer. Occupationally, the position aligns with ISCO major group 4 (Clerical support workers), most closely matching general office/records clerical functions (document control), though exact unit-group assignment is somewhat less certain without more detail on the level of autonomy or specialized technical duties."
25005,B - Mining and quarrying,07 - Mining of metal ores,072 - Mining of non-ferrous metal ores,0729 - Mining of other non-ferrous metal ores,0.95,0.95,0.85,0.6,1 - Managers,12 - Administrative and commercial managers,122 - Administrative services managers,"1223 - Supply, distribution and related managers",0.8,0.75,0.6,0.5,"The employer and role clearly place this posting in the mining sector (gold production), so the ISIC classification as Mining (Division 07, non‑ferrous metal ores) is high confidence. The occupation is a procurement/contract management specialist with supervisory responsibilities; it reasonably maps to ISCO managers of administrative/commercial services but finer ISCO digits are less certain because the role straddles specialist/professional and managerial duties."
25053,O - Public administration and defence; compulsory social security,84 - Public administration and defence; compulsory social security,841 - Administration of the State and the economic and social policy of the community,,0.95,0.95,0.85,0.3,1 - Managers,"11 - Chief executives, senior officials and legislators",111 - Legislators and senior officials,,0.95,0.85,0.75,0.3,"This role is clearly a public-sector senior management position within provincial government, so it maps well to ISIC Section O / Division 84 (public administration) and to ISCO major group 1 (Managers) / senior officials. The posting provides strong evidence for a provincial-level public administration classification but lacks the very specific class/unit-group wording needed for unambiguous 4-digit ISIC and ISCO assignment, so lower confidence is given at the most detailed level."
25362,F - Construction,42 - Civil engineering,429 - Construction of other civil engineering projects,4290 - Construction of other civil engineering projects,0.95,0.92,0.88,0.86,2 - Professionals,21 - Science and engineering professionals,214 - Engineering professionals,,0.98,0.95,0.9,0.3,"This posting is clearly for engineering roles within a civil construction contractor, so ISIC classification is confidently within Construction (Section F), specifically Civil engineering (Division 42, Class 4290). The occupational classification is for engineering professionals (ISCO major group 2, sub-major 21); the exact 4-digit ISCO unit group for 'Project/Civil/Site Engineer' is not unambiguously specified in the posting, so a specific unit-group code is left null with lower confidence."
25241,B - Mining and quarrying,09 - Mining support service activities,099 - Support activities for other mining and quarrying,0990 - Support activities for other mining and quarrying,0.8,0.9,0.85,0.8,1 - Managers,13 - Production and specialised services managers,"132 - Manufacturing, mining, construction and distribution managers",1322 - Mining production managers,0.9,0.85,0.8,0.7,"The employer operates large mining fleets and provides on-site mining support (haulage, crushing, road construction and plant hire), so the enterprise activity best fits ISIC section B, division 09 (mining support service activities). The role is a site-level operations supervisor responsible for production, safety and team leadership, which aligns with ISCO managers in production/mining (production/mining manager classification), though there is some ambiguity with construction-related tasks and generic 'operations supervisor' titling."
25307,I - Accommodation and food service activities,55 - Accommodation,551 - Short term accommodation activities,5510 - Short term accommodation activities,0.95,0.92,0.88,0.85,2 - Professionals,25 - Information and communications technology professionals,252 - Database and network professionals,2522 - Systems administrators,0.9,0.92,0.9,0.88,The employer is a Holiday Inn hotel so the economic activity is best classified under ISIC section I (55.0 short-term accommodation activities). The role itself is an ICT operational/support position (systems/network administration and security) and maps to ISCO as an ICT professional — specifically a systems administrator (2522) with high confidence.
25096,Q - Human health and social work activities,88 - Social work activities without accommodation,889 - Other social work activities without accommodation,8890 - Other social work activities without accommodation,0.85,0.8,0.6,0.5,4 - Clerical support workers,41 - General and keyboard clerks,411 - General office clerks,4110 - General office clerks,0.9,0.8,0.6,0.5,"This role is best classified as social work-related activity within ISIC (human/social work activities) because it supports a child-protection helpline and related data/reporting processes. Occupationally, the position aligns with clerical/data support (clerical support workers) rather than professional social work, although deeper ISIC/ISCO subclassification is less certain due to the NGO context and mixed data/helpline responsibilities."
25003,"M - Professional, scientific and technical activities",71 - Architectural and engineering activities; technical testing and analysis,711 - Architectural and engineering activities and related technical consultancy,7110 - Architectural and engineering activities and related technical consultancy,0.8,0.85,0.85,0.8,3 - Technicians and associate professionals,31 - Physical and engineering science technicians,311 - Physical and engineering science technicians,3119 - Physical and engineering science technicians not elsewhere classified,0.95,0.9,0.85,0.6,"The role is best classified as engineering/technical services (ISIC 7110) because it is a CAD drafter/detailer producing technical and fabrication drawings for engineering projects. Occupationally, it falls within technicians and associate professionals (ISCO major group 3) — specifically physical and engineering science technicians — though the exact unit-group for draughting/CAD detailers can vary by sector, so the 4-digit ISCO assignment is given with moderate confidence."
25372,H - Transportation and storage,52 - Warehousing and support activities for transportation,522 - Support activities for transportation,5220 - Support activities for transportation,0.95,0.95,0.92,0.9,1 - Managers,13 - Production and specialised services managers,"132 - Manufacturing, mining and construction managers","1324 - Supply, distribution and related managers",0.99,0.8,0.6,0.85,"This role is best classified in ISIC as part of Transportation and storage, specifically Support activities for transportation (warehousing/support activities) because it focuses on customs brokerage and clearance services within logistics. Occupationally, it is a managerial position (Managers) most closely matching supply, distribution and related managers in ISCO-08, though mapping to intermediate ISCO subgroup codes is somewhat less certain."
25261,I - Accommodation and food service activities,55 - Accommodation,55.1 - Short-term accommodation activities,55.10 - Hotels and similar accommodation,0.95,0.95,0.9,0.9,2 - Professionals,24 - Business and administration professionals,241 - Finance professionals,2411 - Accountants,0.9,0.88,0.85,0.8,"The vacancy is an accounting/financial role embedded in a hotel business (Crowne Plaza), so ISIC I / 55.10 (Hotels and similar accommodation) is the appropriate economic activity classification. The duties and required qualification match the ISCO-08 unit group 2411 (Accountants), though in some organisations similar tasks may be performed by bookkeepers or accounting associate professionals, so occupation-level confidence is slightly lower than industry-level confidence."
24475,B - Mining and quarrying,07 - Mining of metal ores,072 - Mining of non-ferrous metal ores,,0.95,0.9,0.75,0.3,1 - Managers,13 - Production and specialised services managers,,,0.9,0.6,0.25,0.15,"This role is clearly within the mining sector (owner/operator of a gold mine) and therefore fits ISIC section B, division 07 (mining of metal ores) with high confidence; the job’s focus on exploration and land access supports assignment to the non‑ferrous metal ores group (072). The occupation is a managerial position (superintendent) responsible for community/landowner relations and exploration site access, so it is classified at the ISCO major group level as Managers (1) and provisionally under Production and specialised services managers (13); finer ISCO and ISIC class-level assignments are less certain because the role is community/land‑access focused rather than a narrowly defined mining production manager unit-group."
25051,N - Administrative and support service activities,78 - Employment activities,781 - Activities of employment placement agencies,7810 - Activities of employment placement agencies,0.9,0.85,0.55,0.4,2 - Professionals,24 - Business and administration professionals,242 - Administration professionals,2423 - Human resource professionals,0.95,0.9,0.8,0.75,"The occupational classification is straightforward: this posting is for a Talent Acquisition Specialist (a Human Resource professional) and maps well to ISCO-08 Business/Administration professionals (human resource professionals). The industry classification is based on the job function (recruitment/HR) and therefore mapped to ISIC Section N (Employment activities), but confidence is lower for detailed ISIC class-level codes because the role may be an internal HR function within a larger corporate employer whose primary economic activity could belong to a different ISIC class."
25017,B - Mining and quarrying,06 - Extraction of crude petroleum and natural gas,061 - Extraction of crude petroleum,0610 - Extraction of crude petroleum,0.98,0.96,0.8,0.6,1 - Managers,13 - Production and specialised services managers,,,0.95,0.8,0.2,0.1,"This role is best classified within the oil and gas extraction industry (ISIC Division 06) because Santos is an upstream energy company and the position supports field operations across PNG. The occupation maps to the managerial category (ISCO Major Group 1), specifically production/specialised services management, but finer ISCO subgrouping is uncertain from the posting text and is therefore left unspecified."
24798,G - Wholesale and retail trade; repair of motor vehicles and motorcycles,45 - Wholesale and retail trade and repair of motor vehicles and motorcycles,452 - Maintenance and repair of motor vehicles,4520 - Maintenance and repair of motor vehicles,0.95,0.9,0.9,0.85,7 - Craft and related trades workers,"72 - Metal, machinery and related trades workers",723 - Motor vehicle mechanics and repairers,7231 - Motor vehicle mechanics and repairers,0.95,0.9,0.88,0.85,"This posting describes hands-on maintenance and repair of electrical and electronic systems in light and heavy vehicles (including A/C, engine management, and hybrid exposure), which maps well to ISIC 4520 (maintenance and repair of motor vehicles) and ISCO unit group 7231 (motor vehicle mechanics and repairers). Minor ambiguity arises from the employer mentioning construction/architecture in the informal industry tag, but the tasks and qualifications clearly indicate an automotive repair occupation."
25104,I - Accommodation and food service activities,56 - Food and beverage service activities,56.1 - Restaurants and mobile food service activities,56.10 - Restaurants and mobile food service activities,0.95,0.85,0.85,0.75,5 - Service and sales workers,51 - Personal service workers,512 - Cooks,5120 - Cooks,0.99,0.95,0.95,0.85,"This posting most directly fits within accommodation and food service activities (Section I), specifically food and beverage service (Division 56), because the role is a kitchen cook/commis position delivering prepared food to guests. Occupationally it maps clearly to ISCO as Cooks (major group 5 → sub-major 51 → minor group 512) with high confidence, though the employer being a hotel (IHG) introduces some ambiguity at the 4-digit ISIC class level about whether the establishment should be classified under accommodation (55) or food service (56)."
24867,B - Mining and quarrying,07 - Mining of metal ores,072 - Mining of non‑ferrous metal ores,0729 - Mining of other non‑ferrous metal ores,0.98,0.96,0.92,0.75,5 - Service and sales workers,51 - Personal service workers,516 - Other personal service workers,5162 - Animal attendants and trainers,0.9,0.85,0.8,0.6,"The industry classification is straightforward and highly certain: K92 Mining operates a gold mine so it falls under ISIC Section B, Division 07 (mining of metal ores), most specifically non‑ferrous metal ores (gold). The occupation classification is less certain because the posting text is incomplete; the job title 'Kennel Master' indicates an animal care/handler role best matched to ISCO unit group 5162 (Animal attendants and trainers), but duties and seniority are not described, so the occupational mapping has moderate confidence."
25002,"A - Agriculture, forestry and fishing","01 - Crop and animal production, hunting and related service activities",014 - Raising of animals,0147 - Raising of poultry,0.95,0.9,0.9,0.85,4 - Clerical support workers,43 - Numerical and material recording clerks,432 - Material-recording clerks,4321 - Stock clerks and storekeepers,0.95,0.9,0.88,0.85,"The employer is a poultry/egg producer so the economic activity is best classified under Agriculture (ISIC A), specifically Crop and animal production → Raising of animals → Raising of poultry (01 / 014 / 0147). The job is an inventory/stock clerical role and maps to ISCO as a clerical material-recording position (Clerical support workers → Numerical and material recording clerks → Material-recording clerks → Stock clerks and storekeepers: 4 / 43 / 432 / 4321)."
25389,C - Manufacturing,24 - Manufacture of basic metals,241 - Manufacture of basic iron and steel,2410 - Manufacture of basic iron and steel,0.85,0.8,0.75,0.7,4 - Clerical support workers,43 - Numerical and material recording clerks,431 - Numerical and material recording clerks,4311 - Accounting and bookkeeping clerks,0.9,0.85,0.8,0.65,"The employer (Atlas Steel PNG / Kenmore Limited) is a steel company, so the posting is classified under Manufacturing (ISIC section C), specifically manufacture of basic iron and steel, with moderate confidence. The job itself is clearly a payroll/accounting clerical role and maps well to ISCO as a clerical numerical recording/accounting clerk (high confidence at major/sub-major levels; slightly lower confidence at the most detailed unit-group level)."
25373,F - Construction,43 - Specialized construction activities,439 - Other specialized construction activities,4390 - Other specialized construction activities n.e.c.,0.95,0.9,0.75,0.6,8 - Plant and machine operators and assemblers,83 - Drivers and mobile-plant operators,833 - Heavy truck and bus drivers,8332 - Heavy truck drivers,0.98,0.95,0.9,0.85,"This posting is clearly for a heavy truck (cement mixer) driver employed by a construction contractor, so classifying the economic activity under Construction (Section F) and the occupation under ISCO heavy truck drivers is appropriate. The occupational classification is highly certain, while the 4-digit ISIC class is somewhat less certain because the role mixes transport and on-site construction support activities."
25346,I - Accommodation and food service activities,55 - Accommodation,551 - Hotels and similar accommodation,5510 - Hotels and similar accommodation,0.95,0.95,0.9,0.85,1 - Managers,"14 - Hospitality, retail and other services managers",141 - Hotel managers,1411 - Hotel manager,0.98,0.9,0.75,0.4,"The employer is a hotel group so the economic activity maps clearly to ISIC section I, division 55 and class 5510 (hotels and similar accommodation). The role is a managerial maintenance position within a hotel: it unambiguously falls under ISCO major group 1 (Managers) and the hospitality sub-major group, but it is a specialized maintenance manager rather than the overall hotel general manager, so lower-level ISCO unit-group assignment (hotel manager) is suggested with moderate confidence."
25227,P - Education,85 - Education,853 - Higher education,8530 - Higher education,0.98,0.98,0.95,0.95,1 - Managers,13 - Production and specialised services managers,134 - Other specialised services managers,1342 - School principals and administrators,0.9,0.65,0.65,0.7,"The vacancy is clearly for an education institution (a higher education School of Nursing), so ISIC Rev.4 maps well to Section P / Division 85 / Group 853 / Class 8530 (Higher education). The occupational fit is best described as an education manager (deputy principal / school administrator) — this maps to ISCO as a managerial unit for school principals and administrators, though there is some overlap with higher-education teaching professionals because the role also includes teaching responsibilities; confidence at the major-group level is high while the more granular ISCO subgroups are assigned with moderate confidence."
24939,P - Education,85 - Education,854 - Higher education,8541 - Higher education,0.95,0.92,0.9,0.8,3 - Technicians and associate professionals,31 - Science and engineering technicians,311 - Physical and engineering science technicians,3112 - Life science technicians,0.95,0.9,0.85,0.7,"This position is clearly attached to a university and supports teaching and research laboratories, so the economic activity is best classified as Education (higher education). The occupational role is that of a laboratory/technical officer in food science (a life-science laboratory technician), so it maps to ISCO technicians and associate professionals with high confidence, though exact 4-digit unit-group mapping has moderate uncertainty."
25318,P - Education,85 - Education,85.4 - Higher education,85.41 - Higher education,0.95,0.95,0.9,0.85,1 - Managers,13 - Information and communication technology managers,133 - Information and communications technology service managers,1330 - Information and communications technology managers,0.95,0.9,0.85,0.75,"The employer is a university (PNG University of Technology), so the economic activity is best classified under ISIC Section P (Education), specifically higher education. The role title 'Digital Transformation Architect (AI & Automation Manager)' clearly indicates an ICT management position, fitting ISCO-08 Managers (ICT managers), though some duties (architect/technical) could also map to senior ICT professional codes, hence slightly lower confidence at the most detailed occupational unit-group level."
25290,B - Mining and quarrying,07 - Mining of metal ores,072 - Mining of non-ferrous metal ores,,0.98,0.97,0.9,0.25,2 - Professionals,24 - Business and administration professionals,"243 - Advertising, marketing and public relations professionals",,0.95,0.9,0.88,0.3,"The employer is a gold-mining company and the position sits squarely within Mining and quarrying (ISIC Section B) and more specifically Mining of metal ores (Division 07), most appropriately the non-ferrous metal ores group. The occupation is a senior corporate affairs / government relations specialist best mapped to ISCO professionals in advertising/marketing/public relations (243); finer-grain 4-digit matches are less certain because the posting describes cross‑cutting stakeholder and policy duties rather than a single narrowly defined unit group."
23926,H - Transportation and storage,51 - Air transport,512 - Freight air transport,5120 - Freight air transport,0.95,0.95,0.95,0.95,4 - Clerical support workers,43 - Material-recording clerks,,,0.9,0.7,0.3,0.2,"This posting is clearly for a cargo operations role within an airline, which maps to ISIC H / 51 (air transport) and specifically to freight air transport (ISIC 5120). The occupation is best represented as a clerical/material-recording role supporting cargo handling and documentation (ISCO major group 4, sub-major 43), though precise 3- and 4-digit ISCO unit-group assignment is uncertain from the available description."
25056,O - Public administration and defence; compulsory social security,84 - Public administration and defence; compulsory social security,841 - Administration of the State and the economic and social policy of the community,8411 - Executive and legislative organs and the general public administration,0.98,0.97,0.95,0.9,1 - Managers,12 - Administrative and commercial managers,121 - Business services and administration managers,,0.95,0.85,0.6,0.2,"This role is clearly a public-sector senior management position within provincial government finance/administration, so ISIC maps to Section O (Public administration) and specifically to administration of the state (ISIC 8411). Occupationally it is a managerial position (ISCO major group 1) most consistent with administrative/finance management within public administration, though precise 4-digit ISCO unit-group assignment is less certain from the posting text."
25001,B - Mining and quarrying,07 - Mining of metal ores,072 - Mining of non‑ferrous metal ores,0729 - Mining of other non‑ferrous metal ores,0.95,0.95,0.85,0.75,8 - Plant and machine operators and assemblers,83 - Drivers and mobile plant operators,833 - Earth‑moving and related plant operators,8334 - Mining and quarrying plant operators,0.93,0.8,0.7,0.55,"This posting is clearly for a role within the mining industry (underground gold mine) and maps well to ISIC section B and Division 07 (mining of metal ores). The occupation is a shotcrete/underground plant operator — best aligned with ISCO major group 8 (plant and machine operators), though precise assignment to a single ISCO unit group is somewhat uncertain because shotcrete operator job titles and national classifications can vary."
24496,B - Mining and quarrying,07 - Mining of metal ores,,,0.95,0.9,0.2,0.1,1 - Managers,13 - Production and specialised services managers,131 - Agricultural and forestry production managers,,0.95,0.75,0.6,0.25,"The employer is clearly a mining company (K92 Mining) so the economic activity is classified at the section and division levels as Mining and quarrying (07 - Mining of metal ores) with high confidence; finer ISIC class-level assignment is not possible from the posting alone. The role is managerial (superintendent) responsible for agricultural project delivery in a corporate/community-development context, so it maps to ISCO major group 'Managers' and most closely to agricultural/forestry production managers at the 3-digit level, though the exact unit-group classification is less certain because the position is community/agribusiness program management rather than on-farm production."
24942,H - Transportation and storage,52 - Warehousing and support activities for transportation,522 - Support activities for transportation,5229 - Other transportation support activities,0.95,0.9,0.85,0.7,2 - Professionals,25 - Information and communications technology professionals,251 - Software and applications developers and analysts,"2519 - Software and applications developers and analysts, n.e.c.",0.9,0.85,0.8,0.6,"The role is an MIS/BI/data-analysis position embedded in a logistics/transport and shipping business, so ISIC H (Transportation and storage) with Division 52 (Warehousing and support activities for transportation) is the best fit. Occupationally the tasks align with ICT professionals working on reporting and analytics (ISCO group 251), though the exact unit-group mapping is somewhat uncertain between business-analytics/BI developer and other ICT/data specialist categories."
24645,H - Transportation and storage,50 - Water transport,501 - Sea and coastal water transport,5010 - Sea and coastal water transport,0.95,0.9,0.9,0.8,8 - Plant and machine operators and assemblers,83 - Drivers and mobile plant operators,,,0.85,0.6,0.2,0.1,"This is a crew position on tug boats, so the economic activity falls under ISIC H (Transportation and storage) — specifically Division 50 (Water transport) and Group/Class for sea and coastal water transport. The occupation is clearly a seafaring/manpower role but the job posting does not specify the exact occupational unit-group (e.g., deckhand, able seaman, or engine rating), so ISCO is assigned at the major/sub-major level with lower confidence for finer-grained codes."
24945,K - Financial and insurance activities,"64 - Financial service activities, except insurance and pension funding",64.1 - Monetary intermediation,64.19 - Other monetary intermediation,0.99,0.98,0.95,0.9,2 - Professionals,24 - Business and administration professionals,241 - Finance professionals,2413 - Financial analysts and advisers,0.95,0.9,0.8,0.7,"The employer is a state-owned development bank, so classification to ISIC K › 64 › 64.1 › 64.19 (monetary intermediation / other monetary intermediation) is a strong match. The role is best interpreted as a finance professional (risk/financial analyst) within ISCO-08, though exact assignment at the 4-digit unit-group level (financial risk specialist vs. other financial analyst roles) has moderate uncertainty."
25345,K - Financial and insurance activities,"64 - Financial service activities, except insurance and pension funding",641 - Monetary intermediation,6419 - Other monetary intermediation,0.99,0.95,0.9,0.85,1 - Managers,"11 - Chief executives, senior officials and legislators",111 - Chief executives and senior officials,1110 - Chief executives,0.99,0.85,0.7,0.4,"This is a senior executive (COO) role within a finance/lending institution, so it clearly maps to ISIC Section K (financial and insurance activities) and ISCO major group 1 (Managers). The ISIC mapping to monetary intermediation (banking/credit activities) is high confidence; the ISCO mapping to a top executive category is also confident at broad levels but less certain at the most granular unit-group level because COOs can be coded either as chief executives or as senior administrative/operations managers depending on national practice."
25011,G - Wholesale and retail trade; repair of motor vehicles and motorcycles,45 - Wholesale and retail trade and repair of motor vehicles and motorcycles,452 - Maintenance and repair of motor vehicles,4520 - Maintenance and repair of motor vehicles,0.95,0.95,0.9,0.85,4 - Clerical support workers,42 - Customer and information clerks,422 - Client information workers,4221 - Client information clerks,0.9,0.85,0.75,0.6,"The role is clearly located in the motor vehicle repair and dealership sector (ISIC Section G, Division 45, Group 452), since the position is a service advisor working in an automotive workshop/dealership. Occupationally, the job fits customer- and service-facing clerical roles (ISCO major group 4, customer/information clerks), though the exact unit-group mapping to a named 'service advisor' is less certain so confidence decreases at the most detailed ISCO level."
25014,S - Other service activities,94 - Activities of membership organisations,94.99 - Activities of other membership organisations n.e.c.,94.99 - Activities of other membership organisations n.e.c.,0.9,0.65,0.55,0.5,3 - Technicians and associate professionals,33 - Business and administration associate professionals,331 - Financial and mathematical associate professionals,3312 - Accounting associate professionals,0.85,0.9,0.75,0.6,"The employer (an international humanitarian NGO providing demining and weapons management) is best mapped to ISIC Section S (Other service activities), with the closest detailed fit in the catch‑all class for other membership/NGO activities (limited confidence at fine-grain levels). The role is clearly a mid-level finance/HR administrative position and maps well to ISCO as a business/administration associate professional with accounting/payroll focus (stronger confidence at higher-level ISCO categories than at the most granular unit group)."
24537,F - Construction,43 - Specialised construction activities,439 - Other specialised construction activities,4390 - Other specialised construction activities n.e.c.,0.95,0.9,0.8,0.65,7 - Craft and related trades workers,71 - Building and related trades workers,711 - Building frame and related trades workers,7112 - Carpenters and joiners,0.95,0.9,0.85,0.85,"The posting clearly describes a construction site role focused on finishing carpentry, so classification to the Construction sector (ISIC F) and to carpenter occupations (ISCO major group 7) is reliable. Exact assignment to a specific ISIC 4-digit class is somewhat less certain because finish carpentry/installations can fall under several specialised construction subclasses, but the occupational match to Carpenters and Joiners (ISCO 7112) is strong."
25267,N - Administrative and support service activities,78 - Employment activities,783 - Human resources provision and management of human resources functions,7830 - Human resources provision and management of human resources functions,0.9,0.8,0.7,0.65,2 - Professionals,24 - Business and administration professionals,242 - Administration professionals,2423 - Human resource professionals,0.95,0.92,0.88,0.9,"The occupation is classified with high confidence as a Human Resource Professional (ISCO-08 2423) because the role clearly describes HR project planning, policy, change management and analytics tasks. The industry classification is reasonably mapped to ISIC section N / division 78 (employment and HR services) but is less certain because the employer is described as a multi‑faceted company and the HR role may be internal rather than provided as an external HR/recruitment service."
25323,N - Administrative and support service activities,80 - Security and investigation activities,801 - Private security activities,8010 - Private security activities,0.95,0.95,0.9,0.88,3 - Technicians and associate professionals,35 - Information and communications technicians,351 - Information and communications technicians,3512 - ICT user support technicians (IT support),0.98,0.95,0.94,0.92,"The employer (G4S Secure Solutions) is a private security services firm, so the economic activity is best classified under ISIC Section N, Division 80 (security and investigation activities). The job itself is clearly an ICT support role (help-desk, desktop, device and network support), which maps to ISCO-08 as an ICT user support technician (Major group 3, Sub-major 35, Minor 351, Unit 3512) with high confidence."
25122,S - Other service activities,95 - Repair of computers and personal and household goods,952 - Repair of personal and household goods,,0.9,0.85,0.6,0.2,4 - Clerical support workers,42 - Customer service / information clerks,422 - Customer service clerks,4221 - Receptionists,0.9,0.85,0.75,0.6,"This posting describes a front-office/service-coordination role that manages customer contacts, schedules technicians, handles service job intake and parts requests — an administrative/customer-service position. The economic activity most likely fits repair/after-sales service for electronics/personal and household goods (ISIC division 95), while the occupation maps best to ISCO customer service clerks/receptionists; some uncertainty remains at the more detailed class/unit-group levels because the ad does not specify exact types of goods repaired or precise occupational boundaries (coordination vs. managerial duties)."
25154,"R - Arts, entertainment and recreation","91 - Libraries, archives, museums and other cultural activities",910 - Library and archive activities,9102 - Library and archives activities,0.85,0.8,0.75,0.75,2 - Professionals,"26 - Legal, social and cultural professionals","262 - Archivists, librarians and curators",2622 - Librarians and related information professionals,0.9,0.8,0.8,0.8,"This role is a library reader-services supervisor within a university library and maps best to ISIC section R (libraries, archives and related cultural activities) and ISCO-08 unit group 2622 (Librarians and related information professionals). There is moderate-high confidence in these assignments, with a small ambiguity because the employer is a higher-education institution (which could alternatively be coded under ISIC P - Education if classifying the establishment's primary activity rather than the library service)."
24929,B - Mining and quarrying,07 - Mining of metal ores,072 - Mining of non-ferrous metal ores,"0729 - Mining of other non-ferrous metal ores (e.g., gold)",0.99,0.95,0.92,0.88,1 - Managers,12 - Administrative and commercial managers,121 - Business services and administration managers,"1219 - Business services and administration managers, n.e.c.",0.9,0.8,0.75,0.6,"Industry classification is clear: the employer operates a gold mine so the posting maps to Mining and quarrying (ISIC B), specifically Mining of non‑ferrous metal ores (ISIC 072/0729). The occupation fits a managerial commercial/contracts role and is best mapped to Managers → Administrative and commercial managers → Business services and administration managers (ISCO 1/12/121), though mapping to a single ISCO unit group for 'Contracts Specialist/Team Lead – Contracts' is less precise because ISCO does not have a dedicated unit for contract specialists and procurement leadership roles; hence the lower confidence at the most detailed ISCO level."
25238,B - Mining and quarrying,07 - Mining of metal ores,072 - Mining of non‑ferrous metal ores,0729 - Mining of other non‑ferrous metal ores,0.99,0.98,0.9,0.85,4 - Clerical support workers,43 - Numerical and material recording clerks,431 - Numerical and material recording clerks,,0.9,0.8,0.6,0.2,"The industry classification is clear and well-supported: this is a metal (gold) mining operation, so classifying it under ISIC B / 07 (mining of metal ores, specifically non‑ferrous metal ores) is appropriate. The occupation is best mapped to clerical/material‑recording procurement work (ISCO major group 4, sub‑major 43), but the job title 'Officer' and overlap with purchasing/procurement specialist or managerial duties creates some uncertainty at the more detailed ISCO levels."
24476,B - Mining and quarrying,07 - Mining of metal ores,072 - Mining of non-ferrous metal ores,0729 - Mining of other non‑ferrous metal ores,0.98,0.97,0.95,0.9,1 - Managers,13 - Production and specialised services managers,"132 - Mining, manufacturing and construction managers",1323 - Construction and related project managers (closest fit),0.95,0.8,0.6,0.4,"This role is clearly within the mining industry (owner/operator of a gold mine), so ISIC B / Division 07 (mining of metal ores) — specifically non‑ferrous metal ores — is the best fit. The occupation is managerial (ISCO major group 1), aligned to production/ specialised services managers with a focus on infrastructure/project delivery (closest ISCO match is construction/mining project management), although exact 3–4 digit ISCO mapping is less certain because the role bridges community/social investment and infrastructure delivery rather than purely technical mining production management."
24736,Q - Human health and social work activities,86 - Human health activities,869 - Other human health activities,8690 - Other human health activities,0.98,0.96,0.75,0.65,2 - Professionals,22 - Health professionals,226 - Other health professionals,2265 - Pharmacists,1.0,0.99,0.95,0.9,"The posting describes a licensed pharmacist performing medication dispensing, patient counselling, inventory management and regulatory compliance—clearly a health professional role suited to ISCO-08 unit group for pharmacists. ISIC assignment is less certain at the detailed class level because pharmacy work can be classified either under human health activities (hospital/health service settings) or under retail sale of pharmaceuticals (retail trade); therefore it is assigned to 'Other human health activities' (8690) with moderate confidence."
25259,K - Financial and insurance activities,"64 - Financial service activities, except insurance and pension funding",64.1 - Monetary intermediation,64.19 - Other monetary intermediation,0.99,0.95,0.92,0.9,1 - Managers,12 - Administrative and commercial managers,121 - Finance managers,1211 - Finance managers,0.99,0.96,0.92,0.85,"This vacancy is clearly for a bank-based financial-services activity (commercial banking/monetary intermediation), so ISIC mapping to Section K and Division 64 (class 64.19) is strong. The role is a senior finance/accounting management position responsible for financial reporting and audit coordination, which maps well to ISCO finance/manager categories (Finance Manager); unit-group mapping is confident but slightly less certain where organization-specific titles could overlap with accounting or financial control specialties."
25067,H - Transportation and storage,51 - Air transport,511 - Passenger air transport,51.10 - Passenger air transport,0.95,0.9,0.85,0.8,4 - Clerical support workers,43 - Numerical and material recording clerks,431 - Numerical and material recording clerks,,0.9,0.85,0.75,0.4,"The job is clearly within an airline's maintenance/store operations, so classifying the employer's activity to ISIC Section H (Transportation and storage) and Division 51 (Air transport) is appropriate. The occupation best fits ISCO major group 4 (clerical support) and the numerical/material-recording clerks subgroup (store/stock clerk), though the exact 4-digit ISCO unit group is somewhat uncertain because the role sits in an aviation MRO context rather than a generic warehouse."
25287,B - Mining and quarrying,07 - Mining of metal ores,072 - Mining of non-ferrous metal ores,0729 - Mining of other non-ferrous metal ores,0.98,0.98,0.95,0.9,2 - Professionals,21 - Science and engineering professionals,211 - Physical and earth science professionals,"2113 - Geologists, geophysicists and related professionals",0.98,0.97,0.95,0.9,"This posting is for a Senior Geologist employed by a gold mining company engaged in exploration and resource development, so it maps clearly to ISIC 'Mining of metal ores' and ISCO 'Physical and earth science professionals (geologists)'. The duties (exploration sampling, drill planning, mapping, data analysis and resource evaluation) strongly support these classifications with high confidence."
24995,S - Other service activities,94 - Activities of membership organisations,94.9 - Activities of other membership organisations,"94.99 - Activities of other membership organisations, n.e.c.",0.95,0.9,0.88,0.8,2 - Professionals,24 - Business and administration professionals,241 - Accountants,2411 - Accountants,0.9,0.85,0.75,0.7,"This is a finance/accounting role within an international NGO (Save the Children); the employer's activities are best mapped to ISIC Section S, Division 94 (activities of membership organisations/NGOs). The role performs accounting and financial control tasks consistent with an accounting professional (ISCO accountancy unit group), though in small/field-programme contexts it may overlap with administrative/clerical duties."
25359,C - Manufacturing,10 - Manufacture of food products,"106 - Manufacture of grain mill products, starches and starch products",1061 - Manufacture of grain mill products,0.9,0.9,0.8,0.75,5 - Service and sales workers,52 - Sales workers,522 - Shop sales assistants and retail cashiers,5223 - Merchandisers and window dressers,0.95,0.9,0.85,0.8,"The employer (Trukai Industries) is a rice/FMCG manufacturer, so the job is best classified under Manufacturing (ISIC C → Division 10 → Group 106 → Class 1061). The role itself is a sales/merchandising position and maps well to ISCO as a shop sales worker/merchandiser (major group 5 → 52 → 522 → unit 5223) with high confidence for the broader groups and slightly lower confidence at the most detailed 4-digit levels."
25299,H - Transportation and storage,52 - Warehousing and support activities for transportation,522 - Support activities for transportation,5224 - Service activities incidental to air transportation,0.95,0.85,0.8,0.6,3 - Technicians and associate professionals,31 - Physical and engineering science technicians,311 - Physical and engineering science technicians (incl. quality/NDT technicians),,0.95,0.85,0.65,0.35,"This role is best classified under ISIC Section H (Transportation and storage), specifically support activities incidental to air transport (aircraft maintenance/MRO). Occupationally the NDT Specialist is a technical/engineering associate professional (ISCO major group 3), likely within physical and engineering science technicians (NDT/quality inspection), though the exact ISCO 4-digit unit group is ambiguous from the posting."
24935,K - Financial and insurance activities,"64 - Financial service activities, except insurance and pension funding",641 - Monetary intermediation,"6419 - Other monetary intermediation (commercial banking, etc.)",0.98,0.97,0.9,0.85,2 - Professionals,25 - Information and communications technology professionals,252 - Database and network professionals,2522 - Systems administrators,0.98,0.96,0.95,0.9,"The employer is a bank, so the economic activity maps clearly to ISIC section K and division 64 (monetary intermediation), with the commercial-banking class (6419) being the best fit. The role is explicitly a Systems Administrator with responsibilities matching ISCO-08 unit group 2522, so the occupational classification is highly certain."
25061,G - Wholesale and retail trade; repair of motor vehicles and motorcycles,"46 - Wholesale trade, except of motor vehicles and motorcycles",467 - Other specialized wholesale,"4676 - Wholesale of solid, liquid and gaseous fuels and related products",0.95,0.95,0.94,0.9,8 - Plant and machine operators and assemblers,83 - Drivers and mobile-plant operators,833 - Bus and truck drivers (heavy vehicle drivers),8332 - Heavy truck and lorry drivers (tanker truck drivers),0.95,0.93,0.9,0.88,"This posting describes a tanker truck driver role for a company that distributes fuel and lubricants, which cleanly maps to ISIC class 4676 (wholesale of fuels). The occupation is a heavy truck/tanker driver and corresponds to ISCO-08 heavy truck/lorry driver categories (high confidence for major/sub-major levels; moderate-high confidence at the most detailed unit-group level)."
24700,F - Construction,41 - Construction of buildings,412 - Construction of residential and non-residential buildings,4120 - Construction of residential and non-residential buildings,1.0,0.95,0.9,0.8,2 - Professionals,21 - Science and engineering professionals,214 - Engineering professionals,2149 - Engineering professionals not elsewhere classified,0.85,0.8,0.75,0.6,"The role is clearly within the construction industry (Section F), focused on planning/scheduling for building projects, so assignment to Construction (41 / 412 / 4120) is highly appropriate. The occupation is best mapped to engineering-related professionals (ISCO major group 2), since the post requires a bachelor-level qualification in construction/civil engineering and performs technical planning and analysis; however, it could alternatively be classified under construction managers or associate professionals depending on employer organizational level, so the ISCO unit-group mapping is somewhat less certain."
25250,N - Administrative and support service activities,80 - Security and investigation activities,801 - Private security activities,8010 - Private security activities,0.95,0.92,0.9,0.9,5 - Service and sales workers,54 - Protective services workers,541 - Protective services workers (security),5413 - Security guards (field security officers / related workers),0.95,0.9,0.85,0.75,"The role is a Field Security Officer delivering private security and safety services for an international NGO, which maps well to ISIC Rev.4 Section N, Division 80 (Private security activities, class 8010). Occupationally it corresponds to ISCO-08 protective services/security guard categories (major group 5), though the precise 4-digit unit may vary because the post includes supervisory, training and NGO-specific duties."
25206,H - Transportation and storage,52 - Warehousing and support activities for transportation,522 - Support activities for transportation,5229 - Other transportation support activities,0.95,0.85,0.8,0.6,1 - Managers,13 - Production and specialised services managers,,,0.95,0.65,0.2,0.1,"The role is clearly in the transport/logistics sector (fleet and fuel delivery operations), so ISIC Section H and Division 52 (support activities for transportation) are the best fit. At the occupational level the vacancy is managerial (Operations Supervisor → Managers, ISCO major group 1), but the precise ISCO sub-group/unit is ambiguous from the posting text (could map to several transport/logistics management categories)."
25266,N - Administrative and support service activities,78 - Employment activities,78.1 - Activities of employment placement agencies,78.10 - Activities of employment placement agencies,0.75,0.7,0.6,0.55,3 - Technicians and associate professionals,35 - Information and communications technicians,351 - Information and communications technicians,3513 - Computer network and systems technicians,0.85,0.8,0.75,0.65,"The employer-provided industry label (Human Resources and Recruitment) suggests classifying the vacancy under ISIC section N (Administrative and support service activities), specifically employment placement activities (ISIC 78.10), though the employer may be a broader commercial enterprise so industry confidence is moderate. The role itself is an IT-focused HRIS/system administration post and best aligns with ISCO as an ICT technician role (computer network and systems technician, ISCO 3513) rather than a pure HR professional or manager, so occupation confidence is relatively high at the major-group level and somewhat lower at the detailed unit-group level."
25367,L - Real estate activities,68 - Real estate activities,68.2 - Renting and operating of own or leased real estate,6820 - Renting and operating of own or leased real estate,0.85,0.8,0.75,0.7,1 - Managers,12 - Administrative and commercial managers,,,0.95,0.8,0.3,0.2,"The vacancy is a managerial role responsible for property leasing, facilities and redevelopment projects; functionally this aligns best with real estate activities (renting/operating of own or leased real estate) rather than core banking operations. Occupationally it is clearly a manager (ISCO major group 1) and most closely maps to administrative/commercial management, though the posting does not provide sufficient detail to assign a single specific ISCO unit-group with high confidence."
24796,H - Transportation and storage,52 - Warehousing and support activities for transportation,522 - Support activities for transportation,5229 - Other transportation support activities,0.95,0.9,0.85,0.75,1,12,121,1219,0.9,0.8,0.8,0.6,"The employer and job duties point to the transportation and logistics sector, specifically support activities for transportation (fleet management and vehicle maintenance), so ISIC classification under H → 52 → 522 → 5229 is appropriate. The occupation is best classified as a business/administration manager (managerial administrative role overseeing fleet, staff and administrative operations) under ISCO major group 1, though the role includes driving duties which overlap with driver classifications, hence somewhat lower confidence at the most detailed ISCO unit-group level."
25271,L - Real estate activities,68 - Real estate activities,68.3 - Real estate activities on a fee or contract basis,68.32 - Management of real estate on a fee or contract basis,0.99,0.99,0.97,0.96,1 - Managers,12 - Administrative and commercial managers,121 - Business services and administration managers,,0.98,0.9,0.8,0.3,"The role is clearly a real-estate/property management position and maps well to ISIC Rev.4 Section L, Division 68, Group 68.3 and Class 68.32 (management of real estate on a fee or contract basis). For ISCO-08, the job is a managerial role (Major Group 1) within administrative/commercial management (sub-major 12) and aligns with business services/administration managers, though assigning a precise 4-digit unit group is less certain because national implementations vary and the posting describes an assistant/portfolio-level manager rather than a clearly defined national unit-group label."
25030,C - Manufacturing,33 - Repair and installation of machinery and equipment,"331 - Repair of fabricated metal products, machinery and equipment",,0.95,0.95,0.7,0.2,7 - Craft and related trades workers,"72 - Metal, machinery and related trades workers",,,0.9,0.6,0.2,0.1,"The role is clearly a hands-on repair/manufacturing position supporting hydraulic hose manufacturing and repair for heavy equipment, mapping well to ISIC Division 33 (repair and installation of machinery and equipment) and to ISCO major group 7 (craft and related trades). Lower-level ISIC/ISCO digits are given with reduced confidence because the posting describes a specialized workshop/trade role but does not name a single exact standard class/unit group for an unambiguous one-to-one mapping."
24835,K - Financial and insurance activities,"64 - Financial service activities, except insurance and pension funding",641 - Monetary intermediation,6419 - Other monetary intermediation,0.95,0.95,0.9,0.85,2 - Professionals,"26 - Legal, social and cultural professionals",261 - Legal professionals,2611 - Lawyers,0.98,0.95,0.95,0.9,"This is an in-house senior legal role (lawyer) supporting a digital bank, so the occupation maps clearly to ISCO-08 unit group 2611 (Lawyers). Although the posting is labeled 'Legal' informally, the employer is a banking/financial institution, so the economic activity is best classified under ISIC K, division 64 (monetary intermediation / commercial banking)."
25185,N - Administrative and support service activities,81 - Services to buildings and landscape activities,81.1 - Combined facilities support activities,81.10 - Combined facilities support activities,0.9,0.9,0.9,0.88,1 - Managers,12 - Administrative and commercial managers,121 - Business services and administration managers,1219 - Business services and administration managers not elsewhere classified,0.95,0.85,0.75,0.55,"This role is best classified under ISIC as 'Combined facilities support activities' (Section N, Division 81) because it is a facilities management position responsible for building operation, maintenance and compliance across multiple sites. Occupationally, the job is clearly managerial (ISCO Major Group 1) in administrative/business services; the exact 4-digit ISCO unit-group mapping is somewhat uncertain so a broader business/administration manager code was used."
24016,H - Transportation and storage,52 - Warehousing and support activities for transportation,522 - Support activities for transportation,5223 - Service activities incidental to air transportation,0.95,0.9,0.85,0.8,9 - Elementary occupations,"93 - Elementary occupations in mining, construction, manufacturing and transport","931 - Labourers in mining, construction, manufacturing and transport",9313 - Freight handlers (ramp/ground handling),0.9,0.85,0.75,0.6,"This posting is clearly for an airport ground-handling role (ramp officer) and fits within ISIC Section H (Transportation and storage), most specifically support activities for air transportation. Occupationally it is best classified among ISCO elementary occupations as a transport-related labourer (freight/ground handler); top-level classifications are high confidence while the exact 4-digit ISCO/ISIC class assignments are somewhat less certain due to variation in national coding of ground-handling roles."
25095,Q - Human health and social work activities,88 - Social work activities without accommodation,88.9 - Other social work activities without accommodation,88.99 - Other social work activities without accommodation n.e.c.,0.95,0.92,0.75,0.6,2 - Professionals,"26 - Legal, social and cultural professionals",263 - Social and religious professionals,2634 - Psychologists,0.9,0.85,0.78,0.6,"This role is best classified under ISIC Section Q (Human health and social work activities), specifically division 88 (social work activities without accommodation) because it provides non-residential crisis counselling and referrals. For occupation, the role maps to ISCO as a social/welfare professional (professionals in legal, social and cultural fields) and is closest at the 4-digit level to psychologists/counselling professionals — the precise unit-group is somewhat uncertain because helpline counsellors can also be recorded under other social work or community-service professional codes depending on national coding practice."
24949,G - Wholesale and retail trade; repair of motor vehicles and motorcycles,"46 - Wholesale trade, except of motor vehicles and motorcycles",46.7 - Wholesale of other specialised products (includes wholesale of fuels and related products),"46.71 - Wholesale of solid, liquid and gaseous fuels and related products",0.95,0.95,0.85,0.95,7 - Craft and related trades workers,"72 - Metal, machinery and related trades workers",723 - Motor mechanics and repairers,7231 - Motor vehicle mechanics and repairers,0.95,0.9,0.9,0.85,"The employer is a fuel and lubricants distributor, which maps to ISIC Rev.4 class 46.71 (wholesale of fuels and related products) under Section G. The advertised role is a mechanic servicing company fleets (small engines, light vehicles, forklifts, trucks, road tankers), which corresponds to ISCO-08 unit group 7231 (motor vehicle mechanics and repairers); minor ambiguity remains because some tasks cover heavy equipment and forklifts but the overall fit is strong."
24941,C - Manufacturing,21 - Manufacture of basic pharmaceutical products and pharmaceutical preparations,"210 - Manufacture of pharmaceuticals, medicinal chemical and botanical products","2100 - Manufacture of pharmaceuticals, medicinal chemical and botanical products",0.8,0.7,0.65,0.6,4 - Clerical support workers,43 - Numerical and material-recording clerks,431 - Numerical and material-recording clerks,4311 - Accounting and bookkeeping clerks,0.95,0.75,0.6,0.45,"The occupation is clearly a clerical/accounting role (Accounts/Finance Assistant) and fits well within ISCO major group 4 (clerical support workers); more specific ISCO unit-group assignment is plausible but less certain without a detailed list of duties. The employer name indicates pharmaceutical manufacturing (ISIC Section C, Division 21), but the posting's informal industry label (Accounting/Finance) creates some ambiguity between employer sector and job function, so the ISIC assignment is based on the employer name with moderate confidence."
25130,G - Wholesale and retail trade; repair of motor vehicles and motorcycles,"47 - Retail trade, except of motor vehicles and motorcycles",477 - Retail trade of other goods in specialised stores,,0.95,0.9,0.85,0.2,1 - Managers,"14 - Hospitality, retail and other services managers",142 - Retail and wholesale trade managers,1422 - Shop and store managers,0.85,0.8,0.75,0.6,"The employer is principally a retail outlet offering customised trophies, medals and related personalized products, so the business activity maps best to ISIC Section G, Division 47 and specifically Group 477 (retail of other goods in specialised stores). The role is a frontline managerial/supervisory post responsible for technical production, team leadership and store-level sales/ordering — mapping to ISCO Major Group 1 (Managers), sub-major group 14 (Hospitality, retail and other services managers), and the retail/store manager unit group."
25169,S - Other service activities,94 - Activities of membership organizations,94.9 - Activities of other membership organizations,94.99 - Activities of other membership organizations n.e.c.,0.9,0.9,0.85,0.8,2 - Professionals,24 - Business and administration professionals,242 - Management and organization analysts,2421 - Management and organization analysts,0.85,0.7,0.5,0.4,"The vacancy is for a Monitoring, Evaluation & Learning Coordinator at an international NGO and best fits ISIC Rev.4 Section S (Activities of membership organizations, class 94.99). Occupationally it aligns with ISCO-08 Professionals — Business and administration professionals (management/monitoring specialist), though duties (data analysis, survey design) overlap with statisticians/analysts and could alternatively map to related ISCO unit groups; hence lower confidence at the most detailed ISCO levels."
24639,N - Administrative and support service activities,"82 - Office administrative, office support and other business support activities",821 - Office administrative and support activities,8211 - Combined office administrative service activities,0.85,0.85,0.75,0.6,4 - Clerical support workers,41 - General and keyboard clerks,412 - Personal assistants and secretaries,4120 - Personal assistants,0.98,0.9,0.9,0.88,"The role is a corporate executive/administrative support function, which maps clearly to ISCO-08 unit group for personal assistants and secretaries (clerical support). Given the job is described as office/administrative support, the employer activity is best-matched to ISIC section N (office administrative and support services), though the exact four-digit ISIC class is less certain without more information about the employer's primary business."
25013,K - Financial and insurance activities,"64 - Financial service activities, except insurance and pension funding",641 - Monetary intermediation,6419 - Other monetary intermediation,0.99,0.98,0.95,0.9,4 - Clerical support workers,43 - Numerical and material recording clerks,431 - Accounting and bookkeeping clerks,4312 - Payroll clerks,0.98,0.95,0.9,0.85,"The employer is a bank, so the economic activity maps clearly to ISIC section K and division 64 (monetary intermediation) with high confidence. The role is explicitly payroll-focused and supervisory, which fits well under ISCO clerical support workers (accounting/bookkeeping payroll clerks); the unit-group assignment is confident but slightly lower due to variation in national job titling and possible classification under closely related accounting/human-resources codes."
25366,C - Manufacturing,10 - Manufacture of food products,107 - Manufacture of bakery products and farinaceous products,1071 - Manufacture of bread; fresh pastry goods and cakes,0.98,0.97,0.95,0.92,1 - Managers,13 - Production and specialised services managers,131 - Manufacturing managers,1311 - Manufacturing managers,0.9,0.88,0.85,0.8,"This posting is for a frontline supervisory/management role in bakery production for a food-manufacturing company, so it clearly maps to ISIC Section C, Division 10 (food products) and specifically the bakery manufacturing class (1071). The occupation is best classified under ISCO as a manufacturing/production manager (supervisory level); there is minor uncertainty because the role is operationally focused (shift supervision) rather than senior strategic management."
24582,B - Mining and quarrying,07 - Mining of metal ores,072 - Mining of non-ferrous metal ores,0729 - Mining of other non‑ferrous metal ores,0.99,0.95,0.9,0.85,8 - Plant and machine operators and assemblers,81 - Stationary plant and machine operators,811 - Stationary plant operators,8112 - Mineral and metal‑processing‑plant operators,0.99,0.95,0.9,0.88,"This posting is clearly for a mining (gold) processing plant operator, so the ISIC classification falls under Mining and quarrying (B) → Mining of metal ores (07) and specifically non‑ferrous metal ores processing (072 / 0729). The occupation corresponds to stationary plant and machine operators in mineral/metal processing (ISCO major group 8 → 81 → 811 → 8112); the exact 4‑digit occupational label is assigned with slightly lower confidence due to variation in local job titles and potential overlap with broader plant/operator roles."
24994,S - Other service activities,94 - Activities of membership organisations,94.9 - Activities of other membership organisations,94.99 - Activities of other membership organisations n.e.c.,0.85,0.9,0.88,0.86,2 - Professionals,22 - Health professionals,226 - Other health professionals,2263 - Dieticians and nutritionists,0.95,0.93,0.9,0.9,"The occupational duties (designing and implementing community nutrition interventions, training health workers, monitoring nutrition indicators) closely match ISCO-08 code 2263 (Dieticians and nutritionists) and can be classified with high confidence. For the economic activity (ISIC) I classified the employer under 94.99 (activities of other membership organisations — NGO) because Save the Children is principally a non-governmental membership/charitable organisation, although the role’s health-focused activities could alternatively be coded within Section Q (Human health and social work activities) depending on whether classification follows employer principal activity or the specific service delivered."
24795,N - Administrative and support service activities,"82 - Office administrative, office support and other business support activities",82.1 - Office administrative and support activities,82.11 - Combined office administrative service activities,0.85,0.8,0.75,0.6,1 - Managers,12 - Administrative and commercial managers,121 - Business services and administration managers,1212 - Human resource managers,0.85,0.8,0.7,0.65,"This posting describes an operational HR/employee-services supervisory role that best fits within Administrative and support service activities (ISIC N / Division 82) and the human resources management area of ISCO (human resource managers). The major-group level classifications are made with good confidence based on duties (HRIS, payroll, onboarding, supervision), while the most specific 4-digit classes are less certain because the role is operationally focused within a single employer (could alternatively be classified as an HR specialist or internal business administration role depending on the employer's principal activity)."
24978,L - Real estate activities,68 - Real estate activities,682 - Renting and operating of own or leased real estate,6820 - Renting and operating of real estate,0.7,0.7,0.6,0.5,4 - Clerical support workers,42 - Customer service clerks / Client information clerks,422 - Client information clerks (including receptionists),4221 - Receptionists,0.95,0.9,0.85,0.75,"The role is primarily a front-desk receptionist/administrative position with added security and facilities-coordination duties, making it best classified as a clerical support role (ISCO 4221). The employer appears to be a real estate/estate-management firm, so the economic activity is most consistent with real estate activities (ISIC section L, division 68), though if the employer is instead an administrative/support services firm an alternative classification under section N would be plausible (reflected by moderate confidence at detailed ISIC levels)."
25132,P - Education,85 - Education,854 - Higher education,8540 - Higher education,0.95,0.95,0.9,0.85,2 - Professionals,"26 - Legal, social and cultural professionals","262 - Archivists, librarians and related information professionals",2622 - Librarians and related information professionals,0.95,0.9,0.9,0.85,"The vacancy is posted by a university and the role is a librarian position supporting higher education, so classifying the employer activity under ISIC P (Education) — specifically higher education (85/854/8540) — is appropriate. The job title 'Acquisitions Librarian' maps clearly to ISCO professionals in the librarian/archivist family (262 → unit group 2622), though if the role were at an independent public library rather than within a university the ISIC classification might instead fall under library and archive activities (section R)."
25021,H - Transportation and storage,52 - Warehousing and support activities for transportation,522 - Support activities for transportation,5222 - Service activities incidental to water transportation,0.95,0.9,0.9,0.85,1 - Managers,12 - Administrative and commercial managers,121 - Business services and administration managers,"1219 - Business services and administration managers, n.e.c.",0.95,0.88,0.75,0.6,"This posting is clearly for a managerial role within the shipping/logistics sector, so the ISIC classification as Transportation and Storage (Section H) with support activities for transportation (Division 52, Group 522, Class 5222 — services incidental to water transportation) is a close fit. The occupational classification as a manager is unambiguous (ISCO Major Group 1), but the precise 4-digit unit group is less certain because 'Branch Manager' spans commercial, operations and administrative duties and may be recorded under several specific manager subgroups; therefore confidence drops at the most detailed ISCO level."
25028,H - Transportation and storage,52 - Warehousing and support activities for transportation,522 - Support activities for transportation,5220 - Support activities for transportation,0.95,0.95,0.9,0.85,1 - Managers,12 - Administrative and commercial managers,,,0.95,0.65,0.15,0.1,"The job clearly belongs to Transportation and storage activities (ISIC Section H), specifically warehousing and support activities for transportation (Division 52 / Group 522 / Class 5220), because it describes freight forwarding, customs clearance, shipment tracking and port operations. The occupational mapping is to Managers (ISCO major group 1) — a logistics/distribution manager role — but the posting does not specify the precise ISCO minor/unit group, so the exact 3- and 4-digit ISCO codes are uncertain."
25311,Q - Human health and social work activities,86 - Human health activities,861 - Hospital activities,8610 - Hospital activities,0.98,0.98,0.95,0.9,2 - Professionals,22 - Health professionals,,,0.85,0.75,0.35,0.25,"The industry classification is clear: these vacancies are for roles within a district hospital and map to ISIC Q / 86 (hospital activities) with high confidence. Occupation classification is less specific because the posting advertises multiple distinct health occupations (anaesthetic officer, dental therapy assistant, radiographer) spanning both health professionals and health associate professionals, so assigning a single detailed ISCO 3- or 4-digit code is uncertain."
24139,B - Mining and quarrying,07 - Mining of metal ores,072 - Mining of non-ferrous metal ores,,0.99,0.98,0.95,0.25,3 - Technicians and associate professionals,31 - Science and engineering technicians,311 - Physical and engineering science technicians,,0.9,0.8,0.6,0.2,"This vacancy is clearly in the mining sector (Kainantu gold mine) and best matched to ISIC division 07 (mining of metal ores), specifically non‑ferrous metal ore mining. The occupational fit is a technical mine operations/control role (short-interval control / mine control centre) so it maps well to ISCO technicians/associate professionals in science and engineering, but the posting does not provide a precise ISIC 4-digit class or an exact ISCO 4-digit unit-group, so lower-level codes are given with reduced confidence."
25170,H - Transportation and storage,52 - Warehousing and support activities for transportation,522 - Support activities for transportation,5220 - Support activities for transportation (includes freight forwarding and logistics services),0.99,0.95,0.92,0.88,1 - Managers,13 - Production and specialised services managers,"133 - Supply, distribution and related managers","1330 - Supply, distribution and related managers (e.g. operations / logistics managers)",0.99,0.92,0.88,0.85,"This posting is a clear fit to ISIC Section H (Transportation and storage), specifically the warehousing and support activities for transportation division (freight forwarding and logistics). The occupational match is best represented under ISCO-08 as a managerial role in supply and distribution (Operations/Logistics Manager), with high confidence given the described responsibilities and required experience."
25119,B - Mining and quarrying,07 - Mining of metal ores,072 - Mining of non-ferrous metal ores,0720 - Mining of non-ferrous metal ores (including gold),1.0,0.98,0.95,0.85,7 - Craft and related trades workers,"72 - Metal, machinery and related trades workers","723 - Blacksmiths, toolmakers and related trades workers (broad category)","7239 - Other metal, machinery and related trades workers (includes riggers and slingers) [approximate]",0.9,0.65,0.4,0.3,"This vacancy is clearly for a rigger working in a gold mining operation, so the ISIC classification as Mining and quarrying (Section B), Mining of metal ores (07) — specifically non‑ferrous metal ores (072) — is highly confident. The ISCO assignment is confident at the major group level (craft/trades worker) but less certain at the 3‑ and 4‑digit levels because ISCO does not always have a single precise unit group for riggers who sling loads and signal cranes (they can be classified as a craft/trade worker or as a crane/plant operator depending on national practice)."
25189,B - Mining and quarrying,07 - Mining of metal ores,072 - Mining of non-ferrous metal ores,0729 - Mining of other non‑ferrous metal ores,0.98,0.95,0.9,0.85,7 - Craft and related trades workers,71 - Building and related trades workers,"713 - Plumbers, pipefitters and related workers",7132 - Plumbers and pipefitters,0.95,0.9,0.8,0.7,"This posting is clearly for a plumbing/pipework trades role within a gold‑mining operation, so classification to ISIC section B (Mining and quarrying) and ISIC division 07 (Mining of metal ores) is strong. The occupation maps well to craft trades (plumbers/pipefitters) in ISCO-08; major and sub-major groupings are high confidence while the exact 4‑digit unit code is less certain because the advertised title is generic ('Technician') and some duties overlap with maintenance/technician roles."
25291,B - Mining and quarrying,07 - Mining of metal ores,072 - Mining of non‑ferrous metal ores,0729 - Mining of other non‑ferrous metal ores,0.95,0.95,0.95,0.9,2 - Professionals,21 - Science and engineering professionals,214 - Engineering professionals,2149 - Other engineering professionals (includes surveyors where classified at professional level),0.95,0.9,0.85,0.6,"The vacancy is clearly for an underground mine surveyor at an operating gold mine, so assigning the employer activity to ISIC Section B, Division 07 (mining of metal ores) and Group 072 (non‑ferrous metal ores, e.g. gold) is highly certain. The role is a professional surveying position (tertiary-qualified surveyor performing engineering/geospatial tasks), so mapping to ISCO Major Group 2 (Professionals) and the engineering professionals subgroup is appropriate, although the precise 4‑digit unit group for surveyors can vary between 'engineering professionals' and mapping/surveying technician categories depending on national practice, hence lower confidence at the most detailed ISCO level."
25176,H - Transportation and storage,50 - Water transport,502 - Sea and coastal freight water transport,5020 - Sea and coastal freight water transport,0.99,0.95,0.9,0.9,1 - Managers,"11 - Chief executives, senior officials and legislators",111 - Chief executives and senior officials,1110 - Managing directors and chief executives,0.99,0.75,0.65,0.6,"This role is clearly within the water transport sector (ISIC Section H, Division 50) given its responsibility for ship operations and tanker management, so the ISIC classification is high-confidence at the division/group/class levels. The occupation is a senior managerial post (ISCO Major Group 1) and maps to chief executive/management categories, though exact ISCO sub-class assignment (managing director vs. specialized transport manager) is somewhat less certain because the role is an operational business-unit manager rather than a corporate CEO."
25254,C - Manufacturing,10 - Manufacture of food products,"106 - Manufacture of grain mill products, starches and starch products",1061 - Manufacture of grain mill products,0.9,0.85,0.75,0.7,5 - Service and sales workers,52 - Sales workers,522 - Shop sales assistants and displayers,5223 - Merchandisers and window dressers,0.95,0.9,0.85,0.8,"The employer (Trukai Industries) is an FMCG food manufacturer (rice/grain milling), so classifying the economic activity under ISIC C → 10 → 106 → 1061 (manufacture of grain mill products) is appropriate with good confidence. The job duties (creating in-store displays, shelf placement, training shop staff) match the ISCO sales-worker profile and specifically the merchandiser/window-dresser unit group, so the occupational classification as 5 → 52 → 522 → 5223 is appropriate though exact unit-group assignment has moderate uncertainty across coding conventions."
25380,C - Manufacturing,33 - Repair and installation of machinery and equipment,"331 - Repair of fabricated metal products, machinery and equipment",,0.98,0.7,0.6,0.25,7 - Craft and related trades workers,"72 - Metal, machinery and related trades workers","721 - Metal moulders, welders, sheet‑metal and structural‑metal preparers and related trades workers",,0.99,0.9,0.85,0.3,"The vacancy is for a skilled welder working in the maintenance/repair function of a manufacturing (FMCG) company, so classifying the economic activity under Manufacturing (Section C) and repair/maintenance (Division 33 / Group 331) is appropriate. Occupationally the role clearly fits Craft and related trades (ISCO major group 7), specifically the metal/welding trades (sub‑major 72 / minor 721); precise 4‑digit unit codes are less certain from the posting text alone."
25133,H - Transportation and storage,52 - Warehousing and support activities for transportation,521 - Warehousing and storage,5210 - Warehousing and storage,0.95,0.95,0.95,0.95,1 - Managers,"14 - Hospitality, retail and other services managers",142 - Retail and wholesale trade managers,1422 - Wholesale and retail trade managers,0.85,0.7,0.7,0.65,"The industry classification is clear and highly confident: this role is in warehousing and storage (ISIC H / 52 / 521 / 5210). The occupational mapping is moderately confident: the advertised Warehouse Supervisor performs supervisory/managerial duties in a warehouse (mapped to Managers — wholesale/retail trade managers, ISCO 1422), though in some taxonomies it could alternatively map to a first-line supervisor of transport/storage workers which lowers the unit-group confidence."
24474,B - Mining and quarrying,07 - Mining of metal ores,072 - Mining of non-ferrous metal ores,0729 - Mining of other non-ferrous metal ores (including gold),0.99,0.98,0.95,0.9,1 - Managers,13 - Production and specialised services managers,,,0.95,0.7,0.3,0.2,"The employer and role are clearly within mining (metal/gold) operations, so ISIC B / 07 / 072 / 0729 is the appropriate classification with high confidence. The occupation is managerial (superintendent leading community affairs and teams), so it falls under ISCO major group 1 (Managers); however, mapping to a precise ISCO sub‑group/unit (e.g., a specific mining/community‑relations manager code) is uncertain from the posting, so lower confidence is given for finer occupational levels."
25275,P - Education,85 - Education,853 - Higher education,8530 - Higher education,0.99,0.99,0.98,0.98,2 - Professionals,24 - Business and administration professionals,,,0.92,0.85,0.3,0.1,"The employer is a tertiary education institution and the Project Officer role supports institutional infrastructure projects, so the ISIC classification is clearly Education, specifically Higher education (P; 85; 853; 8530). The occupational classification best fits Business and Administration professionals (ISCO major group 2, sub-major 24) given the project-management, procurement and contract-management duties; however the exact minor/unit ISCO group is ambiguous from the posting so deeper ISCO levels are left unspecified."
25350,B - Mining and quarrying,09 - Support activities for mining and quarrying,099 - Support activities for other mining and quarrying,0990 - Support activities for other mining and quarrying,0.95,0.92,0.88,0.82,2 - Professionals,21 - Science and engineering professionals,211 - Physical and earth science professionals,2112 - Geologists and geophysicists,0.98,0.96,0.92,0.9,"The role is a senior field exploration geologist working for a mining company conducting soil sampling, trenching and drilling as part of mineral exploration and development; this activity best fits ISIC Section B, Division 09 (support activities for mining and quarrying). The occupation clearly matches ISCO-08 geoscience professionals (Physical and earth science professionals — geologists and geophysicists) given the required qualifications, duties and senior exploration responsibilities."
25325,H - Transportation and storage,50 - Water transport,501 - Sea and coastal water transport,5010 - Sea and coastal water transport,0.9,0.85,0.8,0.75,4 - Clerical support workers,43 - Numerical and material recording clerks,431 - Numerical and material recording clerks,4311 - Accounting and bookkeeping clerks,0.97,0.9,0.85,0.88,"The employer operates in maritime shipping/logistics so ISIC classification is best placed in Transportation and storage (Section H), specifically Sea and coastal water transport (50.1 / 5010), though it could alternatively map to transport support services. The occupation is clearly a payroll/accounting clerical role (Clerical support workers → Accounting and bookkeeping clerks, ISCO 4311) based on duties and qualifications described."
25217,P - Education,85 - Education,853 - Higher education,8530 - Higher education,0.99,0.99,0.95,0.95,1 - Managers,12 - Administrative and commercial managers,121 - Business services and administration managers,1219 - Business services and administration managers not elsewhere classified,0.95,0.75,0.6,0.45,The employer and duties clearly place this role within the Education sector and specifically higher education (ISIC P / 85 / 853 / 8530) with high confidence. The occupational classification is confidently a managerial role (ISCO major group 1) but mapping to a single detailed ISCO unit/group is less certain because a university Quality Assurance Manager could be coded as an education manager or as a business/administration services manager depending on national coding practice and the organization’s internal structure.
25231,B - Mining and quarrying,07 - Mining of metal ores,072 - Mining of non-ferrous metal ores,0729 - Mining of other non-ferrous metal ores,0.95,0.95,0.9,0.85,1 - Managers,12 - Administrative and commercial managers,121 - Business services and administration managers,1212 - Human resource managers,0.95,0.8,0.85,0.75,"The employer is a gold-mining company (Newmont Lihir), so the economic activity is best classified under Mining and quarrying (ISIC Section B), specifically mining of non‑ferrous metal ores (gold). The role is a senior HR/people-management position responsible for leading HR business partners and workforce strategy, which corresponds to a human resource manager within ISCO (Managers → Administrative and commercial managers → Business services and administration managers → Human resource managers)."
24882,B - Mining and quarrying,07 - Mining of metal ores,072 - Mining of non-ferrous metal ores,0729 - Mining of other non-ferrous metal ores,0.95,0.92,0.88,0.8,7 - Craft and related trades workers,"72 - Metal, machinery and related trades workers",723 - Motor mechanics and repairers,7231 - Motor vehicle mechanics and repairers,0.95,0.9,0.9,0.88,"This is a light-vehicle service and maintenance role based at a gold-mining operation, so classifying the employer under Mining and quarrying (non‑ferrous metal ores / gold) is appropriate. The occupational duties describe a motor vehicle mechanic/technician (vehicle diagnostics, repairs, fleet maintenance and supervision), which fits ISCO unit group 7231 with high confidence."
24703,I - Accommodation and food service activities,56 - Food and beverage service activities,561 - Restaurants and mobile food service activities,5610 - Restaurants and mobile food service activities,0.99,0.98,0.95,0.92,5 - Service and sales workers,51 - Personal service workers,513 - Waiters and bartenders,5131 - Waiters and waitresses,1.0,0.96,0.95,0.9,"This posting is clearly for a front-of-house restaurant role (waiter/waitress) and maps directly to ISIC section I, division 56 (food and beverage service activities) and ISCO unit group 5131 (waiters and waitresses). The job description is explicit about duties and employer type, so classification is highly confident at the major and sub-major levels with only minimal uncertainty at the most detailed (4-digit) levels."
25253,G - Wholesale and retail trade; repair of motor vehicles and motorcycles,"46 - Wholesale trade, except of motor vehicles and motorcycles","466 - Wholesale of solid, liquid and gaseous fuels and related products","4663 - Wholesale of solid, liquid and gaseous fuels and related products",0.95,0.92,0.78,0.65,8 - Plant and machine operators and assemblers,83 - Drivers and mobile-plant operators,833 - Drivers and mobile-plant operators (truck/tanker drivers),8332 - Truck and lorry drivers (tanker drivers),0.96,0.9,0.85,0.7,"The employer is a fuel and lubricants distributor operating depots and distribution centres, which corresponds to ISIC G (Wholesale and retail trade) and more specifically wholesale of fuels. The job is clearly a tanker truck driver transporting fuel products, fitting ISCO major group 8 (drivers and mobile-plant operators) though exact 4-digit unit-group mapping (tanker/truck driver) is given with moderate confidence."
25239,B - Mining and quarrying,07 - Mining of metal ores,071 - Mining of metal ores,,0.98,0.98,0.9,0.2,2 - Professionals,24 - Business and administration professionals,241 - Finance professionals,2411 - Accountants,0.88,0.9,0.85,0.8,Employer is an operating gold mine so the economic activity is Mining and quarrying (mining of metal ores). The role 'Cost Controller' is a finance/accounting professional role supporting project cost control and reporting and maps to ISCO finance/accounting (Accountant / finance professional).
25370,K - Financial and insurance activities,"64 - Financial service activities, except insurance and pension funding",641 - Monetary intermediation,6419 - Other monetary intermediation,0.95,0.95,0.85,0.75,4 - Clerical support workers,42 - Customer services clerks,422 - Client information clerks,4222 - Contact centre / call centre representatives,0.9,0.88,0.82,0.65,"This posting is for a customer-service / contact-centre role within a commercial bank, so it maps strongly to ISIC Section K (financial services) and ISIC Division 64 (financial service activities). The occupational mapping to ISCO major group 4 (clerical support workers) and the customer-services subgroups is also robust, while exact 4-digit unit-group assignment is slightly less certain because contact-centre roles can sometimes be coded under alternative service or sales classifications depending on local practice."
25357,H - Transportation and storage,52 - Warehousing and support activities for transportation,522 - Support activities for transportation,5224 - Cargo handling (freight forwarding / shipping agency activities),0.95,0.95,0.9,0.7,4 - Clerical support workers,41 - Office clerks,411 - General office clerks,4110 - General office clerks / sales support,0.9,0.85,0.8,0.7,"The employer is a shipping/agency business providing support activities for transportation, so ISIC H (52, 522) is the best fit; the 4-digit class is assigned to cargo handling/freight-forwarding/shipping-agency activities with moderate confidence. The role is primarily administrative and customer-facing sales support (clerical duties, quotations, client coordination), so it maps to ISCO major group 4 (clerical support), specifically general office/customer service clerk categories."
25396,B - Mining and quarrying,07 - Mining of metal ores,072 - Mining of non-ferrous metal ores,0729 - Mining of other non-ferrous metal ores,0.95,0.95,0.9,0.9,8 - Plant and machine operators and assemblers,83 - Drivers and mobile plant operators,,,0.95,0.9,0.25,0.1,"The posting clearly identifies mining activity (gold open-cut operation) so ISIC can be classified confidently as Mining of metal ores (B / 07 / 072 / 0729). The occupation is unambiguously a crane/mobile plant operator (ISCO major group 8; sub-major 83), but the exact ISCO 3- and 4-digit unit group is not specified in the ad and therefore is given as uncertain."
25126,"M - Professional, scientific and technical activities",69 - Legal and accounting activities,"692 - Accounting, bookkeeping and auditing activities; tax consultancy","6920 - Accounting, bookkeeping and auditing activities; tax consultancy",0.8,0.8,0.85,0.85,4 - Clerical support workers,43 - Numerical and material recording clerks,431 - Numerical clerks,4311 - Accounting and bookkeeping clerks (payroll clerks typically classified here),0.95,0.9,0.85,0.8,"The job is a clerical accounting role (payroll processing and record-keeping) and maps well to ISCO-08 clerical support (numerical/accounting clerks). The ISIC mapping to accounting/bookkeeping activities (class 6920) is plausible given the posting's stated 'Accounting / Finance' industry, but is slightly less certain because the employer's overall economic activity is not explicitly an accounting firm."
24959,H - Transportation and storage,51 - Air transport,513 - Supporting and auxiliary activities to air transport,5130 - Support activities for air transport,0.98,0.97,0.95,0.93,4 - Clerical support workers,43 - Material‑recording and transport clerks,432 - Material‑recording and transport clerks,4322 - Transport clerks,0.85,0.8,0.82,0.75,"The role is clearly part of air transport ground/auxiliary operations, so ISIC classification under Section H, Division 51 and Class 5130 (support activities for air transport) is appropriate and highly certain. Occupationally, the position maps best to clerical/transport coordination (transport clerk/load control duties) under ISCO as a transport clerk (4322), though exact unit-group mapping is somewhat less certain because the role combines documentation, coordination and operational functions specific to aviation."
24738,B - Mining and quarrying,07 - Mining of metal ores,072 - Mining of non-ferrous metal ores,0729 - Mining of other non-ferrous metal ores,0.99,0.98,0.95,0.85,2 - Professionals,21 - Science and engineering professionals,214 - Engineering professionals,2146 - Mining engineers,0.99,0.98,0.97,0.85,"This posting is a clear match to the mining sector (metal ore extraction) and specifically describes a senior/technical mining engineering role focused on underground mine planning and operations, so the ISIC and ISCO major and mid-level classifications are highly confident. Confidence is slightly lower at the most granular ISIC class and ISCO unit-group levels due to variations in class naming/numbering across code lists and because some countries may record gold-mining activity under nearby class codes."
24948,G - Wholesale and retail trade; repair of motor vehicles and motorcycles,"46 - Wholesale trade, except of motor vehicles and motorcycles",466 - Wholesale of other intermediate products,"4663 - Wholesale of solid, liquid and gaseous fuels and related products",0.98,0.97,0.95,0.9,1 - Managers,12 - Administrative and commercial managers,122 - Wholesale and retail trade managers,,0.95,0.8,0.7,0.25,"The employer operates fuel storage and distribution depots, so the activity maps clearly to ISIC Rev.4 class 4663 (wholesale of fuels) with high confidence. The role is a depot supervisor responsible for day-to-day operations and inventory control, which places it among managerial occupations in ISCO-08 (Managers → Administrative and commercial managers → Wholesale and retail trade managers), though the exact 4-digit unit group is less certain because the title is a supervisor (first-line) rather than a senior manager."
25379,C - Manufacturing,10 - Manufacture of food products,"106 - Manufacture of grain mill products, starches and starch products",1061 - Manufacture of grain mill products,0.98,0.95,0.92,0.9,1 - Managers,13 - Production and specialised services managers,131 - Manufacturing managers,,0.9,0.85,0.7,0.3,"The employer and job description clearly place this role in manufacturing—specifically rice milling—so the ISIC classification (C → 10 → 106 → 1061) is highly confident. The occupation is a production/shift supervisor and maps well to production/ manufacturing managers in ISCO (major group 1 / sub-major 13), but whether it is coded to a detailed manager unit group or to a first-line supervisor unit in another major group depends on national interpretation and the exact scope of managerial authority, so the 4-digit ISCO assignment is less certain."
25057,O - Public administration and defence; compulsory social security,84 - Public administration and defence; compulsory social security,841 - Administration of the state and of economic and social policy of the community,8411 - General public administration activities,0.95,0.9,0.85,0.75,1 - Managers,12 - Administrative and commercial managers,121 - Business services and administration managers,1212 - Human resource managers,0.95,0.9,0.9,0.85,"This role is a senior human resources management position within a provincial government administration, so it best fits ISIC Section O (public administration) and ISCO-08 Manager (human resources manager) classifications. The sector and occupation are clear at high levels; the exact ISIC 4-digit class and ISCO unit group are assigned with slightly lower confidence because job postings sometimes combine administrative support with sector-specific functions."
25168,F - Construction,43 - Specialised construction activities,"43.2 - Electrical, plumbing and other construction installation activities",,0.85,0.75,0.65,0.3,7 - Craft and related trades workers,,,,0.95,0.25,0.25,0.25,"This posting is best classified in the construction sector (ISIC F), with emphasis on specialised construction installation activities (electrical, plumbing, etc.), but the employer is a manpower/recruitment intermediary and the roles will serve multiple sectors (oil & gas, mining, equipment rentals), so precise 4-digit ISIC assignment is uncertain. Occupation classification is clear at the major-group level as craft and related trades workers (ISCO-08 major group 7) because the advert targets licensed plumbers, electricians, carpenters, welders and related trades; finer ISCO subgrouping is indeterminate because multiple distinct trades are listed."
25091,I - Accommodation and food service activities,55 - Accommodation,55.1 - Accommodation,55.10 - Hotels and similar accommodation,0.97,0.95,0.94,0.93,5 - Service and sales workers,51 - Personal service workers,512 - Cooks,5120 - Cooks,0.95,0.88,0.9,0.85,"The employer is a hotel (Crowne Plaza Residences), so the economic activity best fits ISIC Section I, Division 55, Class 55.10 (Hotels and similar accommodation). The role is a kitchen position (Demi Chef), which maps to ISCO as a cook/chef (major group 5; unit group 5120 Cooks), though there is minor uncertainty between specific chef-level unit groups (e.g., 'chef' vs. 'cook')."
25246,B - Mining and quarrying,07 - Mining of metal ores,072 - Mining of non-ferrous metal ores,0729 - Mining of other non-ferrous metal ores,0.99,0.98,0.95,0.95,1 - Managers,13 - Production and specialised services managers,"132 - Manufacturing, mining and construction managers","1322 - Supply, distribution and related managers",0.95,0.9,0.85,0.85,"The employer operates a gold mine in Papua New Guinea, so the economic activity clearly falls under ISIC Section B, Division 07, specifically class 0729 (mining of other non‑ferrous metal ores). The role is a logistics/supply position within the mining operation and functions as a supply/distribution manager-level role (ISCO 1322), although the job title 'Officer' could indicate either a frontline manager or a senior specialist so there is moderate uncertainty about the exact managerial level."
25385,I - Accommodation and food service activities,55 - Accommodation,551 - Hotels and similar accommodation,5510 - Hotels and similar accommodation,0.98,0.97,0.95,0.95,4 - Clerical support workers,41 - General office clerks,411 - General office clerks,4110 - General office clerks,0.9,0.75,0.65,0.55,"This role is clearly in the accommodation sector (hotel) and maps strongly to ISIC Section I, Division 55 (hotels and similar accommodation) with high confidence. Occupationally the position is best described as clerical/office support within a hospitality context (administration, coordination, guest-facing concierge duties); the major-group assignment to Clerical Support Workers is fairly confident but the precise 4-digit ISCO unit-group is less certain because the role blends receptionist/concierge guest services with administrative project coordination."
25103,I - Accommodation and food service activities,55 - Accommodation,55.1 - Short term accommodation activities,55.10 - Hotels and similar accommodation,0.98,0.97,0.96,0.95,9 - Elementary occupations,91 - Cleaners and helpers,"911 - Cleaners and helpers in offices, hotels and other establishments",9112 - Kitchen helpers and assistants,0.95,0.9,0.88,0.75,"This posting is for a Kitchen Hand employed by Holiday Inn (a hotel), so the economic activity clearly falls under Accommodation and food service activities — specifically hotels and similar accommodation (ISIC 55.10). The occupational classification as an elementary occupation (cleaners and helpers in hotels, ISCO major group 9 and unit group for kitchen helpers) is appropriate and certain at the broad levels, though exact 4-digit ISCO unit-group labeling for 'kitchen hand' carries slightly less confidence."
25027,P - Education,85 - Education,853 - Higher education,8530 - Higher education,0.99,0.98,0.98,0.98,3 - Technicians and associate professionals,31 - Science and engineering technicians,311 - Physical and engineering science technicians,3112 - Chemical and physical science technicians,0.99,0.95,0.9,0.75,"The employer is a university and the role is a laboratory support position, so ISIC classification clearly falls under P (85, higher education 853/8530) with high confidence. The occupation maps to ISCO major group 3 (science/engineering technicians); 'Laboratory Technician' most closely corresponds to science laboratory technician unit groups (I selected 3112 — chemical and physical science technicians — with moderate confidence since the posting describes general university lab duties rather than a narrowly specified chemical/medical specialty)."
24993,S - Other service activities,94 - Activities of membership organisations,94.9 - Activities of other membership organisations n.e.c.,94.99 - Activities of other membership organisations n.e.c.,0.9,0.88,0.82,0.78,1 - Managers,,,,0.95,0.2,0.15,0.1,"This role is best classified under ISIC as an activity of a membership/non-governmental organisation (Section S, Division 94), which fits Save the Children’s NGO programme delivery profile. Occupationally, the position is clearly managerial (ISCO major group 1), but the job blends program technical expertise and management across health and social protection so assigning a single lower-level ISCO code with high confidence is not possible from the posting alone."
25225,C - Manufacturing,23 - Manufacture of other non-metallic mineral products,239 - Manufacture of other non-metallic mineral products n.e.c.,2399 - Manufacture of other non-metallic mineral products n.e.c.,0.95,0.9,0.85,0.7,2 - Professionals,24 - Business and administration professionals,242 - Management and organisation professionals,2423 - Personnel and careers professionals (Human resources professionals),0.85,0.85,0.8,0.6,"The employer is described as a manufacturer of construction/building products, so ISIC classification within Manufacturing (Division 23: other non‑metallic mineral products) is appropriate though the exact 4‑digit class is inferred rather than explicitly stated. The role is clearly an HR specialist position (recruitment, onboarding, employee relations, payroll liaison) fitting within ISCO as a human resources/personnel professional, but the job is middle/senior‑officer level (not a top manager), so the exact unit‑group assignment has moderate uncertainty."
24577,F - Construction,41 - Construction of buildings,411 - Development of building projects,4110 - Development of building projects,0.95,0.88,0.8,0.75,4 - Clerical support workers,41 - General and keyboard clerks,411 - General office clerks,4110 - General office clerks,0.85,0.8,0.75,0.7,"The employer's activities and the job duties (managing building-related regulatory submissions, coordinating design approvals and project documentation) align well with Construction (ISIC F), specifically development of building projects (ISIC 4110). The occupation fits most closely with clerical/support roles (ISCO major group 4) given the emphasis on administration, scheduling, minutes, correspondence and record-keeping, although some supervisory and liaison responsibilities introduce moderate uncertainty between a higher-level administrative associate/managerial classification."
25088,"M - Professional, scientific and technical activities",72 - Scientific research and development,72.1 - Research and experimental development on natural sciences and engineering,72.10 - Research and experimental development on natural sciences and engineering,0.95,0.95,0.9,0.9,3 - Technicians and associate professionals,32 - Health associate professionals,325 - Personal care workers in health services,3254 - Community health workers,0.9,0.85,0.75,0.65,"This role is primarily a medical research / public health position (HEAL-PNG clinical trial activities) and fits well within ISIC 72.10 (research and experimental development on natural sciences and engineering). Occupationally the job aligns with health associate professionals working at community level (community health workers / health extension officers) though the position combines clinical, research coordination and training tasks, so there is some uncertainty at the most detailed ISCO unit-group level."
25384,C - Manufacturing,10 - Manufacture of food products,,,0.95,0.95,0.3,0.1,8 - Plant and machine operators and assemblers,83 - Drivers and mobile-plant operators,833 - Drivers and mobile-plant operators (vehicle drivers),8333 - Heavy truck and lorry drivers,0.95,0.95,0.9,0.7,"The employer is clearly a food manufacturer/distributor (Goodman Fielder), so the job is classified under ISIC Division 10 (Manufacture of food products) with high confidence; however the company produces a range of products across multiple 4-digit food classes so a specific 4-digit ISIC class cannot be assigned confidently. The occupation is unambiguously a vehicle/ goods driver and fits within ISCO major group 8 and the drivers/mobile-plant operators subgroup; the exact unit group (heavy truck/lorry driver vs van/utility driver) is somewhat uncertain from the posting, so the 4-digit ISCO code is given with moderate confidence."
24870,B - Mining and quarrying,09 - Support activities for mining and quarrying,091 - Support activities for petroleum and natural gas extraction,0910 - Support activities for petroleum and natural gas extraction,0.95,0.95,0.92,0.92,7 - Craft and related trades workers,"72 - Metal, machinery and related trades workers",723 - Machinery mechanics and repairers,7232 - Heavy vehicle and mobile equipment mechanics and repairers,0.9,0.85,0.75,0.7,"The role is best classified under ISIC 0910 (support activities for petroleum and natural gas extraction) because it is a drilling-service mechanical supervision position supporting field drilling operations. Occupationally, the role aligns with ISCO major group 7 (craft and related trades workers), specifically machinery mechanics and repairers (supervisory level for heavy/mobile equipment), though there is some ambiguity between a technical supervisor and an engineering/technician category in ISCO which slightly lowers the unit-group confidence."
25020,N - Administrative and support service activities,81 - Services to buildings and landscape activities,81.1 - Combined facilities support activities,81.10 - Combined facilities support activities,0.85,0.82,0.75,0.72,7 - Craft and related trades workers,71 - Extraction and building trades workers,,,0.6,0.55,0.2,0.1,"This vacancy is clearly a facilities/camp maintenance supervisory role supporting oil & gas operations and best fits ISIC Rev.4 Section N, Division 81 (combined facilities support activities). The occupational mapping is less certain: the role supervises tradespeople and could be classified among building/maintenance supervisors (craft-related workers), but it sits between frontline trade supervisors and facilities/building managers so detailed ISCO unit-group assignment is uncertain."
25171,B - Mining and quarrying,07 - Mining of metal ores,072 - Mining of non-ferrous metal ores,0721 - Mining of gold ores,0.98,0.95,0.9,0.75,2 - Professionals,21 - Science and engineering professionals,"215 - Architects, planners and surveyors",2153 - Surveyors,0.95,0.9,0.85,0.8,"The employer is a gold mining company (Porgera Gold Mine) so the activity is classified under Mining and quarrying, specifically mining of non-ferrous metal ores (gold). The role is a senior professional surveyor working on large-scale capital and construction projects, which maps to ISCO as a surveyor (professional category) with high confidence."
25164,B - Mining and quarrying,07 - Mining of metal ores,072 - Mining of non-ferrous metal ores,0729 - Mining of other non-ferrous metal ores,0.99,0.95,0.9,0.8,8 - Plant and machine operators and assemblers,81 - Stationary plant and machine operators,811 - Operators of stationary plant and equipment (mining and mineral processing),8112 - Mining and mineral‑processing plant operators / Drillers (diamond drill rig operators),0.95,0.85,0.6,0.5,"This vacancy is clearly in the mining sector (gold mine operator) and is best classified under ISIC section B, division 07 (mining of metal ores), specifically non‑ferrous metal ores (gold). The occupation is a drill rig operator role (diamond driller) and most closely maps to ISCO major group 8 (plant and machine operators); finer ISCO sub‑group/unit assignment is less certain because ISCO unit-group labels and numbering for specialized drilling roles vary between national implementations."
25134,P - Education,85 - Education,854 - Higher (tertiary) education,8540 - Tertiary education (higher education establishments / universities),0.95,0.95,0.9,0.75,3 - Technicians and associate professionals,"34 - Legal, social and cultural associate professionals","343 - Archivists, librarians and related information associate professionals",3431 - Library and archive technicians / Library assistants (cataloguing),0.9,0.85,0.8,0.8,"Because the employer is a university (PNG University of Technology) the economic activity is best coded to Education (ISIC P / Division 85 — tertiary/higher education). The job title Assistant Librarian – Cataloguing corresponds to an associate professional/technician role in library services (ISCO associate-professional group for archivists/librarians and library technicians); there is some uncertainty at the deepest digit levels about whether to code as a full librarian (professional) versus a library technician/assistant, so confidence is lower at the 4-digit level."
25349,C - Manufacturing,10 - Manufacture of food products,,,0.98,0.97,0.3,0.2,3 - Technicians and associate professionals,33 - Business and administration associate professionals,332 - Business services and administration associate professionals,3322 - Buyers and purchasing agents (procurement officers),0.85,0.85,0.7,0.65,"This vacancy is clearly within the food manufacturing (FMCG) sector, so ISIC Section C, Division 10 (Manufacture of food products) is an appropriate industry classification. The role is a procurement/purchasing position that fits best under ISCO major group 3 (business and administration associate professionals) — the precise ISIC 3/4-digit class and the exact ISCO unit-group mapping are somewhat uncertain because Goodman Fielder produces a range of food products and procurement job titles vary by seniority and specific product lines."
25078,F - Construction,43 - Specialised construction activities,"432 - Electrical, plumbing and other construction installation","4322 - Plumbing, heat and air-conditioning installation",0.95,0.95,0.95,0.95,7 - Craft and related trades workers,74 - Electrical and electronic trades workers,742 - Electrical and electronic installers and repairers,7421 - Electrical and electronic installers and repairers (includes refrigeration and air-conditioning mechanics),0.98,0.85,0.75,0.6,"This vacancy is clearly for an HVAC&R tradesperson whose primary activities are installation, maintenance and repair of refrigeration, heating and air‑conditioning systems, which maps well to ISIC class 4322 (Plumbing, heat and air‑conditioning installation) within Construction. Occupationally it is a craft/trades role (ISCO major group 7) and best fits the electrical/electronic installers and repairers area (ISCO 742), though specific 4‑digit unit assignment is slightly less certain because national coding sometimes places HVAC/R mechanics with plumbers/pipefitters or with electrical/mechanical fitters."
25207,C - Manufacturing,"25 - Manufacture of fabricated metal products, except machinery and equipment","251 - Manufacture of fabricated metal products, except machinery and equipment",2511 - Manufacture of structural metal products,0.7,0.85,0.8,0.75,4 - Clerical support workers,43 - Numerical and material recording clerks,431 - Numerical and material recording clerks,4311 - Accounting and bookkeeping clerks (includes payroll clerks),0.95,0.9,0.85,0.8,"The occupation is clearly a payroll/accounting clerical role and can be classified with high confidence under ISCO-08 clerical support workers (accounting/bookkeeping/payroll clerks). The employer is described as a steel fabrication and construction company, so I classified the business under manufacturing of structural metal products (ISIC C25.11) — this fits the 'steel fabrication' activity but there is moderate uncertainty because the firm also undertakes construction activities that could alternatively place it in Section F (Construction)."
25319,P - Education,85 - Education,853 - Higher education,8530 - Higher education,0.95,0.95,0.9,0.85,1 - Managers,12 - Administrative and commercial managers,"122 - Sales, marketing and development managers",1221 - Sales and marketing managers,0.98,0.95,0.9,0.85,"Industry: The employer is a university (PNG University of Technology), so the economic activity is best classified as Education (ISIC Section P, Division 85), specifically Higher education (853/8530) with high confidence. Occupation: The advertised role 'Business Development Manager' is a managerial position focused on business development/sales/marketing functions and maps best to ISCO-08 as a Sales/Marketing/Development manager (major group 1, sub-major 12, minor 122, unit 1221); classification is fairly confident though exact duties (e.g., fundraising, institutional relations, or commercial partnerships) are not provided and could shift the unit-group slightly."
25322,L - Real estate activities,68 - Real estate activities,68.3 - Real estate activities on a fee or contract basis,68.32 - Management of real estate on a fee or contract basis,0.98,0.97,0.9,0.9,1 - Managers,12 - Administrative and commercial managers,,,0.95,0.6,0.2,0.1,"This role is best classified under ISIC Section L (Real estate activities), specifically class 68.32 (Management of real estate on a fee or contract basis), because it is a senior facilities/property operations position overseeing multi-site property services. Occupationally it is clearly a managerial role (ISCO major group 1), likely within administrative/ commercial management (ISCO sub-major group 12), but a precise ISCO unit-group assignment (facility/property manager vs. a specific senior manager unit) is uncertain from the posting alone."
25046,H - Transportation and storage,52 - Warehousing and support activities for transportation,522 - Support activities for transportation,52.22 - Service activities incidental to water transportation,0.98,0.95,0.92,0.9,3 - Technicians and associate professionals,33 - Business and administration associate professionals,332 - Business services and administration associate professionals (logistics/supply-related),3322 - Associate professionals in logistics / supply and distribution (approx.),0.9,0.8,0.65,0.6,"This role is best classified in ISIC as part of Transportation and storage (H), specifically warehousing/support activities for transportation (52) and service activities incidental to water transportation (52.22) because it focuses on container fleet control for shipping principals. For ISCO-08, the job maps to the associate professional band (major group 3) within business/administration associate professionals with a logistics/supply focus; the finer-grained unit-group assignment is plausible but less certain without an exact ISCO label from the official list."
24189,H - Transportation and storage,52 - Warehousing and support activities for transportation,52.2 - Support activities for transportation,52.21 - Service activities incidental to land transportation,0.95,0.88,0.8,0.65,2 - Professionals,22 - Health professionals,226 - Other health professionals,2262 - Environmental and occupational health and hygiene professionals,0.8,0.75,0.7,0.85,"This role is best classified in ISIC as Transportation and storage (Section H), specifically support activities for transportation (Division 52) given the employer is a freight/logistics company and the position focuses on safety across transport operations. Occupationally, the duties (OHS policy implementation, incident investigation, training, compliance and DG handling) align well with ISCO unit group 2262 (environmental and occupational health and hygiene professionals), though the title 'supervisor' and operational/driver-facing tasks introduce some ambiguity between professional and technician levels."
25186,L - Real estate activities,68 - Real estate activities,68.2 - Renting and operating of own or leased real estate,68.20 - Renting and operating of own or leased real estate,0.95,0.95,0.85,0.8,1 - Managers,12 - Administrative and commercial managers,121 - Business services and administration managers,1219 - Business services and administration managers (not elsewhere classified),0.98,0.9,0.7,0.5,"This posting is best classified under ISIC section L (Real estate activities), specifically renting/operating of own or leased real estate (68.20), because the role focuses on property operations, leasing, tenant relations and portfolio management for a property developer. Occupationally it fits within ISCO major group 1 (Managers) and broadly within administrative/commercial management (121), though the exact 4‑digit ISCO unit is less certain because the role blends operations, sales/marketing and development responsibilities."
25211,N - Administrative and support service activities,80 - Security and investigation activities,801 - Private security activities,8010 - Private security activities,0.98,0.97,0.96,0.95,5 - Service and sales workers,54 - Protective services workers,541 - Protective services workers,5414 - Security guards and related workers,0.95,0.93,0.88,0.8,"This posting is a clear example of private security services (G4S) providing on-site security supervision, fitting well within ISIC Division 80 (Private security activities). The occupational fit to ISCO as security guards and related workers is strong, though the advertised role is supervisory (senior supervisor) which can introduce some uncertainty at the most detailed ISCO unit-group level."
24953,O - Public administration and defence; compulsory social security,84 - Public administration and defence; compulsory social security,841 - Administration of the state and the economic and social policy of the community,8411 - General public administration activities,0.6,0.55,0.45,0.3,1 - Managers,12 - Administrative and commercial managers,121 - Business services and administration managers,,0.95,0.9,0.85,0.2,"The role is clearly a senior managerial position responsible for corporate (administrative, HR, ICT, safety, finance and facilities) services, so ISCO classification as a business/administration manager (major group 1; sub-major 12; minor 121) is high-confidence. The employer’s industry is less clearly specified in the posting — it describes delivery of essential infrastructure/services to the public, suggesting a public or quasi‑public organisation (ISIC section O/Division 84), but the exact economic activity (utility, transport, social infrastructure, or government administration) is ambiguous, so ISIC finer-level codes are given with lower confidence."
25063,C - Manufacturing,10 - Manufacture of food products,"106 - Manufacture of grain mill products, starches and starch products",1061 - Manufacture of grain mill products,0.95,0.92,0.85,0.8,5 - Service and sales workers,52 - Sales workers,522 - Shop sales assistants and other sales workers,"5223 - Sales representatives, wholesale and retail (field sales workers)",0.95,0.93,0.8,0.75,"The employer (Trukai Industries, an FMCG company) is best classified in Manufacturing (C), specifically Manufacture of food products and more precisely grain-mill products (rice), so the ISIC assignment is fairly confident. The job is explicitly a Sales Representative role selling FMCG products; it fits well within ISCO major group 5 (sales workers), although distinguishing between field sales worker vs. higher-level sales professional can be ambiguous from the posting alone."
25381,P - Education,85 - Education,855 - Other education,8550 - Other education n.e.c.,0.9,0.9,0.7,0.6,4 - Clerical support workers,41 - General and keyboard clerks,411 - General office clerks,4110 - Office clerks,0.85,0.75,0.7,0.65,"This position is best classified under Education (ISIC P / Division 85) because the role supports creation, distribution and archiving of vernacular educational materials and literacy activities. On the occupational side, the duties (desktop publishing support, archiving/scanning, office tasks, workshop assistance and minor cash handling) align most closely with clerical/office support (ISCO major group 4), although elements of media/desktop-publishing suggest some overlap with media/technical roles, so the more specific class assignment is given with moderate confidence."
24983,H - Transportation and storage,52 - Warehousing and support activities for transportation,522 - Support activities for transportation,5229 - Other transportation support activities,0.9,0.75,0.6,0.4,3 - Technicians and associate professionals,35 - Information and communications technicians,351 - Information and communications technicians,3512 - ICT network and systems technicians,0.95,0.8,0.7,0.65,"The occupation is clearly a technician role in CCTV/surveillance systems and maps well to ISCO as an information and communications/ICT network & systems technician. The employer is a freight/logistics company, so assigning an ISIC industry uses the employer's transportation/support activity (Transportation and storage) with lower confidence because the advertised role is technical/IT-focused and could alternatively be classified under information/technical services or electrical installation."
24866,B - Mining and quarrying,07 - Mining of metal ores,072 - Mining of non-ferrous metal ores,0729 - Mining of other non-ferrous metal ores,0.99,0.99,0.9,0.8,3 - Technicians and associate professionals,32 - Health associate professionals,325 - Safety and quality inspectors,3251 - Safety and health inspectors,0.9,0.65,0.75,0.75,"This posting is clearly for a safety/health officer position within an operating gold mine, so the economic activity is classed under Mining and quarrying (metal ores) and the occupation maps to health & safety inspector/technician roles. The ISIC section and division are highly certain; there is modest uncertainty at the ISIC 4-digit class (specific non‑ferrous metal class) and at ISCO subcategories because job titles and national mappings for safety roles can vary."
25163,B - Mining and quarrying,07 - Mining of metal ores,072 - Mining of non-ferrous metal ores,0729 - Other mining of non‑ferrous metal ores,0.95,0.9,0.9,0.7,1 - Managers,12 - Administrative and commercial managers,"122 - Sales, marketing and development managers",1223 - Sales and marketing managers (approx.),0.95,0.8,0.6,0.5,"This role is clearly within the mining industry (owner/operator of a gold mine) and maps to ISIC Section B, Division 07 (mining of metal ores), most specifically non‑ferrous metal ores (gold). Occupationally, the role is a managerial position responsible for business development, supplier/local content and procurement-related activities; it therefore falls under ISCO Major Group 1 (Managers) and most closely aligns with administrative/commercial managers focused on business development and sales/marketing support to operations, though the exact ISCO unit group is approximate due to mixed procurement/community-development responsibilities."
24601,J - Information and communication,"62 - Computer programming, consultancy and related activities","620 - Computer programming, consultancy and related activities",6209 - Other information technology and computer service activities,0.9,0.85,0.8,0.7,1 - Managers,12 - Administrative and commercial managers,121 - Business services and administration managers,1211 - Business services and administration managers,0.99,0.85,0.8,0.7,"This posting is for a managerial role responsible for IT and office-automation service operations (service contracts, service desk, technical team leadership), so it best fits ISIC Section J (Information and communication) and ISCO Major Group 1 (Managers). There is mild ambiguity because the role also covers repair/maintenance of office equipment (which can map to repair or specialised services classes), but the employer and job focus on IT/service management so the assignment to ISIC 6209 and ISCO business services/administration managers is the most appropriate. "
24868,H - Transportation and storage,52 - Warehousing and support activities for transportation,52.1 - Warehousing and storage,52.10 - Warehousing and storage,0.9,0.85,0.7,0.65,1 - Managers,12 - Administrative and commercial managers,121 - Business services and administration managers,1219 - Business services and administration managers not elsewhere classified (likely Facilities Manager),0.95,0.8,0.7,0.55,"The employer is a freight/logistics business and the role is focused on maintaining physical infrastructure for warehousing and logistics operations, so ISIC classification under H → 52 (warehousing and support activities for transportation) is appropriate. The role is a managerial post responsible for a maintenance team and contracts, best mapped to ISCO major group 1 (Managers), most closely to business services/administration management with a likely unit-group mapping to facilities/administration managers."
24979,C - Manufacturing,33 - Repair and installation of machinery and equipment,"331 - Repair of fabricated metal products, machinery and equipment",3312 - Repair of machinery,0.8,0.85,0.75,0.65,7 - Craft and related trades workers,"72 - Metal, machinery and related trades workers",723 - Machinery mechanics and repairers (vehicle and heavy-equipment mechanics),7232 - Heavy vehicle and mobile equipment mechanics and repairers,0.95,0.9,0.85,0.75,"The occupation is clearly a heavy-equipment mechanic role and maps well to ISCO-08 as a craft/mechanic (high confidence). The economic activity is best matched to ISIC Division 33 (repair and installation of machinery), though if the employer is classified primarily as a construction firm the activity could alternatively be placed in Section F (construction), hence slightly lower confidence at the detailed ISIC class level."
24950,G - Wholesale and retail trade; repair of motor vehicles and motorcycles,"47 - Retail trade, except of motor vehicles and motorcycles",473 - Retail sale of motor vehicle fuel in specialised stores,4730 - Retail sale of motor vehicle fuel in specialised stores,0.95,0.8,0.8,0.8,5 - Service and sales workers,52 - Sales workers,522 - Shop sales assistants and retail cashiers,5221 - Shop sales assistants,0.95,0.9,0.85,0.75,"The employer is a fuel and lubricants distributor operating depots and retail-style fuel outlets, so the activity best fits ISIC class 4730 (retail sale of motor vehicle fuel in specialised stores) within Section G. The role is a customer-facing sales position performing order-taking, payment handling and stock/EPOS tasks, which maps well to ISCO sales worker categories (shop sales assistant / retail sales worker), though some ambiguity remains whether the position is strictly retail or wholesale distribution."
25031,"A - Agriculture, forestry and fishing","01 - Crop and animal production, hunting and related service activities",014 - Animal production,0149 - Raising of other animals n.e.c. (includes poultry),0.95,0.95,0.9,0.85,4 - Clerical support workers,43 - Numerical and material recording clerks,432 - Material-recording clerks,4321 - Stock clerks and order fillers (store/stock/procurement clerk),0.95,0.9,0.9,0.85,"The employer is clearly a poultry/egg-producing farm, so classifying the economic activity under ISIC A → 01 → 014 → 0149 (animal production, poultry included) is appropriate and highly confident. The role is a procurement/inventory clerk focused on purchase orders and stock records, matching ISCO-08 as a clerical material/stock recording role (major group 4; unit group 4321), with good confidence though exact unit-group naming may vary by country coding conventions."
24964,H - Transportation and storage,52 - Warehousing and support activities for transportation,522 - Support activities for transportation,5220 - Support activities for transportation,0.95,0.9,0.9,0.9,2 - Professionals,24 - Business and administration professionals,242 - Administration professionals,2421 - Management and organization analysts,0.95,0.9,0.8,0.7,"This role is clearly within the transportation/logistics industry (Steamships Logistics) and is best classified under ISIC H → Division 52 (support activities for transportation). The position is a commercial/business analyst focused on pricing and strategy, which aligns with ISCO major group 2 (Business and administration professionals) and is most closely mapped to management/organization analysis (2421), though the exact unit-group mapping has moderate uncertainty because the role blends pricing, commercial and analytical responsibilities."
25038,"M - Professional, scientific and technical activities",73 - Advertising and market research,732 - Market research and public opinion polling,7320 - Market research and public opinion polling,0.95,0.98,0.98,0.99,3 - Technicians and associate professionals,33 - Business and administration associate professionals,332 - Business services and administration associate professionals,3322 - Market research interviewers / Fieldwork supervisors,0.9,0.85,0.7,0.6,"The employer is a market and social research firm, so the activity is clearly classifiable as ISIC 7320 (Market research and public opinion polling) within Section M (Professional, scientific and technical activities). The occupation is best placed among ISCO associate professionals in business/administration who conduct and supervise field data collection (market research interviewers / fieldwork supervisors), though the exact 4-digit unit-group assignment has moderate uncertainty because the title 'Graduate Field Coordinator' mixes operational/administrative and supervisory responsibilities."
24926,P - Education,85 - Education,853 - Higher education,8530 - Higher education,1.0,0.99,0.95,0.9,2 - Professionals,"26 - Legal, social and cultural professionals","262 - Archivists, librarians and curators",2622 - Librarians and related information professionals,0.95,0.9,0.9,0.9,"The vacancy is for the head of an academic (university) library, so the economic activity is best classified as Education (higher education) with high confidence. Occupationally the role matches librarian / information professional categories (ISCO unit group for librarians and related information professionals); although it has significant managerial responsibilities, classifying it as a librarian/information professional is appropriate and confident."
25249,S - Other service activities,94 - Activities of membership organisations,949 - Activities of other membership organisations,9499 - Activities of other membership organisations n.e.c.,0.9,0.85,0.75,0.7,1 - Managers,12 - Administrative and commercial managers,121 - Business services and administration managers,,0.95,0.85,0.6,0.2,"This is a senior managerial role (Senior Program Manager) in an international development/non‑profit (WASH) organisation, so the economic activity best fits ISIC S (Other service activities) under Activities of membership organisations (NGO/development). The occupation is clearly managerial (ISCO Major Group 1) and most closely matches administrative/business services managers at the 2–3 digit level, but exact 4‑digit unit-group mapping is uncertain because NGO program managers may be recorded under several manager subgroups."
25306,H - Transportation and storage,52 - Warehousing and support activities for transportation,522 - Support activities for transportation,5224 - Cargo handling,0.98,0.92,0.9,0.88,1 - Managers,13 - Production and specialised services managers,,,0.95,0.75,0.2,0.1,"The role is clearly a port/stevedoring managerial position responsible for cargo handling operations, which maps strongly to ISIC Section H → Division 52 → Group 522 → Class 5224 (Cargo handling) with high confidence. Occupationally it is unambiguously a managerial post (ISCO major group 1), with a plausible placement under Production and specialised services managers (sub-major 13) but assignment to a more specific ISCO minor/unit group is uncertain without the employer's internal job-family code or national mapping."
25026,P - Education,85 - Education,853 - Higher education,8530 - Higher education,0.98,0.98,0.96,0.92,2 - Professionals,23 - Teaching professionals,231 - University and higher education teachers,2310 - University and higher education teachers,0.95,0.92,0.94,0.9,"This position is clearly a higher-education teaching role at a university (Pacific Adventist University), so ISIC classification as Higher education (Section P, Division 85, Group 853, Class 8530) is appropriate and highly confident. The occupation is best classified as a university/higher-education teacher (ISCO-08 University and higher education teachers, 231 / 2310) rather than a clinical nursing practitioner, since the primary duties are lecturing, curriculum development and research."
25178,B - Mining and quarrying,06 - Extraction of crude petroleum and natural gas,061 - Extraction of crude petroleum and natural gas,0610 - Extraction of crude petroleum and natural gas,0.95,0.95,0.95,0.93,1 - Managers,12 - Administrative and commercial managers,121 - Business services and administration managers,1211 - Finance managers,0.9,0.82,0.75,0.68,"The employer operates in upstream oil and gas activities, so ISIC classification as Extraction of crude petroleum and natural gas (B / 06 / 061 / 0610) is highly certain. The role is a senior financial planning & reporting leader (senior FP&A / finance manager) and maps best to ISCO as a finance manager (major group Managers), though there is moderate uncertainty at the detailed 3–4 digit levels because the posting mixes senior analyst and team-lead responsibilities."
25278,H - Transportation and storage,52 - Warehousing and support activities for transportation,52.2 - Support activities for transportation,52.24 - Cargo handling,0.95,0.9,0.85,0.6,3 - Technicians and associate professionals,31 - Science and engineering associate professionals,315 - Safety and quality inspectors,,0.9,0.65,0.6,0.2,"The job is clearly within Transportation and Storage activities (Steamships Logistics / Consort Express Lines), so classification at the ISIC section and division levels is high confidence; the posting most closely matches support activities for transportation such as cargo handling/logistics. The occupational assignment to a safety/HSSE inspector/supervisor (ISCO major group 3 and minor group 315) is reasonable, but mapping to a specific 4-digit ISCO unit group is less certain because the role is supervisory and could alternatively be coded as a manager-level position depending on organizational seniority."
23398,H - Transportation and storage,51 - Air transport,511 - Passenger air transport,5110 - Passenger air transport (scheduled),0.95,0.9,0.85,0.7,3 - Technicians and associate professionals,35 - Information and communications technicians,351 - Information and communications technicians,3512 - Information and communications technology user support technicians,0.95,0.92,0.9,0.88,"The employer is a commercial airline, so the economic activity is best classified under ISIC H / Division 51 (air transport); the precise 4-digit class (scheduled passenger air transport) is likely but slightly less certain because the posting is for an internal IT role. The occupation is clearly an ICT support role (2nd/3rd level technical support with cybersecurity responsibilities) and maps well to ISCO-08 unit group 3512 (ICT user support technicians)."
24881,B - Mining and quarrying,07 - Mining of metal ores,072 - Mining of non-ferrous metal ores,0721 - Mining of gold and other non-ferrous metal ores,0.97,0.96,0.9,0.8,1 - Managers,13 - Production and specialised services managers,"132 - Manufacturing, mining, construction and distribution managers",1323 - Construction managers,0.85,0.8,0.75,0.7,"Industry classification is straightforward: the employer is a gold mining company and the role supports mine expansion construction, so it falls under Mining and quarrying (ISIC B / division 07, non‑ferrous metal ores). The occupation is a construction/site supervisory role on a mining construction project; it most closely maps to construction managers (ISCO-08 managers category), though there is some ambiguity between a first‑line construction manager and a technical supervisor which lowers confidence at the most detailed ISCO and ISIC class levels."
25326,B - Mining and quarrying,09 - Support activities for mining and quarrying,099 - Support activities for other mining and quarrying,0990 - Support activities for other mining and quarrying,0.95,0.9,0.8,0.65,7 - Craft and related trades workers,"72 - Metal, machinery and related trades workers",723 - Machinery mechanics and repairers,7231 - Machinery mechanics and fitters,0.95,0.9,0.85,0.7,"The role is clearly a heavy-equipment mechanic/fitter position working on large hydraulic mining shovels, so the occupational classification under ISCO as a machinery mechanic/fitter is strong. The industrial classification as Mining and quarrying (support activities) is the most plausible given the on-site mine maintenance context, though there is some uncertainty because the employer is described as a mining and civil contractor and could alternatively be classified under repair/installation services."
25012,L - Real estate activities,68 - Real estate activities,683 - Real estate activities on a fee or contract basis,6830 - Real estate activities on a fee or contract basis,0.85,0.75,0.5,0.5,7 - Craft and related trades workers,74 - Electrical and electronic trades workers,741 - Electrical and electronic trades workers (minor group),7411 - Electricians,0.95,0.9,0.8,0.95,"The employer (Southern Cross Properties) indicates this role is for property maintenance, so the economic activity is best classified under Real estate activities (ISIC L / Division 68), though the posting's informal 'Electrical' label creates some ambiguity. The occupational classification is straightforward: this is an Electrician and maps clearly to ISCO-08 unit group 7411 with high confidence."
24921,B - Mining and quarrying,07 - Mining of metal ores,072 - Mining of non-ferrous metal ores,0720 - Mining of non-ferrous metal ores,0.99,0.95,0.9,0.75,4 - Clerical support workers,41 - General and keyboard clerks,411 - General office clerks,4110 - General office clerks,0.98,0.9,0.85,0.7,"The employer operates a mining (metal ores) project, so the economic activity is classified within ISIC section B, division 07 (mining of metal ores), specifically non‑ferrous metal ores (gold). The occupation is an HR administrative/clerical role focused on recordkeeping, recruitment support and general office tasks and best maps to ISCO major group 4 (clerical support workers), specifically general office clerks."
24536,F - Construction,43 - Specialized construction activities,"432 - Electrical, plumbing and other construction installation",4329 - Other construction installation n.e.c.,0.95,0.9,0.85,0.6,2 - Professionals,21 - Science and engineering professionals,214 - Engineering professionals,2149 - Other engineering professionals,0.95,0.9,0.92,0.7,"The role is best classified within Construction (ISIC F), specifically specialized construction installation (ISIC 43/432), because it focuses on MEP systems design, installation coordination and on-site construction duties. Occupationally it is a professional engineering role (ISCO 214), but because MEP spans electrical, mechanical and plumbing disciplines the most precise 4-digit unit falls into 'other engineering professionals' with moderate confidence."
25289,B - Mining and quarrying,07 - Mining of metal ores,072 - Mining of non-ferrous metal ores,0721 - Mining of precious/non‑ferrous metal ores (gold),0.97,0.98,0.95,0.85,2 - Professionals,21 - Science and engineering professionals,214 - Engineering professionals,2142 - Civil engineers (includes geotechnical engineers),0.9,0.9,0.88,0.78,"The vacancy is clearly for a geotechnical engineering role within a large open‑pit gold mining operation, so ISIC classification as Mining and quarrying (Division 07, non‑ferrous/precious metal ores) is appropriate. The occupation maps to ISCO-08 Professionals — specifically engineering professionals (civil engineers / geotechnical engineers) given the technical geotechnical responsibilities and supervisory duties, though the supervisory title and managerial aspects introduce some ambiguity between a senior professional and a line manager."
25018,Q - Human health and social work activities,88 - Social work activities without accommodation,889 - Other social work activities without accommodation,8890 - Other social work activities without accommodation,0.7,0.7,0.6,0.6,2 - Professionals,"26 - Legal, social and cultural professionals",263 - Social and religious professionals,,0.85,0.8,0.7,0.3,"This role is an NGO-led education/project implementation position focused on community mobilisation, training, monitoring and reporting; its economic activity is best represented under social work/community development activities (ISIC division 88) rather than formal institutional education. Occupationally, the tasks align with social/community development and program management professionals (ISCO major group 2; social and related professionals), though assigning a precise 4-digit ISCO unit group is uncertain from the posting alone."
25212,G - Wholesale and retail trade; repair of motor vehicles and motorcycles,"46 - Wholesale trade, except of motor vehicles and motorcycles",,,0.95,0.75,0.2,0.1,5 - Service and sales workers,52 - Sales workers,,,0.95,0.9,0.2,0.1,"The job is clearly a sales role (corporate sales representative), so occupation classification at the major- and sub-major ISCO levels (Service and sales workers → Sales workers) is strong. Industry classification falls within wholesale/retail trade (ISIC section G) and most likely wholesale trade (ISIC division 46) given the B2B corporate-sales focus, but the posting does not specify whether the employer primarily operates as a wholesaler, retailer, or a mixed retail/wholesale distributor, so more specific ISIC subgrouping is uncertain."
24731,B - Mining and quarrying,07 - Mining of metal ores,072 - Mining of non-ferrous metal ores,0720 - Mining of non-ferrous metal ores,0.95,0.95,0.9,0.85,2 - Professionals,21 - Science and engineering professionals,214 - Engineering professionals,2146 - Mining engineers (including metallurgical and materials engineers),0.95,0.9,0.9,0.85,"The posting is clearly for a mining company (gold mine) and describes duties of a mining engineer responsible for underground mine planning and production scheduling, so classification to ISIC Section B and Division 07 is highly confident. The occupational fit as an engineering professional (specifically a mining engineer) is also strong given the required mining engineering degree and responsibilities, though slight uncertainty remains at the most detailed code levels due to lack of explicit code references in the ad."
25203,"M - Professional, scientific and technical activities",73 - Advertising and market research,731 - Advertising,7310 - Advertising,0.9,0.9,0.85,0.8,2 - Professionals,24 - Business and administration professionals,243 - Advertising and public relations professionals,,0.9,0.8,0.85,0.35,"This role is best classified in ISIC as advertising/market-research type activity (ISIC 73 / class 7310) because the duties focus on producing and operating short-form promotional content and managing social media presence. For occupation, the job fits within ISCO major group 2 (Professionals) and specifically the advertising/public relations cluster (243) as a digital/advertising communications role; a precise 4-digit ISCO unit is less certain because the position blends content production (creative/media) with social-media marketing/operations."
25033,B - Mining and quarrying,07 - Mining of metal ores,,,0.95,0.9,0.3,0.1,3 - Technicians and associate professionals,31 - Science and engineering technicians,"312 - Mining, manufacturing and construction supervisors",3121 - Mining supervisors,0.85,0.7,0.9,0.88,"This role is clearly part of mining operations (Newmont Lihir open-pit gold mine), so the ISIC classification is within Mining and quarrying (division 07). The position is a frontline supervisory role over dispatch/logistics within a mine operation and best fits ISCO as a mining supervisor (3121), though exact lower-level ISIC class (3/4-digit) was not specified in the posting so those were left unspecified with lower confidence."
25124,B - Mining and quarrying,06 - Extraction of crude petroleum and natural gas,061 - Extraction of crude petroleum and natural gas,0610 - Extraction of crude petroleum and natural gas,0.9,0.85,0.8,0.75,1 - Managers,12 - Administrative and commercial managers,121 - Business services and administration managers,"1219 - Business services and administration managers, n.e.c.",0.95,0.9,0.75,0.6,"This role is best classified within the oil & gas extraction sector (ISIC 0610) because it supports a major energy project and involves joint-venture commercial agreements typical of upstream petroleum projects. The occupation maps to managerial business/administration functions (ISCO major group 1, administrative and commercial management), although the exact 4-digit unit for a contract/commercial-agreements manager is less certain."
24578,"M - Professional, scientific and technical activities",71 - Architectural and engineering activities; technical testing and analysis,71.1 - Architectural and engineering activities and related technical consultancy,71.11 - Architectural activities,0.9,0.92,0.9,0.95,2 - Professionals,21 - Science and engineering professionals,"215 - Architects, town and traffic planners and surveyors",2151 - Architects,0.95,0.85,0.8,0.9,"This posting describes a senior-level architectural design role focused on BIM-based architectural planning and oversight, which best fits ISIC class 71.11 (Architectural activities) within Professional, scientific and technical activities. The occupation aligns clearly with ISCO-08 Architect (unit group 2151), with high confidence for major-group level classification and slightly lower confidence at intermediate subgroup granularity due to overlap with construction-site responsibilities."
25008,F - Construction,42 - Civil engineering,429 - Construction of other civil engineering projects,4290 - Construction of other civil engineering projects,0.95,0.9,0.8,0.75,3 - Technicians and associate professionals,33 - Business and administration associate professionals,332 - Buyers and purchasing agents,3322 - Purchasing officers,0.95,0.9,0.85,0.85,"The vacancy is for a Purchasing Officer at a civil construction company, so the economic activity best fits ISIC section F (Construction), specifically Division 42 (Civil engineering). The occupation clearly maps to ISCO-08 as a purchasing/buyers role (Purchasing officers), with high confidence in the occupational classification and slightly lower but still strong confidence for the more detailed ISIC class due to limited specifics about the company’s exact civil engineering sub-activities."
25210,H - Transportation and storage,51 - Air transport,511 - Passenger air transport,5110 - Passenger air transport,0.98,0.98,0.95,0.9,1 - Managers,12 - Administrative and commercial managers,121 - Business services and administration managers,1211 - Finance managers,0.99,0.9,0.85,0.75,"Employer is an airline; the vacancy (Payroll Manager) belongs to ISIC Section H, Division 51 (Air transport), class 5110 (Passenger air transport). The role is clearly a managerial post in payroll/finance and best mapped to ISCO-08 as a finance/business services administration manager (unit group 1211 Finance managers), though the exact 4-digit mapping is slightly uncertain because payroll can sit in finance or HR functions."
25329,"M - Professional, scientific and technical activities",70 - Activities of head offices; management consultancy activities,702 - Management consultancy activities,7020 - Management consultancy activities,0.9,0.85,0.8,0.75,4 - Clerical support workers,43 - Numerical and material-recording clerks,431 - Numerical clerks (e.g. accounting/book-keeping clerks),4311 - Accounting and book-keeping clerks,0.9,0.85,0.8,0.6,"The employer is a private international development/consultancy firm providing program management and advisory services, so ISIC M (division 70, management consultancy activities) is the best fit. The Finance Coordinator role performs bookkeeping, transaction processing, payroll support and clerical financial administration, matching ISCO major group 4 (clerical support workers) and specifically accounting/book-keeping clerk duties (ISCO 4311) — the 4-digit occupation mapping is slightly less certain because the role is coordinator-level and may overlap with junior professional accounting roles."
24937,P - Education,85 - Education,854 - Higher education,8540 - Higher education,0.95,0.95,0.9,0.7,3 - Technicians and associate professionals,31 - Science and engineering associate professionals,311 - Physical and engineering science technicians,3112 - Chemical and physical science technicians,0.98,0.95,0.9,0.75,"The employer is a university and the role provides technical support for teaching and student laboratory work, so the economic activity is best classified under Education (higher education). The occupation is a technical laboratory support role that maps to ISCO-08 technicians and associate professionals (physical/chemical science laboratory technicians), although the exact 4-digit unit group is slightly uncertain because job duties focus on teaching-lab support rather than specialized industrial laboratory analysis."
25127,B - Mining and quarrying,07 - Mining of metal ores,,,0.95,0.9,0.3,0.2,2 - Professionals,24 - Business and administration professionals,243 - Advertising and public relations professionals,2433 - Public relations professionals,0.9,0.85,0.9,0.75,"This is a corporate communications / external affairs (public relations) role employed by Simberi Gold Company, part of a gold mining operation, so the economic activity is Mining and quarrying (Section B), specifically Mining of metal ores (Division 07). The occupation aligns with ISCO advertising/public relations professionals (243x) — classified here as Public relations professionals — with high confidence for occupation and division-level industry classification, but lower confidence at ISIC 3- and 4-digit levels where the exact mining subclass was not specified."
24977,N - Administrative and support service activities,81 - Services to buildings and landscape activities,813 - Landscape activities,8130 - Landscaping activities,0.95,0.95,0.95,0.95,"6 - Skilled agricultural, forestry and fishery workers",61 - Market gardeners and crop growers,611 - Market gardeners and crop growers / Gardeners and horticultural workers,"6112 - Gardeners, horticultural and nursery workers",0.9,0.85,0.8,0.8,"This posting clearly describes a landscaper/groundskeeper role focused on planting, mowing, pruning and grounds maintenance, which maps directly to ISIC class 8130 (Landscaping activities). The occupational match is to ISCO gardeners/horticultural workers (unit group for gardeners and nursery/horticultural workers); the ISCO mapping is confident though exact minor/unit-group numbering can vary slightly by national implementations."
25330,"M - Professional, scientific and technical activities",70 - Activities of head offices; management consultancy activities,70.1 - Activities of head offices,70.10 - Activities of head offices,0.85,0.8,0.6,0.55,1 - Managers,12 - Administrative and commercial managers,121 - Business services and administration managers,1212 - Human resource managers,0.95,0.9,0.9,0.95,"This role is an HR/People & Culture Manager embedded in a donor-funded program delivered by a professional services/consultancy firm, so the economic activity is best classified under Professional, scientific and technical activities (ISIC M), specifically activities of head offices/management consultancy. The occupation is clearly Human Resource Manager (ISCO-08 1212) based on the described responsibilities for recruitment, HR operations, performance frameworks and staff development."
25062,B - Mining and quarrying,06 - Extraction of crude petroleum and natural gas,061 - Extraction of crude petroleum and natural gas,0610 - Extraction of crude petroleum and natural gas,0.9,0.88,0.85,0.8,4 - Clerical support workers,41 - General and keyboard clerks,411 - General office clerks,4110 - General office clerks,0.95,0.85,0.7,0.6,"The employer (Santos) is primarily an oil and gas extraction company, so the job is classified under ISIC section B (06/061/0610). The role is an administrative/contracts support position focused on office record-keeping and routine contract administration, which best maps to ISCO clerical support (general office clerks), though some duties (procurement/contract compliance) introduce modest uncertainty at the most detailed ISCO unit-group level."
25076,C - Manufacturing,10 - Manufacture of food products,"106 - Manufacture of grain mill products, starches and starch products",1061 - Manufacture of grain mill products,0.95,0.9,0.8,0.6,3 - Technicians and associate professionals,35 - Information and communications technicians,351 - Information and communications technicians,3511 - Information and communications technology operations and user support technicians,0.95,0.9,0.85,0.9,"The employer is a food/FMCG manufacturer (Trukai Industries), so the establishment-level economic activity is classified under Manufacturing -> Manufacture of food products (most likely grain mill products given the employer's business). The role is clearly an IT service desk / helpdesk position providing first- and second-level user support, which maps to ISCO-08 as an ICT operations/user support technician with high confidence."
25221,B - Mining and quarrying,07 - Mining of metal ores,072 - Mining of non-ferrous metal ores,0729 - Mining of other non-ferrous metal ores,0.99,0.95,0.8,0.55,7 - Craft and related trades workers,"72 - Metal, machinery and related trades workers",723 - Machinery mechanics and fitters,7232,0.95,0.9,0.8,0.6,"This posting clearly belongs to the mining sector (gold mine operations), so classification under ISIC Section B and Division 07 (mining of metal ores) is highly confident. The role is a hands-on plant/fitters maintenance position (mechanical fitter/plant mechanic) and maps well to ISCO craft and related trades (machinery mechanics and fitters), though the exact 4-digit unit group is less certain without the employer's internal job-code mapping."
24947,B - Mining and quarrying,07 - Mining of metal ores,072 - Mining of non‑ferrous metal ores,,0.95,0.9,0.7,0.2,2 - Professionals,21 - Science and engineering professionals,214 - Engineering professionals,2141 - Civil engineers,0.85,0.8,0.75,0.7,"The employer and informal industry listing identify this role within a mining company, so classifying the activity under Mining and quarrying (Section B, division 07) is appropriate though the exact 4‑digit mineral class is not specified. The role’s duties and required civil engineering qualification/experience map well to Civil Engineers (ISCO 2141), but could also map to civil engineering technician categories if filled by a diploma holder, so occupational classification is moderately confident."
25374,F - Construction,43 - Specialized construction activities,439 - Other specialized construction activities n.e.c.,4390 - Other specialized construction activities n.e.c.,0.95,0.8,0.7,0.6,8 - Plant and machine operators and assemblers,81 - Stationary plant and machine operators,812 - Stationary plant and machine operators,,0.98,0.9,0.8,0.3,"This posting is best classified under Construction (ISIC Section F) because the role is for a concrete batching operator employed by a construction/engineering contractor on-site. The occupational classification is clearly within plant and machine operators (ISCO major group 8 / stationary plant operators), though assigning a precise ISCO 4‑digit unit-group is uncertain (could also map to ready-mix/concrete plant operator variants or an NEC stationary-plant category)."
25075,G - Wholesale and retail trade; repair of motor vehicles and motorcycles,"47 - Retail trade, except of motor vehicles and motorcycles",477 - Retail sale of other goods in specialised stores,4773 - Retail sale of pharmaceutical and medical goods in specialised stores (dispensing chemists and drugstores),0.95,0.9,0.8,0.7,2 - Professionals,24 - Business and administration professionals,,,0.8,0.7,0.25,0.15,"The employer is a multi-brand retail group (pharmacy, groceries, hardware, apparel), so ISIC classification as retail trade (Section G, Division 47) is highly appropriate; the 3- and 4-digit codes point to specialised retail of pharmaceutical/medical goods given City Pharmacy’s core business. The occupation is a cross-functional graduate/trainee program recruiting graduates for roles across business, finance, IT, HR and health-related functions, so it best maps to ISCO major group 2 (Professionals) and sub-major 24 (Business and administration professionals), but a specific minor/unit group cannot be reliably determined from this posting."
25123,C - Manufacturing,11 - Manufacture of beverages,110 - Manufacture of beverages,1103 - Manufacture of malt liquors and malt,0.98,0.96,0.95,0.93,3 - Technicians and associate professionals,31 - Science and engineering technicians,311 - Physical and engineering science technicians,3112 - Mechanical engineering technicians,0.9,0.85,0.8,0.72,"The employer is a brewery (SP Brewery Ltd) and the role is a Mechanical Technician performing maintenance in a production environment, so ISIC classification as Manufacture of beverages (C, 11, 110, 1103) is highly likely. The occupational fit is best with ISCO-08 Mechanical Engineering Technicians (major group 3), though there is some ambiguity with craft/maintenance trades (major group 7) in some national mappings, so occupation-level confidence is slightly lower."
24747,S - Other service activities,95 - Repair of computers and personal and household goods,951 - Repair of computers and peripheral equipment,9511 - Repair of computers and peripheral equipment,0.85,0.9,0.9,0.88,3 - Technicians and associate professionals,35 - Information and communications technicians,351 - Information and communications technicians,3513 - Computer network and systems technicians,0.98,0.95,0.92,0.92,"The occupation is clearly that of an ICT technician (PC/network support), matching ISCO-08 unit group 3513 with high confidence. The economic activity is best classified as computer repair and maintenance (ISIC class 9511), though there is moderate uncertainty because similar activities can sometimes be recorded under computer consultancy/ICT services (ISIC division 62) depending on the employer's primary business model."
25183,S - Other service activities,94 - Activities of membership organisations,94.9 - Activities of other membership organisations,94.99 - Activities of other membership organisations n.e.c.,0.85,0.8,0.75,0.7,1 - Managers,12 - Administrative and commercial managers,121 - Business services and administration managers,1219 - Business services and administration managers n.e.c.,0.95,0.65,0.6,0.5,"This role is best classified as belonging to Other service activities (Section S), specifically activities of membership or non-governmental organisations (ISIC 94.99), because it is a program management role within a development NGO. Occupationally, it is a managerial post (ISCO major group 1) most closely mapped to business services/administration or program management within administrative managers (ISCO 1219), though the precise 4-digit match is less certain because ISCO has multiple manager categories (construction/project managers vs. administration/program managers)."
14919,H - Transportation and storage,52 - Warehousing and support activities for transportation,521 - Warehousing and storage,5210 - Warehousing and storage,0.95,0.93,0.9,0.88,8 - Plant and machine operators and assemblers,83 - Drivers and mobile plant operators,833 - Drivers and mobile plant operators (minor group),8332 - Fork-lift truck drivers,0.98,0.95,0.9,0.85,"This posting clearly describes a forklift (fork‑lift) operator role working in warehouses/warehousing operations for a freight/logistics employer, so ISIC classification under Transportation and storage → Warehousing and storage (H / 52 / 521 / 5210) is appropriate and highly confident. Occupationally the role fits squarely within ISCO major group 8 (plant and machine operators) and more specifically the drivers/mobile plant operators subgroup, mapped to unit group 8332 (fork‑lift truck drivers) with high confidence."
24156,B - Mining and quarrying,07 - Mining of metal ores,072 - Mining of non-ferrous metal ores,0729 - Mining of other non-ferrous metal ores,0.95,0.92,0.88,0.8,7 - Craft and related trades workers,"74 - Metal, machinery and related trades workers / Electrical and electronic trades (subcategory)",741 - Electrical and electronic trades workers (Electricians and electrical fitters),7411 - Electricians,0.9,0.85,0.82,0.78,"This is a hands-on high-voltage electrician/technician role working at an operating gold mine, so the employer activity best fits ISIC Section B (07 Mining of metal ores) and specifically non‑ferrous metal ore mining. The occupational fit is strongest with ISCO unit group 7411 (Electricians) given the focus on installation, maintenance and HV switching, though if framed as an engineering technician role a 3xx technician code could be considered with lower confidence."
24922,P - Education,85 - Education,854 - Higher education,,0.98,0.98,0.95,0.25,2 - Professionals,24 - Business and administration professionals,242 - Administration professionals,2423 - Human resource professionals,0.85,0.8,0.75,0.7,"The employer is a university, so the economic activity clearly maps to Education (ISIC Section P; Division 85) and specifically to higher education (Group 854) — the 4-digit class was left null due to uncertainty about the exact ISIC class label. The occupational tasks (end-to-end recruitment, onboarding, visa/administration, payroll coordination) align well with Human Resource professional duties (ISCO-08: 2423), though some duties are administrative/clerical in nature so there is moderate residual uncertainty between professional and clerical classifications."
25066,H - Transportation and storage,52 - Warehousing and support activities for transportation,521 - Warehousing and storage,5210 - Warehousing and storage,0.9,0.85,0.8,0.75,4 - Clerical support workers,43 - Material-recording and transport clerks,432 - Material-recording clerks,4321 - Stock clerks and order fillers (closest match for logistics/warehouse coordination),0.9,0.85,0.75,0.7,"The role is best classified under ISIC Section H (Transportation and storage), specifically warehousing and support activities for transportation (5210), because the job focuses on movement, storage, inventory and shipping documentation. For occupation, the best ISCO fit is within Clerical support workers (material-recording and transport clerks), with a closest unit-group match to stock clerks/order-fillers given the emphasis on inventory control, shipment tracking and logistics administration; confidence is moderate-high but not perfect because the employer is a retail/distribution company and the role has both administrative and coordination elements."
25004,H - Transportation and storage,52 - Warehousing and support activities for transportation,521 - Warehousing and storage,5210 - Warehousing and storage,0.9,0.88,0.8,0.7,8 - Plant and machine operators and assemblers,83 - Drivers and mobile plant operators,833 - Drivers and mobile plant operators (mobile plant operators/fork-lift drivers),8332 - Fork-lift and mobile handling equipment operators,0.95,0.95,0.8,0.6,"This role is best classified under ISIC Section H (Transportation and storage), specifically warehousing and storage activities, because the duties focus on loading/unloading and material handling at a port/warehouse. Occupationally it fits ISCO Major Group 8 (Plant and machine operators) and more precisely drivers/mobile plant operators (fork-lift/reach stacker operators), though exact 4‑digit unit-group mapping is given with moderate confidence."
25232,G - Wholesale and retail trade; repair of motor vehicles and motorcycles,"46 - Wholesale trade, except of motor vehicles and motorcycles","463 - Wholesale of food, beverages and tobacco","4630 - Wholesale of food, beverages and tobacco",0.9,0.88,0.85,0.7,1 - Managers,12 - Administrative and commercial managers,"122 - Sales, marketing and development managers",1221 - Sales and marketing managers,0.99,0.98,0.97,0.95,"This posting is clearly for a field sales/area sales manager in a fast-moving consumer goods context and maps well to ISCO-08 unit group 1221 (Sales and marketing managers). The economic activity is best classified under wholesale/distribution of food and beverages (ISIC section G, division 46, group 463) because the role focuses on distributor and retail outlet coverage and trade execution, though the employer also has manufacturing in its name which reduces certainty at the most detailed ISIC class level."
25304,F - Construction,43 - Specialized construction activities,433 - Building completion and finishing,,0.95,0.85,0.8,0.2,7 - Craft and related trades workers,71 - Building and related trades workers,711 - Building frame and related trades workers,7111 - Carpenter,0.95,0.9,0.9,0.85,"This posting is clearly for a construction trades role (carpentry), so assigning it to ISIC section F (Construction) and the building finishing/ joinery subgroup is appropriate. The occupational mapping to ISCO major group 7 and the carpenter unit group is straightforward given the explicit title and duties, though exact 4-digit ISIC class is left unspecified due to variations in how carpentry/finishing is classed across ISIC subclasses."
25334,B - Mining and quarrying,07 - Mining of metal ores,072 - Mining of non-ferrous metal ores,0729 - Mining of other non-ferrous metal ores,0.95,0.95,0.9,0.9,3 - Technicians and associate professionals,31 - Science and engineering associate professionals,311 - Physical and engineering science technicians,3119 - Physical and engineering science technicians not elsewhere classified,0.7,0.7,0.6,0.5,"This is a maintenance planning role embedded in an open‑pit mining operation (Hidden Valley mine) and therefore maps clearly to ISIC section B, division 07 (mining of metal ores), specifically class 0729 (other non‑ferrous metal ores). Occupationally, the role is a specialist technical planner (maintenance/shutdown planning) best matched to ISCO as a science/engineering associate professional or engineering technician (physical and engineering science technicians), though exact unit‑group placement is less certain because the job blends planning, coordination and some managerial elements."
24981,B - Mining and quarrying,07 - Mining of metal ores,072 - Mining of non-ferrous metal ores,,0.99,0.99,0.95,0.3,2 - Professionals,23 - Teaching professionals,235 - Vocational education teachers,2353 - Vocational education teachers,0.8,0.75,0.7,0.65,"The employer and role are clearly within mining activity (mining of metal ores, specifically a gold processing operation), so the ISIC classification is highly certain at section, division and group levels; the exact 4-digit class for the specific ore extraction/processing is left null due to uncertainty about the precise ISIC class label. The occupation is best matched to vocational/technical training (ISCO 2353) because the role is a workplace trainer for a mineral processing plant; however, it could alternatively map to a corporate training specialist or a technician/associate-professional category depending on national interpretation, so occupation-level confidence is moderate."
25120,B - Mining and quarrying,07 - Mining of metal ores,072 - Mining of non-ferrous metal ores,0729 - Mining of other non-ferrous metal ores,1.0,0.97,0.92,0.8,2 - Professionals,21 - Science and engineering professionals,214 - Engineering professionals,2145 - Mining engineers,1.0,0.96,0.92,0.88,"This posting is clearly for a graduate mine engineer at an operating gold (non‑ferrous metal) open‑pit mine, so the economic activity maps to ISIC section B and Division 07 (mining of metal ores). The occupation is a mining engineering professional (ISCO major group 2 → engineering professionals), so the mapping to unit group for mining engineers is highly appropriate though the ISIC/ISCO 4‑digit classes carry slightly lower confidence due to subclass granularity."
25371,K - Financial and insurance activities,"64 - Financial service activities, except insurance and pension funding",641 - Monetary intermediation,6419 - Other monetary intermediation,0.99,0.95,0.9,0.6,1 - Managers,12 - Business and administration managers,121 - Business services and administration managers,1219 - Business services and administration managers not elsewhere classified,0.99,0.85,0.8,0.65,"This posting is clearly for a senior banking compliance role (Head of AML/CTF) and maps strongly to ISIC section K and division 64 (financial services). The occupational mapping to ISCO major group 'Managers' is highly appropriate; however, assignment to a specific unit group is somewhat uncertain because AML/CTF leadership can sit within different managerial subdomains (finance, compliance, or risk), so the 4-digit ISCO code is given with moderate confidence."
25339,I - Accommodation and food service activities,55 - Accommodation,551 - Short-term accommodation activities (Hotels and similar accommodation),5510 - Hotels and similar accommodation,0.97,0.97,0.95,0.95,1 - Managers,"13 - Hospitality, retail and other services managers",132 - Hospitality managers (including accommodation and food service managers),1321 - Hotel managers,0.95,0.9,0.85,0.55,"This is a managerial position in the maintenance department of a hotel, so the employer activity clearly maps to ISIC section I (Accommodation and food service activities) and specifically to hotels (ISIC 55/551/5510). The occupation is best placed under ISCO as a manager within hospitality services (major group 1, sub-major 13, minor group 132); the precise 4-digit unit-group (hotel manager) is a close fit administratively but has lower confidence because the role is a department/maintenance manager rather than the overall hotel general manager."
25338,G - Wholesale and retail trade; repair of motor vehicles and motorcycles,45 - Wholesale and retail trade and repair of motor vehicles and motorcycles,453 - Sale of motor vehicle parts and accessories,4530 - Sale of motor vehicle parts and accessories,0.95,0.95,0.85,0.8,1 - Managers,"11 - Chief executives, senior officials and legislators",112 - Managing directors and chief executives,1120 - Managing directors and chief executives,0.99,0.85,0.8,0.75,"This posting is best classified under ISIC G45 (activities related to motor vehicles and parts) because it describes leadership of a country operation for an automotive/heavy-equipment company (Bridgestone) focused on commercial, operational and sales activities. The occupation clearly maps to a senior management/top executive role (Managing Director/General Manager), though some uncertainty remains about the precise ISIC 4-digit and ISCO 4-digit unit-group because the role spans sales, operations and possible service/maintenance activities."
24925,I - Accommodation and food service activities,56 - Food and beverage service activities,56.2 - Event catering and other food service activities,56.29 - Other food service activities,0.98,0.88,0.65,0.5,1 - Managers,12 - Administrative and commercial managers,121 - Business services and administration managers,,0.99,0.9,0.6,0.25,"The role is best classified within Accommodation and Food Service Activities (ISIC Section I), specifically Food and Beverage service activities (Division 56), because the posting is explicitly for an F&B procurement manager supporting hotels, restaurants and serviced apartments. The occupation clearly falls under Managers (ISCO Major Group 1) and most closely under Administrative and commercial managers (sub-major group 12), though the precise 4-digit ISCO unit group is uncertain because procurement managers can sit in different administrative/operations structures across hospitality organisations."
25336,H - Transportation and storage,51 - Air transport,511 - Passenger air transport,5110 - Passenger air transport,0.98,0.97,0.95,0.9,4 - Clerical support workers,43 - Numerical and material recording clerks,431 - Numerical clerks (including accounting records),4311 - Accounting and bookkeeping clerks,0.9,0.9,0.85,0.8,"The vacancy is for an Accounts Payable Supervisor within PNG Air's finance department, so the employer activity is best classified under ISIC H (Transportation and storage) → 51 Air transport (5110 Passenger air transport). The occupation is a supervisory accounting/clerical role focused on accounts payable activities and maps most closely to ISCO major group 4 (clerical support workers), specifically 4311 Accounting and bookkeeping clerks; the occupational mapping is confident but the exact ISCO unit could vary if the employer treats the role as a managerial/finance-manager level."
25388,I - Accommodation and food service activities,55 - Accommodation,551 - Short-term accommodation activities,5510 - Short-term accommodation activities,0.95,0.95,0.9,0.9,5 - Service and sales workers,52 - Sales workers,522 - Shop sales assistants and demonstrators,,0.98,0.9,0.75,0.35,"The employer is a Crowne Plaza hotel and the Wantok Shop role is embedded within hotel operations, so the economic activity is best classified under ISIC Section I (Accommodation), Division 55 (Accommodation), class 5510 (short-term accommodation). The job is a retail supervisory role (shop supervisor) and fits within ISCO major group 5 (service and sales workers) and subgroups for sales/shop workers; the exact 4-digit ISCO unit group for a small shop supervisor is ambiguous from the posting, so a precise unit-group assignment is given with lower confidence."
25394,"M - Professional, scientific and technical activities",73 - Advertising and market research,731 - Advertising,7310 - Advertising,0.8,0.85,0.85,0.8,5 - Service and sales workers,52 - Sales workers,522 - Shop sales assistants and displayers,,0.98,0.96,0.9,0.4,"This role is best classed as an advertising/marketing support activity (ISIC 73/7310) because the employer provides in‑store merchandising, promotions and point‑of‑sale execution for brands rather than operating as a retailer. Occupationally, the position is clearly a sales/merchandising role within Sales Workers (ISCO major group 5 and sub‑group 52), though mapping to a precise 4‑digit ISCO unit group is less certain because different national mappings split demonstrators, promoters and shop displayers across distinct unit groups."
24478,B - Mining and quarrying,07 - Mining of metal ores,072 - Mining of non‑ferrous metal ores,,0.99,0.96,0.9,0.3,1 - Managers,13 - Production and specialised services managers,131 - Mining and quarrying managers,,0.95,0.8,0.65,0.35,"The employer is a mining company operating a gold mine, so the industry clearly falls under ISIC Section B, Division 07 (mining of metal ores) and more specifically non‑ferrous metal ore mining. The role is a supervisory/managerial GIS & Database Superintendent within the mine’s social performance/community mapping function, so it maps best to ISCO major group 1 (Managers) and to production/specialised services managers with lower confidence at the detailed mining‑manager unit level."
24933,P - Education,85 - Education,852 - Secondary education,8520 - Secondary education,0.95,0.95,0.6,0.6,1 - Managers,13 - Production and specialised services managers,"133 - Supply, distribution and related managers","1330 - Supply, distribution and related managers",0.95,0.7,0.8,0.75,"The employer is an international school so the economic activity is classified within Education (ISIC Section P, Division 85) though the exact education level (primary vs secondary) is not specified, hence lower confidence at the 3–4 digit level. The role is a managerial position responsible for property/facility and logistics functions — best matched to ISCO managers, specifically supply/distribution and related managers (moderate-to-high confidence for occupational classification)."
25208,F - Construction,43 - Specialised construction activities,439 - Other specialised construction activities,4390 - Other specialised construction activities,0.75,0.65,0.6,0.55,4 - Clerical support workers,43 - Numerical and material recording clerks,431 - Numerical clerks,4312 - Payroll clerks,0.95,0.9,0.7,0.6,"The employer is described as a steel fabrication and construction company, so the economic activity is best mapped to ISIC Section F (Construction), with finer placement in specialised/other construction activities (confidence moderate due to overlap with metal fabrication/manufacturing). The job itself is a payroll/clerical role and maps clearly to ISCO major group 4 (Clerical support workers) and the payroll clerk unit group, though exact 4-digit mapping is given with somewhat lower confidence because job titles vary and some payroll roles may be classified under closely related clerical/accounting groups."
24702,I - Accommodation and food service activities,56 - Food and beverage service activities,561 - Restaurants and mobile food service activities,5610 - Restaurants and mobile food service activities,0.98,0.96,0.95,0.93,4 - Clerical support workers,42 - Customer services clerks,422 - Cashiers and ticket clerks,4221 - Cashiers and ticket clerks,0.92,0.88,0.9,0.88,"The vacancy is best classified within ISIC Section I (Accommodation and food service activities), specifically restaurants and mobile food service activities (5610), because the role is front-of-house in a food service setting. Occupationally, the role is most consistent with ISCO unit group 4221 (Cashiers and ticket clerks) due to the primary emphasis on running the POS/cash desk, though elements of sales/host duties introduce minor ambiguity between cashier and sales/waitstaff categories."
25213,C - Manufacturing,33 - Repair and installation of machinery and equipment,,,0.7,0.9,0.3,0.2,7 - Craft and related trades workers,74 - Electrical and electronic trades workers,742 - Electrical and electronic equipment mechanics and fitters,,0.85,0.8,0.75,0.35,"This job is best classified as repair/installation of office machinery (ISIC division 33) and fits the ISCO crafts/trades grouping for electrical/electronic equipment mechanics (major group 7, sub-major 74). The posting is specific about hands-on installation, preventive maintenance and repair of copiers/printers so the high-level classifications are confident, but exact 3- and 4-digit ISIC/ISCO classes are left uncertain due to ambiguity in whether the activity is recorded under more specific equipment-repair classes in local implementations."
24834,H - Transportation and storage,49 - Land transport and transport via pipelines,49.3 - Other passenger land transport,,0.95,0.9,0.8,0.2,8 - Plant and machine operators and assemblers,83 - Drivers and mobile-plant operators,"832 - Car, van and motorcycle drivers",,0.95,0.9,0.85,0.25,"This posting clearly describes a company driver whose primary duties are transporting staff and picking up packages, so it maps strongly to the transportation industry and to drivers in ISCO. The exact ISIC 4-digit class and ISCO 4-digit unit group are less certain because the role is an internal/company driver (not explicitly a commercial passenger or freight service) and the posting lacks precise activity codes."
25288,C - Manufacturing,10 - Manufacture of food products,106 - Manufacture of grain mill products,1061 - Manufacture of grain mill products,0.8,0.7,0.6,0.5,9 - Elementary occupations,91 - Cleaners and helpers,"911 - Cleaners and helpers in offices, hotels and other establishments",9112 - Office cleaners,0.98,0.95,0.9,0.85,"The occupational classification is straightforward: the role is an office cleaner/hygiene crew and maps well to ISCO-08 unit group for office cleaners. The industry classification is based on the employer (Trukai Industries, a food/FMCG company) and thus placed in Manufacturing → Manufacture of food products → grain mill products, but this industry assignment is somewhat inferred from the employer description and therefore has lower confidence at the more detailed ISIC levels."
25383,K - Financial and insurance activities,"64 - Financial service activities, except insurance and pension funding",64.1 - Monetary intermediation,64.19 - Other monetary intermediation,0.95,0.9,0.85,0.8,4 - Clerical support workers,41 - General and keyboard clerks,411 - General office clerks,,0.95,0.8,0.6,0.2,"The employer is a financial institution (credit corporation), so the economic activity is classified under ISIC section K, division 64 (monetary intermediation), specifically other monetary intermediation. The role is an HR/People & Culture administrative support position doing clerical HR tasks (records, recruitment assistance, onboarding), so it best fits ISCO major group 4 (clerical support workers) and more narrowly general office clerks; the exact 4-digit ISCO unit group is uncertain because the posting describes a mix of HR-specific and general administrative duties."
25175,P - Education,85 - Education,853 - Higher education,8530 - Higher education,0.95,0.95,0.95,0.95,1 - Managers,12 - Administrative and commercial managers,122 - Administrative services managers,,0.95,0.75,0.65,0.4,"The vacancy is for a senior security management role within a university, so the employer’s primary activity is classified clearly as Higher education (ISIC 8530). The occupation is best placed in ISCO as a managerial role (Managers → Administrative and commercial managers → Administrative services managers) but the exact 4-digit ISCO unit for 'university security manager' is ambiguous, so lower confidence is given at the most detailed occupation level."
25368,B - Mining and quarrying,07 - Mining of metal ores,072 - Mining of non-ferrous metal ores,0720 - Mining of non-ferrous metal ores,0.95,0.9,0.85,0.8,5 - Service and sales workers,54 - Protective services workers,541 - Protective services workers,5414 - Security guards and related workers,0.95,0.9,0.85,0.8,"This is a site-based security Dog Handler role embedded within a mining (Hidden Valley) operation, so the economic activity maps to Mining and quarrying (ISIC B → 07 → 072). The occupation is a protective/security role (ISCO major group 5, protective services), best matched to Security guards and related workers (ISCO 5414), with moderate-to-high confidence."
24957,H - Transportation and storage,52 - Warehousing and support activities for transportation,522 - Support activities for transportation,5224 - Cargo handling,0.98,0.96,0.92,0.9,4 - Clerical support workers,43 - Numerical and material recording clerks,432 - Material-recording clerks,4322 - Shipping and receiving clerks,0.95,0.85,0.7,0.6,"This role is clearly a transportation/logistics support position focused on container gate-in/out and paperwork, fitting ISIC Section H, Division 52 and specifically cargo handling (Class 5224). The occupational fit is best described as a clerical logistics/shipping-and-receiving role (ISCO major group 4), though exact unit-group assignment is somewhat uncertain because job titles like ""Logistics Officer"" can also cover supervisory or planning responsibilities."
25294,G - Wholesale and retail trade; repair of motor vehicles and motorcycles,"47 - Retail trade, except of motor vehicles and motorcycles",477 - Retail sale of other goods in specialised stores,4773 - Dispensing chemists,0.92,0.9,0.85,0.8,2 - Professionals,22 - Health professionals,226 - Pharmacists,2261 - Pharmacists,0.98,0.97,0.95,0.92,"This posting clearly advertises a pharmacist role (dispensing, counselling, inventory management), so the ISCO classification as Pharmacists (226 / 2261) is highly confident. The ISIC placement is most likely in retail pharmacy (Section G, Division 47, Class 4773), although a small chance remains that the position could be within a clinical/hospital setting (ISIC 86), so industry-level confidence is slightly lower."
25292,C - Manufacturing,"25 - Manufacture of fabricated metal products, except machinery and equipment","251 - Manufacture of structural metal products, tanks, reservoirs and steam generators; metal doors and windows",2511 - Manufacture of structural metal products,0.9,0.85,0.75,0.6,1 - Managers,12 - Business services and administration managers,121 - Business services and administration managers,1219 - Business services and administration managers not elsewhere classified,0.7,0.7,0.65,0.5,"The employer is described as a steel fabrication company, so the economic activity best fits Manufacturing (ISIC C), specifically the manufacture of structural metal products (ISIC 25/251/2511). The role is a contracts/administration position responsible for contract management, procurement and invoicing; it most closely aligns with business services and administration management tasks in ISCO (Manager-level administration), though seniority and exact managerial scope are somewhat ambiguous, so occupation-level coding is given with moderate confidence."
25068,F - Construction,41 - Construction of buildings,412 - Construction of residential and non‑residential buildings,4120 - Construction of buildings (class),0.98,0.95,0.9,0.85,3 - Technicians and associate professionals,31 - Physical and engineering science technicians,311 - Physical and engineering science technicians,3112 - Building and civil engineering technicians,0.9,0.8,0.75,0.7,"This posting is clearly for a construction Estimator responsible for costing and tendering on building projects, so assigning it to ISIC Section F (Construction), Division 41 (Construction of buildings) is appropriate and highly confident. The occupational mapping to ISCO as a building and civil engineering technician (3112) is a good fit given the hands‑on estimating and site responsibilities, though some ambiguity remains because similar roles (quantity surveyor/estimator) can be classified at the professional level in some countries."
25297,K - Financial and insurance activities,"64 - Financial service activities, except insurance and pension funding",641 - Monetary intermediation,6419 - Other monetary intermediation,0.95,0.9,0.9,0.7,1 - Managers,12 - Administrative and commercial managers,121 - Business services and administration managers,1211 - Finance managers,0.98,0.95,0.92,0.9,"This posting is clearly for a senior financial control/finance manager role within a commercial banking/financial institution, so mapping to ISIC section K (financial and insurance activities) and ISCO finance manager categories is appropriate. The main uncertainty is at the most detailed ISIC 4-digit class (specific monetary intermediation subclass) because the posting describes bank and insurance-related technical work but does not name the exact institutional classification used in ISIC."
25353,B - Mining and quarrying,07 - Mining of metal ores,072 - Mining of non-ferrous metal ores,0729 - Mining of other non-ferrous metal ores,0.99,0.98,0.95,0.9,2 - Professionals,21 - Science and engineering professionals,"215 - Architects, planners and surveyors",2153 - Surveyors,0.95,0.8,0.9,0.85,"This posting is clearly for a mining (open‑cut gold) operation so ISIC mapping to Mining and quarrying (07, non‑ferrous metal ores, class 0729) is highly certain. The role is explicitly a Mine Surveyor (requires a surveying degree and surveying tasks), which maps to ISCO as Surveyors within Professionals (2153), though there is minor ambiguity whether some survey roles could be classified as associate professionals/technicians depending on employer grading."
24918,B - Mining and quarrying,07 - Mining of metal ores,072 - Mining of non-ferrous metal ores,0729 - Mining of other non-ferrous metal ores,0.99,0.97,0.9,0.7,7 - Craft and related trades workers,"72 - Metal, machinery and related trades workers",723 - Machinery mechanics and repairers,7239 - Other machinery mechanics and repairers,0.9,0.85,0.7,0.6,"This is a pump technician position at an operating gold mine, so the economic activity clearly falls under Mining and quarrying (ISIC B), specifically mining of metal ores (ISIC 07) and most plausibly non‑ferrous metal ores (072/0729). The occupation is best mapped to craft/trade maintenance (ISCO major group 7), broadly a machinery mechanic/repairer who services and rebuilds pumps (mapped here to 723/7239), though exact unit-group placement is somewhat uncertain because duties overlap with both craft trades and technical maintenance roles."
24975,F - Construction,41 - Construction of buildings,41.2 - Construction of residential and non-residential buildings,41.20 - Construction of residential and non-residential buildings,0.9,0.8,0.7,0.6,3 - Technicians and associate professionals,31 - Science and engineering technicians,313 - Electrical and electronic engineering technicians,3131 - Electrical engineering technicians,0.95,0.9,0.85,0.75,"The employer appears to operate in the construction/building sector, so ISIC classification is placed under Section F (Construction), most likely Division 41 (Construction of buildings). The occupation is clearly a technical maintenance role for diesel/gas generators combining mechanical and electrical tasks, best mapped to ISCO as an electrical/electronic engineering technician (technician-level classification); there is some uncertainty at the most detailed ISIC and ISCO class levels due to limited firm-level activity details and overlap between electrical/mechanical craft and technician categories."
25050,B - Mining and quarrying,07 - Mining of metal ores,072 - Mining of non-ferrous metal ores,0722 - Mining of gold and silver,0.98,0.95,0.9,0.85,4 - Clerical support workers,44 - Other clerical support workers,,,0.95,0.7,0.2,0.1,"The employer and role are clearly within the mining sector (gold mining), so ISIC can be classified with high confidence as Division 07 (mining of metal ores), specifically the class for gold mining. The occupation is an administrative/contracts role tied to procurement and contract management; this maps broadly to ISCO major group 4 (clerical support), but precise 3- and 4-digit ISCO placement is ambiguous because the role sits between clerical, contract/procurement specialist and legal/managerial functions."
25233,G - Wholesale and retail trade; repair of motor vehicles and motorcycles,"46 - Wholesale trade, except of motor vehicles and motorcycles",,,0.7,0.45,0.2,0.1,4 - Clerical support workers,43 - Numerical and material-recording clerks,431 - Numerical clerks (including accounting/bookkeeping related clerks),4311 - Accounting and bookkeeping clerks (invoicing/billing clerks),0.95,0.9,0.85,0.8,The occupation is clearly a clerical/numerical role (invoicing/billing) and maps well to ISCO-08 major group 4 and unit group for accounting/bookkeeping clerks with high confidence. The employer’s economic activity is less certain from the posting (company name suggests agricultural/manufacturing while the ad lists Accounting/Finance); I therefore assign the job to ISIC section G (wholesale/retail) with only moderate confidence and leave more specific 3- and 4-digit ISIC classes unspecified.
24962,G - Wholesale and retail trade; repair of motor vehicles and motorcycles,45 - Wholesale and retail trade and repair of motor vehicles and motorcycles,451 - Sale of motor vehicles,4510 - Sale of motor vehicles,0.95,0.95,0.9,0.9,2 - Professionals,,,,0.65,0.25,0.15,0.1,"The employer is an automotive dealership and the job supports marketing and sales of vehicles, so the ISIC classification clearly fits Section G, Division 45 (Sale of motor vehicles), down to class 4510. The occupational classification is less certain: the role blends photography, video production and social-media marketing and could map to different ISCO unit groups (e.g., photographers, multimedia/graphic designers, or advertising/marketing professionals), so only the major group '2 - Professionals' is assigned with moderate confidence and finer-level coding is left unspecified due to ambiguity."
25157,P - Education,85 - Education,85.4 - Tertiary education (higher education),85.41 - Tertiary education (universities and higher education institutions),0.95,0.95,0.85,0.7,2 - Professionals,"26 - Legal, social and cultural professionals","262 - Archivists, librarians and curators (information professionals)",2621 - Librarians and related information professionals (Technical Services Librarian),0.95,0.92,0.9,0.9,"The employer is a university so the economic activity is best classified under Education (ISIC Section P, Division 85), specifically tertiary/higher education; confidence drops slightly at the most detailed class level because the posting is for a library role within a larger education institution. The occupation is clearly a librarian role and maps well to ISCO-08 as a professional in the librarians and related information professionals group (2621) with high confidence."
24960,H - Transportation and storage,51 - Air transport,511 - Passenger air transport,5110 - Passenger air transport,0.99,0.97,0.9,0.85,3 - Technicians and associate professionals,33 - Business and administration associate professionals,,,0.85,0.7,0.2,0.1,"The employer is clearly an air transport operator so ISIC classification H → 51 → 511 (passenger air transport) is appropriate with high confidence. The occupation is an airline operations/dispatch role that fits broadly within ISCO major group 3 (technicians and associate professionals) and more specifically within business/administration associate professionals, but a precise 3- or 4-digit ISCO unit group cannot be determined confidently from the posting alone."
25191,N - Administrative and support service activities,80 - Security and investigation activities,801 - Private security activities,8010 - Private security activities,0.95,0.96,0.97,0.97,1 - Managers,12 - Administrative and commercial managers,122 - Sales and marketing managers,1221 - Sales and marketing managers,0.95,0.88,0.88,0.8,"The employer is a private security company (G4S) and the role is clearly client-facing within security services, so classification under ISIC Rev.4 Section N, Division 80 (Private security activities, 8010) is highly confident. The occupation is a managerial sales/customer-relationship role (Client Service Manager) and best fits the ISCO-08 managers category, most closely aligned with Sales and Marketing Managers; this occupational mapping is reasonably confident though some local job-title variation could also place it under business services/administration manager subgroups."
25300,H - Transportation and storage,51 - Air transport,511 - Passenger air transport,5110 - Passenger air transport,0.95,0.9,0.85,0.8,3 - Technicians and associate professionals,31 - Science and engineering technicians,311 - Physical and engineering science technicians,3119 - Physical and engineering science technicians not elsewhere classified,0.9,0.8,0.7,0.6,"The role is clearly in the air transport industry (an airline's engineering/maintenance function), so ISIC mapping to passenger air transport is appropriate and confident. Mapping to ISCO is less exact: the job is a specialized aircraft maintenance/certifying technician (composite repairs), which best fits within engineering/technical technicians (3119) though some national implementations may place such occupations in craft/repair groups."
25042,B - Mining and quarrying,07 - Mining of metal ores,072 - Mining of non‑ferrous metal ores,,0.95,0.9,0.85,0.2,1 - Managers,13 - Production and specialised services managers,"132 - Manufacturing, mining and construction department managers","1329 - Other manufacturing, mining and construction managers",0.85,0.6,0.4,0.2,"The employer and job context clearly place this role within the mining industry (B -> 07 -> 072) — Newmont’s Lihir gold operation indicates non‑ferrous metal ore mining. The role functions as an on‑site emergency response/team lead with supervisory responsibilities; it maps best at the ISCO major group level to Managers (1), though precise sub‑group/unit mapping is less certain because the position is a site‑level safety/incident leadership role rather than a corporate strategic manager."
24996,B - Mining and quarrying,07 - Mining of metal ores,,,0.95,0.9,0.3,0.2,5 - Service and sales workers,54 - Protective services workers,,,0.9,0.85,0.3,0.2,"The vacancy is for an investigator embedded in a mine site security/investigations department, so the economic activity is clearly within Mining and quarrying (ISIC section B, division 07). The occupation aligns with protective/security and investigative functions (protective services), but the posting does not make the exact legal/professional status (police detective vs. private security/investigator vs. forensic technician) fully explicit, limiting confident assignment to more granular ISIC/ISCO classes."
24797,I - Accommodation and food service activities,56 - Food and beverage service activities,561 - Restaurants and mobile food service activities,5610 - Restaurants and mobile food service activities,0.98,0.97,0.95,0.95,5 - Service and sales workers,51 - Personal service workers,513 - Waiters and bartenders,5139 - Other waiters and bartenders,0.95,0.85,0.7,0.45,"This role is clearly within Accommodation and Food Service Activities (ISIC I; specifically restaurants/food & beverage service), so the ISIC classification is highly certain. The occupation is a front-of-house supervisor for restaurant service staff and best mapped to the ISCO family for waiters/bartenders (major group 5 → 513), but the exact 4‑digit unit group is less certain because the posting describes a supervisory role rather than a pure waiter/bartender role."
25360,K - Financial and insurance activities,"64 - Financial service activities, except insurance and pension funding",64.1 - Monetary intermediation,6419 - Other monetary intermediation,0.95,0.9,0.75,0.6,3 - Technicians and associate professionals,31 - Physical and engineering science technicians,315 - Safety and quality inspectors,3151 - Safety and quality inspectors,0.9,0.8,0.8,0.7,"The employer is described as a banking/financial services firm, so ISIC section K and division 64 (financial services) are the best fit; the exact 4-digit class is less certain without more detail on the firm's specific licensing/services. The role is clearly an Occupational Health & Safety Officer whose duties align with ISCO's safety and quality inspectors (technician/associate professional level), so occupational classification at major and minor levels is high confidence while the precise unit-group mapping is moderately confident."
20735,H - Transportation and storage,51 - Air transport,511 - Passenger air transport,5110 - Passenger air transport,0.85,0.85,0.75,0.7,7 - Craft and related trades workers,"72 - Metal, machinery and related trades workers","723 - Vehicle, aircraft and ship mechanics, fitters and related workers",7232 - Aircraft mechanics and repairers,0.9,0.75,0.7,0.65,"This posting is for an aircraft wheels & brakes assistant working in the engineering/MRO section of an airline; classifying the economic activity under Air transport (ISIC Division 51, Section H) is appropriate because the employer is an airline. The occupation maps to craft-level aircraft maintenance (ISCO major group 7), though there is some uncertainty because component repair/MRO activities can alternatively be coded under repair of aircraft (ISIC Division 33) if the work unit is treated as a separate repair establishment."
24999,H - Transportation and storage,52 - Warehousing and support activities for transportation,522 - Support activities for transportation,5229 - Other transportation support activities,0.9,0.85,0.8,0.6,2 - Professionals,25 - Information and communications technology professionals,252 - Database and network professionals,2522 - Systems administrators,0.95,0.95,0.9,0.85,"The role is clearly an IT Systems Administrator and maps well to ISCO-08 unit group 2522 (Systems administrators). The employer is a shipping/agency company, so the economic activity is best classified under ISIC H (Transportation and storage), division 52 (warehousing and support activities for transportation), although the exact 4-digit class is less certain because the posting is for an IT function within a transport/shipping business."
25190,B - Mining and quarrying,07 - Mining of metal ores,072 - Mining of non-ferrous metal ores,0729 - Mining of other non-ferrous metal ores,0.99,0.95,0.8,0.7,8 - Plant and machine operators and assemblers,81 - Stationary plant and machine operators,812 - Mineral and metal processing plant operators,8122 - Mineral and metal processing operators,0.7,0.6,0.55,0.5,"The vacancy is clearly in the mining sector (metal ores — gold processing) so assignment to ISIC Division 07 is high confidence. The occupational classification is reasonably inferred as a supervisory role in mineral/processing plant operations (ISCO Major Group 8), but mapping to a single 4-digit ISCO unit group is less certain because the role blends safety/supervisory and administrative permit-control responsibilities that could alternatively map to a first-line manager or a health & safety technician classification."
25216,G - Wholesale and retail trade; repair of motor vehicles and motorcycles,"47 - Retail trade, except of motor vehicles and motorcycles",,,0.95,0.9,0.3,0.1,3 - Technicians and associate professionals,33 - Business and administration associate professionals,332 - Business services and administration associate professionals,3322 - Purchasing and supply officers,0.9,0.85,0.6,0.55,"The vacancy is a clear procurement/purchasing role supporting procurement, logistics and inventory for a retail business, so the occupational classification as a business/administration associate (procurement/purchasing) is well supported at major and sub-major ISCO levels with moderate confidence at the specific unit-group level. The employer clearly operates in retail/wholesale, so ISIC Section G and Division 47 (retail trade) are assigned with high confidence, but the posting lacks detail about the retailer's exact product category so 3- and 4-digit ISIC class assignments are left unspecified and rated with low confidence."
24359,B - Mining and quarrying,07 - Mining of metal ores,072 - Mining of non‑ferrous metal ores,,1.0,0.95,0.8,0.2,4 - Clerical support workers,43 - Numerical and material recording clerks,432 - Material-recording clerks,4321 - Stock clerks and storekeepers,0.9,0.85,0.8,0.8,"This is a logistics/materials coordination role within a gold mining company, so the economic activity maps clearly to Mining and quarrying (ISIC Section B), specifically mining of metal ores (Division 07) and likely non‑ferrous metal ores (Group 072). The occupational fit is best with clerical/material‑recording work (ISCO major group 4) — specifically stock clerks and storekeepers — although the generic title “Officer” and hands‑on driving/forklift tasks introduce some ambiguity between purely clerical and operational/plant operator duties."
24946,K - Financial and insurance activities,"64 - Financial service activities, except insurance and pension funding",64.1 - Monetary intermediation,64.19 - Other monetary intermediation,0.95,0.9,0.7,0.6,2 - Professionals,24 - Business and administration professionals,241 - Finance professionals,2419 - Other finance professionals,0.9,0.85,0.6,0.45,"The job is clearly for a compliance role at a state-owned bank, so classifying the employer under ISIC Section K (Financial and insurance activities) and Division 64 (financial services/banking) is appropriate and reasonably certain. The occupation fits within ISCO Major Group 2 (Professionals), Business and administration professionals (sub-major group 24), but precise mapping to a single 4‑digit ISCO unit group is less certain because ISCO does not have a single dedicated unit explicitly labelled 'compliance officer'."
25314,"M - Professional, scientific and technical activities",71 - Architectural and engineering activities; technical testing and analysis,712 - Engineering activities and related technical consultancy,7120 - Engineering activities and related technical consultancy,0.9,0.85,0.8,0.75,1 - Managers,13 - Production and specialised services managers,"132 - Manufacturing, mining, construction and distribution managers",1323 - Construction managers,0.95,0.8,0.78,0.75,"This role is best classified under Professional, scientific and technical activities (ISIC M), specifically engineering/technical consultancy related to infrastructure (ISIC 7120), because the position focuses on procurement, construction oversight and technical management of TVET infrastructure investments. Occupation-wise it fits within Managers (ISCO Major Group 1) and most closely aligns with Construction/Project management (ISCO 1323), though there is some ambiguity because the post is embedded in a development/program context (project/program manager vs construction manager)."
25340,G - Wholesale and retail trade; repair of motor vehicles and motorcycles,45 - Wholesale and retail trade and repair of motor vehicles and motorcycles,453 - Sale of motor vehicle parts and accessories,4530 - Sale of motor vehicle parts and accessories,0.95,0.92,0.85,0.8,1 - Managers,"11 - Chief executives, senior officials and legislators",112 - Managing directors and chief executives,1120 - Managing directors and chief executives,0.99,0.88,0.85,0.8,"This posting is best classified as a managerial role (General Manager / Managing Director) in the motor vehicle / heavy equipment sales and distribution sector. Industry-level classification is quite certain at the section/division level (wholesale/retail and motor vehicle parts) but a bit less certain at the 4-digit class because Bridgestone operates across manufacturing, distribution and service activities and the ad emphasizes country-level commercial/operational leadership rather than a single activity."
24764,B - Mining and quarrying,07 - Mining of metal ores,071 - Mining of metal ores,,1.0,0.95,0.9,0.2,3 - Technicians and associate professionals,33 - Business and administration associate professionals,332 - Buyers and purchasing agents (procurement and supply),3321 - Buyers and purchasing agents,0.8,0.78,0.75,0.65,"This posting is clearly for a role within the mining industry (owner/operator of a gold mine), so the ISIC classification at the section and division levels is highly certain. The occupation is a procurement/purchasing team lead with strong clerical/associate-professional duties — classification into procurement-related ISCO groups is plausible though the exact unit-group fit is somewhat uncertain because the title 'Team Lead' sits between supervisory and managerial levels."
25277,H - Transportation and storage,50 - Water transport,502 - Sea and coastal freight water transport,5020 - Sea and coastal freight water transport,0.95,0.92,0.9,0.88,3 - Technicians and associate professionals,,,,0.85,0.3,0.2,0.15,"Industry classification is straightforward: this role is part of water/coastal freight transport operations (ISIC H → 50 → 502 → 5020) because the job focuses on vessel stowage and utilisation for coastal vessels. Occupation classification is clear at a high level (a technical/associate maritime role) but cannot be pinned to a single precise ISCO minor/unit group from the posting alone — the advert describes a vessel/deck officer–level planner (seafarer technical role), which likely maps to a ship's deck officer/unit in ISCO but the exact 4-digit code is not determinable with high confidence from the information provided."
25223,F - Construction,43 - Specialized construction activities,"432 - Electrical, plumbing and other construction installation","4322 - Plumbing, heat and air-conditioning installation",0.95,0.9,0.85,0.9,3 - Technicians and associate professionals,31 - Science and engineering technicians,312 - Building and civil engineering technicians,3122 - Civil engineering technicians,0.9,0.75,0.65,0.55,"The role is best classified within construction installation activities (ISIC 4322) because it focuses on estimating for HVAC installation, repair and maintenance work associated with building services. The occupational match is to the technicians/associate professionals grouping (ISCO major group 3), with lower confidence at the most detailed ISCO unit-group level because estimator roles can map either to technical (technician) or to professional/quantity-surveyor categories depending on employer practice and required qualifications."
25109,F - Construction,42 - Civil engineering,429 - Construction of other civil engineering projects,4290 - Construction of other civil engineering projects n.e.c.,0.85,0.8,0.7,0.6,3 - Technicians and associate professionals,33 - Business and administration associate professionals,,,0.75,0.75,0.25,0.15,"The employer is an EPC (engineering, procurement and construction) firm working on energy/infrastructure projects (fuel storage, aviation facilities, oil & gas), so the business is best classified within Construction — specifically civil engineering and other civil engineering projects (ISIC 42 / 4290). The role of Project Scheduler is an associate professional function (business/administration scheduling within engineering projects), so it maps to ISCO major group 3 (Technicians and associate professionals) and more specifically to the business/administration associate professionals sub-major (33), but the exact 3- and 4-digit ISCO unit is uncertain from the posting alone."
25093,S - Other service activities,94 - Activities of membership organisations,94.9 - Activities of other membership organisations n.e.c.,94.99 - Activities of other membership organisations n.e.c.,0.9,0.8,0.7,0.6,1 - Managers,13 - Business services and administration managers,132 - Business services managers,1329 - Other business services managers,0.95,0.75,0.6,0.4,"The role is a managerial position in a grant-making / philanthropic foundation established by a petroleum company; economically it best fits ISIC Section S (Other service activities), specifically activities of membership/charitable organisations (ISIC 94/94.9). Occupationally it is a managerial post (ISCO major group 1) within business/administration services (fundraising, program management and stakeholder relations), though exact lower-level ISCO mapping is less certain because foundations can map to either executive, administrative or specialised social-service manager unit groups depending on organisational size and remit."
25382,L - Real estate activities,68 - Real estate activities,683 - Real estate activities on a fee or contract basis,6832 - Management of real estate on a fee or contract basis,0.95,0.95,0.9,0.9,3 - Technicians and associate professionals,31 - Physical and engineering science technicians,"312 - Mining, manufacturing and construction supervisors",3123 - Construction supervisors,0.7,0.6,0.6,0.5,"The employer and duties (property/facilities maintenance for residential estates) strongly indicate ISIC section L, division 68, and specifically class 6832 (management of real estate on a fee or contract basis) — high confidence. The occupational classification is less certain: the role is a first‑line maintenance supervisor (supervisory technical role), which maps reasonably to ISCO supervisors of construction/maintenance (312 family), but it could alternatively be coded under managers or other supervisory groups depending on national practice — confidence moderate to low at the most detailed ISCO levels."
24961,"R - Arts, entertainment and recreation",93 - Sports activities and amusement and recreation activities,931 - Sports activities,9312 - Activities of sport clubs,0.95,0.9,0.9,0.85,5 - Service and sales workers,51 - Personal service workers,516 - Other personal service workers,5163 - Fitness and recreation attendants (approx.),0.95,0.85,0.65,0.5,"The employer is a yacht club operating sporting and recreational facilities, so ISIC Section R (Division 93, Group 931) and Class 9312 (activities of sport clubs) is the best fit. The job is a frontline gym/facility attendant role best placed among personal service/fitness-related occupations in ISCO-08, though exact 4-digit matching is approximate because 'gym attendant' duties overlap cleaning, customer service and basic equipment guidance rather than certified fitness instruction."
24956,S - Other service activities,94 - Activities of membership organisations,949 - Activities of other membership organisations,9499 - Activities of other membership organisations n.e.c.,0.9,0.75,0.4,0.35,4 - Clerical support workers,41 - General and keyboard clerks,411 - General office clerks,4110 - General office clerks,0.9,0.8,0.75,0.7,"The employer (World Vision PNG) is best classified as an other-service/non-profit organisation (ISIC section S, division 94) though NGO activities sometimes map to social work classes and there is moderate uncertainty at the 3–4 digit ISIC levels. The job duties (administration, procurement and logistics support) align well with clerical/office support occupations (ISCO major group 4), with good confidence for general-office clerical classifications but some uncertainty for the most specific unit-group code."
25161,H - Transportation and storage,53 - Postal and courier activities,53.2 - Courier and messenger activities,53.20 - Couriers and messengers,0.98,0.92,0.9,0.88,1 - Managers,12 - Administrative and commercial managers,,,0.95,0.75,0.3,0.2,"This vacancy is best classified in ISIC as H → Division 53 (postal/courier activities), since the role is a national operations manager for cargo, freight and courier-style logistics (FedEx). The occupational classification is clearly within ISCO Major Group 1 (Managers) and most likely an administrative/logistics management function, but the precise 3- and 4-digit ISCO unit groups are ambiguous from the ad and therefore left unspecified."
25193,S - Other service activities,94 - Activities of membership organisations,949 - Other membership organisations,9499 - Activities of other membership organisations,0.8,0.75,0.6,0.55,4 - Clerical support workers,41 - General and keyboard clerks,411 - General office clerks,,0.9,0.75,0.6,0.3,"The employer is an international non‑profit/NGO and the role is internal administrative support for procurement, travel and office administration; this best fits ISIC Section S (Activities of membership organisations) though exact 4‑digit placement is somewhat uncertain. The occupation is clearly an administrative/clerical post (clerical support workers — general office clerk level), but the precise ISCO unit group is uncertain because the role spans procurement, travel and inventory duties."
25192,I - Accommodation and food service activities,56 - Food and beverage service activities,563 - Beverage serving activities,5630 - Beverage serving activities,0.97,0.96,0.93,0.92,1 - Managers,"14 - Hospitality, retail and other services managers",141 - Hotel and restaurant managers,,0.9,0.85,0.8,0.3,"Industry classification is highly certain: the role is clearly a beverage/bar service position within Accommodation and Food Service Activities (ISIC 56 → class 5630 Beverage serving activities). Occupational classification locates the role within hospitality management (Managers → Hospitality, retail and other services managers → Hotel and restaurant managers) with moderate confidence; the exact 4-digit ISCO unit-group is left unspecified because this is a supervisory-level post (could map to a restaurant/bar manager unit or to a first-line service supervisor depending on national coding practices)."
24898,K - Financial and insurance activities,"64 - Financial service activities, except insurance and pension funding",,,0.95,0.9,0.3,0.2,1 - Managers,12 - Administrative and commercial managers,121 - Business services and administration managers,1212 - Human Resource Managers,0.99,0.95,0.95,0.98,"The role is an executive Human Resources position embedded in a financial services institution, so the economic activity is best classified under ISIC section K (Financial and insurance activities), most plausibly division 64, though the posting does not specify the exact type of financial service (hence lower confidence at 3- and 4-digit levels). The occupation is clearly a senior HR management role and maps well to ISCO-08 unit group 1212 (Human Resource Managers) with high confidence."
24973,F - Construction,43 - Specialized construction activities,431 - Demolition and site preparation,4312 - Site preparation,0.99,0.9,0.88,0.85,8 - Plant and machine operators and assemblers,83 - Drivers and mobile plant operators,834 - Mobile plant operators,8343 - Excavator operators,0.99,0.92,0.85,0.75,"The vacancy is clearly a construction-sector role (ISIC Section F), most appropriately classified under specialized construction activities — site preparation (ISIC 4312). Occupationally it is a mobile plant/operator role and maps to ISCO major group 8 (plant and machine operators); assignment to the exact 4-digit ISCO unit for excavator operators is likely but slightly less certain due to varying granular labels across ISCO implementations."
25268,B - Mining and quarrying,07 - Mining of metal ores,072 - Mining of non‑ferrous metal ores,,1.0,0.95,0.9,0.25,1 - Managers,13 - Production and specialised services managers,"132 - Manufacturing, mining and construction managers",,0.85,0.7,0.6,0.25,"This role is clearly within the mining industry (operation of a gold mine) so ISIC is confidently classified under Mining and quarrying → Mining of metal ores (non‑ferrous). The occupation is a supervisory/coordinator role overseeing maintenance and site works; it maps best to managerial/production-management categories in ISCO (production/mining & construction managers) but exact unit‑group placement is uncertain from the posting, so lower‑level ISCO detail is given with moderate confidence."
25237,F - Construction,43 - Specialised construction activities,"432 - Electrical, plumbing and other construction installation",4321 - Electrical installation,0.95,0.93,0.92,0.9,7 - Craft and related trades workers,74 - Electrical and electronic trades workers,741 - Electrical and electronic equipment mechanics and fitters,7411 - Electricians and electrical fitters,0.99,0.98,0.96,0.95,"This posting is a clear electrician role focused on commercial and industrial electrical installation, maintenance and generator work, which maps well to ISCO-08 unit group 7411 (Electricians and electrical fitters). The employer appears to operate as an electrical contracting/services firm, so classifying the economic activity under ISIC Rev.4 Section F, Division 43, Group 432 and Class 4321 (Electrical installation) is appropriate, though a small ambiguity remains if the employer were principally a power utility (which it is not from the description)."
25100,S - Other service activities,94 - Activities of membership organisations,94.9 - Activities of religious organisations,94.91 - Activities of religious organisations,0.95,0.93,0.9,0.9,2 - Professionals,"26 - Legal, social and cultural professionals",263 - Social and religious professionals,2631 - Social work and counselling professionals,0.9,0.8,0.75,0.6,"The role is best classified under ISIC as activities of a religious membership organisation (Section S, Division 94, Class 94.91) because it is a youth-coordinator position within a Baptist Union church organisation. Occupationally, the job maps to ISCO as a social/community-focused professional (Professionals → Legal, social and cultural professionals → Social and religious professionals), approximated to social work and counselling professionals (2631) due to its youth development, outreach and training responsibilities, though some managerial/coordinator aspects introduce moderate uncertainty at the detailed unit-group level."
25386,I - Accommodation and food service activities,55 - Accommodation,551 - Short-term accommodation activities,5510 - Hotels and similar accommodation,0.99,0.98,0.98,0.96,5 - Service and sales workers,52 - Sales workers,,,0.95,0.9,0.3,0.1,"The employer is clearly a hotel (short-term accommodation) so ISIC maps to Section I, Division 55, Group 551, Class 5510 (Hotels and similar accommodation) with high confidence. The occupation is a sales/events coordinator for a hotel and best fits under ISCO major group 5 (Service and sales workers) and sub-major group 52 (Sales workers); however, assigning a precise minor/unit group is ambiguous (could map to various sales or marketing-related unit groups), so deeper-level ISCO codes are left unspecified with lower confidence."
25281,C - Manufacturing,10 - Manufacture of food products,,,0.95,0.9,0.3,0.2,2 - Professionals,21 - Science and engineering professionals,"211 - Physicists, chemists and related professionals",,0.95,0.9,0.85,0.35,"This position is clearly within food manufacturing (Nestlé factory) and aligns with quality-assurance laboratory work in the food industry, so classification to ISIC section C and division 10 is high-confidence. The occupational fit as a chemistry-related professional (ISCO major group 2, subgroup 21/211) is also strong, though precise ISIC 3-/4-digit class and a specific ISCO 4-digit unit group cannot be determined confidently from the posting alone without details on the exact product line or the formal job title mapping to ISCO unit groups."
25218,P - Education,85 - Education,854 - Higher (tertiary) education,8540 - Higher education,0.95,0.95,0.9,0.85,1 - Managers,12 - Administrative and commercial managers,121 - Business services and administration managers,1219 - Business services and administration managers not elsewhere classified,0.9,0.7,0.6,0.5,"The employer is a private tertiary education institution, so the economic activity is best classified under ISIC Section P, Division 85 (Education), specifically tertiary/higher education. The role is a mid-level management position (team leader) responsible for internal audit/quality assurance and compliance — it fits within ISCO major group 1 (Managers) and most closely maps to business services/administration management, though exact 3- and 4-digit ISCO placement is less certain because the job mixes audit/compliance and QA functions within an educational setting."
25295,S - Other service activities,94 - Activities of membership organisations,949 - Activities of other membership organisations,9499 - Activities of other membership organisations n.e.c.,0.9,0.82,0.7,0.6,3 - Technicians and associate professionals,33 - Business and administration associate professionals,332 - Accounting associate professionals,3322 - Book-keepers and other accounting clerks,0.85,0.8,0.7,0.5,"This position is best classified under ISIC Section S (Other service activities), Division 94 (Activities of membership organisations / NGOs), with the most appropriate class being activities of other membership organisations (9499). For occupation, the role aligns with business/administration associate professionals (ISCO major group 3, sub-major 33) given its hands-on finance, procurement and administrative duties; the exact unit-group placement is less certain because the coordinator role combines finance, operations and logistics (blurring between associate-professional and senior clerical/accounting classifications)."
25058,O - Public administration and defence; compulsory social security,84 - Public administration and defence; compulsory social security,841 - Public administration,8411 - General public administration activities,0.95,0.93,0.8,0.65,1 - Managers,12 - Administrative and commercial managers,121 - Business services and administration managers,1219 - Other business services and administration managers,0.99,0.85,0.75,0.55,"This role is a senior managerial position within a provincial government administration division responsible for policy, planning and monitoring, so it maps clearly to ISIC Section O / Division 84 (public administration) and to ISCO Major Group 1 (Managers). The higher-level classifications are high confidence; finer-grained 3- and 4-digit ISIC/ISCO codes are given with moderate confidence because exact class boundaries and national public-sector job titling can vary and may not map perfectly to a single narrow class."
25106,B - Mining and quarrying,07 - Mining of metal ores,071 - Mining of metal ores,0710 - Mining of metal ores (including gold),0.99,0.98,0.95,0.85,2 - Professionals,21 - Science and engineering professionals,214 - Engineering professionals,2145 - Mechanical engineers,0.99,0.98,0.95,0.9,"This posting is for a Mechanical Engineer working on capital and engineering projects at a gold mine (Porgera), so the economic activity aligns with Mining and quarrying (ISIC section B, Division 07) and the occupation aligns with Engineering professionals (ISCO major group 2, engineering unit group for mechanical engineers). Confidence is high at the section/division and major/minor occupation levels; there is modest uncertainty only at the most specific ISIC class and ISCO unit-group labeling due to variations in exact class numbering conventions across references."
24899,G - Wholesale and retail trade; repair of motor vehicles and motorcycles,"47 - Retail trade, except of motor vehicles and motorcycles",475 - Retail sale of household goods in specialised stores,,0.98,0.95,0.8,0.3,5 - Service and sales workers,52 - Sales workers,,,0.98,0.95,0.3,0.2,"This posting is for a corporate sales representative selling goods/services for a home & office supplier, which fits well under ISIC Section G and Division 47 (retail trade). Occupationally it is clearly a sales role (ISCO major group 5, sub-major group 52); finer ISIC 4-digit and ISCO 3–4 digit assignments are uncertain without more detail on the exact products sold and whether the role is a commercial sales agent or a retail shop/field sales position."
25159,P - Education,85 - Education,853 - Higher education,8530 - Higher education,0.98,0.98,0.98,0.98,3 - Technicians and associate professionals,31 - Science and engineering technicians,,,0.9,0.85,0.25,0.2,"The employer is a university and the vacancy is for a technical officer role at a higher-education institution, so ISIC classification is clearly P / 85 / 853 / 8530 (Higher education). The occupational placement is best at the ISCO major/sub-major levels as a science/engineering technician (3 / 31) but the precise minor/unit group (e.g., surveying technician vs. professional surveyor or other specialist) cannot be determined from the posting alone, so lower-level ISCO codes are left unspecified with low confidence."
25054,O - Public administration and defence; compulsory social security,84 - Public administration and defence; compulsory social security,841 - Public administration,8411 - Administration of the State and the economic and social policy of the community,0.95,0.95,0.9,0.8,1 - Managers,"11 - Chief executives, senior officials and legislators",111 - Legislators and senior officials,1113 - Senior government officials (deputy / provincial level),0.98,0.88,0.75,0.7,"This posting is clearly a senior public administration role at provincial level and therefore fits well within ISIC section O (Public administration) and ISIC division 84. The occupational classification as a senior government manager (ISCO major group 1 and sub-major 11) is appropriate, though assigning a precise ISCO unit group is somewhat less certain because the role is a deputy-level managerial post spanning administrative, policy and program functions."
25244,L - Real estate activities,68 - Real estate activities,682 - Renting and operating of own or leased real estate,6820 - Renting and operating of own or leased real estate,0.98,0.95,0.85,0.7,8 - Plant and machine operators and assemblers,83 - Drivers and mobile plant operators,"832 - Car, van and motorcycle drivers",,0.98,0.95,0.85,0.2,"The employer (Southern Cross Properties) appears to be a real estate/property business, so the role best fits ISIC section L (Real estate activities), most likely class 6820 (renting and operating of own or leased real estate). The job is primarily a driving role with some administrative duties, so under ISCO-08 it maps to drivers and mobile plant operators (major group 8, sub-major 83), most closely to car/van drivers (3-digit 832); the exact 4-digit unit group is less certain from the description."
25347,S - Other service activities,94 - Activities of membership organisations,949 - Activities of other membership organisations,9499 - Activities of other membership organisations n.e.c.,0.9,0.85,0.8,0.7,2 - Professionals,24 - Business and administration professionals,242 - Administration professionals,2421 - Management and organization analysts,0.9,0.85,0.7,0.6,"This role is best classified under ISIC Section S (Other service activities) and Division 94 as it is an NGO (membership/association-type) delivering development/WASH programs. The occupation is most consistent with ISCO Professionals in business/administration (administration/management analysis) because the Monitoring, Evaluation & Learning Coordinator performs planning, data analysis and program management support tasks; the exact 4-digit ISCO mapping is moderately confident due to overlap with specialist M&E or social development professional categories."
25310,B - Mining and quarrying,07 - Mining of metal ores,,,0.95,0.9,0.3,0.2,7 - Craft and related trades workers,"72 - Metal, machinery and related trades workers",723 - Machinery mechanics and repairers,7232 - Heavy vehicle and mobile equipment mechanics,0.96,0.9,0.85,0.75,"This posting is clearly for an on-site maintenance role within a mining operation, so classification to the Mining and quarrying sector (ISIC B, Division 07 Mining of metal ores) and to the craft/mechanic occupation group is highly reliable. Exact lower-level ISIC class (specific mineral/extraction subclass) is not stated in the ad, so 3- and 4-digit ISIC codes are left unspecified; the occupation maps well to machinery/heavy vehicle mechanics (ISCO 723x) with moderate-to-high confidence."
24794,L - Real estate activities,68 - Real estate activities,681 - Real estate activities with own or leased property,6810 - Real estate activities with own or leased property,0.85,0.75,0.6,0.5,2 - Professionals,24 - Business and administration professionals,242 - Administration and specialised business professionals,2424 - Human resource professionals,0.9,0.9,0.85,0.85,"The vacancy is for a human-resources/employee-services role (recruitment, onboarding, payroll support, employee relations) and maps clearly to ISCO-08 unit group 2424 (Human resource professionals) with high confidence. The employer name (Glory Estate Limited) suggests the enterprise operates in real estate, so ISIC classification is assigned to Section L (Real estate activities) though the posting does not explicitly state the company's core business, so industry-level confidence is moderate."
25308,K - Financial and insurance activities,"64 - Financial service activities, except insurance and pension funding","649 - Other financial service activities, except insurance and pension funding","6499 - Other financial service activities, except insurance and pension funding n.e.c.",0.95,0.9,0.7,0.6,2 - Professionals,24 - Business and administration professionals,242 - Administration professionals,2422 - Human resource professionals,0.9,0.85,0.8,0.7,"This posting is for a talent-acquisition / People & Culture (HR) role within a financial services firm, so the economic activity best matches Financial and insurance activities (ISIC section K), specifically financial services. The occupation maps to Human Resource / Talent Acquisition (ISCO human resource professionals) with high confidence for the broad groups and moderate confidence for the most detailed unit-group and class-level codes."
25115,K - Financial and insurance activities,"64 - Financial service activities, except insurance and pension funding",641 - Monetary intermediation,6419 - Other monetary intermediation,0.95,0.95,0.9,0.75,4 - Clerical support workers,42 - Customer services clerks,422 - Client information clerks,4221 - Client information clerks,0.9,0.85,0.75,0.6,"This vacancy is clearly for a bank branch customer-service role, so the employer activity is classified under Financial and insurance activities (ISIC section K), specifically monetary intermediation (ISIC 64/641). The occupation is best classified as a clerical customer-service/teller role (ISCO major group 4, customer service clerks), though the job title 'Concierge' is ambiguous—the detailed duties (call centre, teller, account opening, product sales) support the clerical/customer-service classification."
25043,O - Public administration and defence; compulsory social security,84 - Public administration and defence; compulsory social security,841 - Administration of the State and the economic and social policy of the community,8411 - General public administration activities,0.98,0.97,0.85,0.65,1 - Managers,"11 - Chief executives, senior officials and legislators",111 - Legislators and senior officials,1110 - Legislators and senior officials,0.99,0.95,0.85,0.65,"This posting is clearly for a senior public-sector management role in an anti-corruption commission, so classification to the ISIC section O (public administration) and ISCO major group 1 (managers) is strong. Finer-grained class/ unit-group assignments (specific 3- and 4-digit codes) are plausible but given variations in how independent commissions are recorded across national statistical systems the confidence is lower at the most detailed levels."
25205,G - Wholesale and retail trade; repair of motor vehicles and motorcycles,"47 - Retail trade, except of motor vehicles and motorcycles","475 - Retail sale of furniture, lighting equipment and other household articles in specialised stores","4752 - Retail sale of hardware, paints and glass in specialised stores",0.95,0.9,0.8,0.7,1 - Managers,12 - Administrative and commercial managers,122 - Sales and marketing managers,1221 - Sales and marketing managers,0.98,0.9,0.95,0.85,"This posting is clearly for a retail/distribution business expansion and fits well under ISIC Section G, Division 47 (retail trade), with a likely specific class for hardware/home-improvement retail. The role is a classic sales-management position (leading sales teams, strategy, KPIs, trade/corporate accounts) and maps closely to ISCO-08 Sales and Marketing Managers (122) with high confidence."
24944,K - Financial and insurance activities,"64 - Financial service activities, except insurance and pension funding",64.1 - Monetary intermediation,64.19 - Other monetary intermediation (includes commercial and development banking activities),0.95,0.95,0.9,0.8,2 - Professionals,24 - Business and administration professionals,,,0.9,0.85,0.3,0.1,"The posting is clearly for a role within the financial sector (a state-owned development bank), so ISIC classification under Section K, Division 64 (financial service activities/banking) is appropriate. The occupation is best mapped to business and administration professionals (ISCO major/sub-major groups) because the Policy Officer performs governance, policy drafting and corporate-administration tasks, but the exact ISCO minor/unit group is ambiguous from the description (could map to several policy/administration specialist unit groups)."
25097,S - Other service activities,94 - Activities of membership organisations,949 - Activities of other membership organisations,9491 - Activities of religious organisations,0.9,0.9,0.88,0.85,2 - Professionals,"26 - Legal, social and cultural professionals",263 - Social and related professionals,2634 - Social work professionals,0.95,0.85,0.8,0.65,"The employer is a religious/non-governmental organisation and the role is an internal GEDSI (Gender Equality, Diversity & Social Inclusion) officer working on community and organisational inclusion initiatives, so ISIC classification as Activities of religious organisations (Section S, Division 94, Class 9491) is appropriate. The occupation fits within ISCO as a professional social/ community worker (Professionals → Legal, social and cultural professionals → Social and related professionals), though assignment to the specific 4-digit social work unit group is somewhat less certain because GEDSI roles can also overlap with policy, M&E or programme-management occupations."
25135,"R - Arts, entertainment and recreation","91 - Libraries, archives, museums and other cultural activities",910 - Library and archive activities,9101 - Library and archive activities,0.9,0.9,0.88,0.75,2 - Professionals,"26 - Legal, social and cultural professionals","262 - Librarians, archivists and curators",2621 - Librarians,0.98,0.95,0.92,0.9,"This posting is for an Interlibrary Loan (ILL) Librarian at a university library, so the occupation clearly maps to ISCO-08 unit group 2621 (Librarians) with high confidence. The economic activity is best classified as library and archive activities (ISIC R, division 91), although because the employer is a university there is some ambiguity whether the role should be recorded under higher education establishments; hence slightly lower confidence on the most detailed ISIC class."
13420,H - Transportation and storage,52 - Warehousing and support activities for transportation,522 - Support activities for transportation,5220 - Support activities for transportation,0.95,0.9,0.8,0.6,8 - Plant and machine operators and assemblers,83 - Drivers and mobile plant operators,833 - Drivers and mobile plant operators (mobile plant operators),,0.95,0.9,0.85,0.2,"This posting is clearly for a transport/warehousing terminal role (reach-stacker/container handling) and fits within ISIC Section H, Division 52 (warehousing and support activities for transportation). The occupation is a mobile plant/operator role (ISCO major group 8, sub-major 83); the exact ISCO 4-digit unit group is not specified in the ad (operator of a specific machine), so the 4-digit occupation code is left as indeterminate."
25393,H - Transportation and storage,52 - Warehousing and support activities for transportation,521 - Warehousing and storage,5210 - Warehousing and storage,0.95,0.9,0.85,0.8,4 - Clerical support workers,43 - Numerical and material recording clerks,432 - Material-recording clerks,4321 - Stock clerks and order fillers,0.9,0.85,0.8,0.75,"This vacancy is best classified under ISIC H (Transportation and storage), specifically 52.1 (warehousing and storage), because the role’s core activities are inventory control, goods receipt, storage and order fulfilment. Occupationally it maps to ISCO as a clerical/material-recording role (stock clerk / warehouse worker) since the job combines inventory record-keeping and physical handling (including forklift operation)."
24138,B - Mining and quarrying,07 - Mining of metal ores,072 - Mining of non‑ferrous metal ores,,0.99,0.98,0.9,0.35,3 - Technicians and associate professionals,31 - Physical and engineering science technicians,311 - Physical and engineering science technicians,,0.75,0.7,0.65,0.3,"The role is clearly within the mining industry (metal ores — gold) and maps strongly to ISIC section B, division 07 (mining of metal ores). The occupation is a technical/operational mine-control role (shift planning, scheduling and data analytics) best mapped to ISCO as a technicians/associate professionals occupation (engineering/physical science technicians); however, the posting does not make explicit whether the role is classified as a professional mining engineer or a technician, so finer (4‑digit) ISCO/ISIC resolution is less certain."
25358,B - Mining and quarrying,07 - Mining of metal ores,072 - Mining of non-ferrous metal ores,0729 - Mining of other non‑ferrous metal ores,0.98,0.96,0.9,0.88,1 - Managers,13 - Production and specialised services managers,,,0.95,0.9,0.25,0.15,"This posting is clearly for a role within mining operations (owner/operator of a gold mine) and maps well to ISIC Section B and Division 07; the 4-digit class for non‑ferrous metal ore mining (including gold) is the best match. The occupation is a managerial role (Superintendent) overseeing mobile equipment maintenance and underground production, so it fits ISCO major group 1 and sub‑major 13, but the exact 3- and 4-digit ISCO unit group cannot be determined confidently from the ad alone."
25065,G - Wholesale and retail trade; repair of motor vehicles and motorcycles,"46 - Wholesale trade, except of motor vehicles and motorcycles",463 - Wholesale of electronic and telecommunications equipment and parts,4630 - Wholesale of electronic and telecommunications equipment and parts,0.9,0.88,0.75,0.7,4 - Clerical support workers,43 - Numerical and material recording clerks,432 - Material-recording and transport clerks (incl. stock/shipping clerks),4321 - Stock clerks and order fillers / Shipping and receiving clerks,0.95,0.9,0.8,0.75,"The employer is a retail/distribution company for telecommunications/electronic products, so ISIC classification as wholesale/retail (Section G, Division 46) and more specifically wholesale of electronic and telecommunications equipment is appropriate. The role's duties (shipment coordination, inventory updates, shipping documents, invoicing) match clerical material-recording occupations in ISCO (major group 4, sub-major 43), most closely aligning with stock/shipping clerk unit groups."
24840,C - Manufacturing,32 - Other manufacturing,329 - Manufacture of other products n.e.c.,3299 - Manufacture of other products n.e.c.,0.95,0.6,0.5,0.4,2 - Professionals,22 - Health professionals,226 - Other health professionals,2263 - Environmental and occupational health and hygiene professionals,0.85,0.75,0.7,0.7,"The employer is described as a manufacturing/operations company and the role is a workplace Health & Safety Supervisor, so classifying the business activity under ISIC Section C (Manufacturing) is appropriate though the precise manufacturing division and class are not specified. The occupation maps well to ISCO as an environmental/occupational health professional (2263) given the OHS-focused duties and required qualifications, but the supervisory level and lack of explicit professional credentialing introduce some uncertainty at detailed ISCO levels."
25230,G - Wholesale and retail trade; repair of motor vehicles and motorcycles,"47 - Retail trade, except of motor vehicles and motorcycles",,,0.9,0.6,0.2,0.1,2 - Professionals,,,,0.85,0.4,0.3,0.2,"This role is best classified under ISIC Section G (Wholesale and retail trade) because it is a sales-facing, inventory- and invoicing-linked analytics role within a company that sells goods; the posting most closely aligns with retail/merchant activities (ISIC division 47). Occupationally, the Sales Data Analyst is a professional-level analytical role (ISCO major group 2 — Professionals) focused on business/sales data and reporting; finer-grained ISCO subgroups cannot be determined confidently from the posting alone due to lack of explicit occupational family labeling (e.g., marketing specialist vs. management analyst vs. data/BI specialist)."
25055,O - Public administration and defence; compulsory social security,84 - Public administration and defence; compulsory social security,841 - Administration of the State and the economic and social policy of the community,,0.96,0.92,0.88,0.35,1 - Managers,12 - Administrative and commercial managers,121 - Business services and administration managers,,0.97,0.9,0.85,0.4,"This is a public-sector district-level administrative leadership role and maps clearly to ISIC Section O (public administration) and ISCO Major Group 1 (Managers), specifically administrative/ business services management. Precise assignment to a single ISIC 4-digit class or ISCO 4-digit unit group is less certain from the posted text alone because it does not name the exact statutory class or the standard occupational unit-group for district-level public administrators."
25286,G - Wholesale and retail trade; repair of motor vehicles and motorcycles,"47 - Retail trade, except of motor vehicles and motorcycles",47.30 - Retail sale of motor fuels in specialized stores,47.30 - Retail sale of motor fuels in specialized stores,0.95,0.8,0.7,0.6,5 - Service and sales workers,52 - Sales workers,522 - Shop salespersons and demonstrators,,0.9,0.8,0.35,0.2,"The employer (Petra Oil) and the role (field customer identification and liaison for fuel-related sales) point clearly to the wholesale/retail of motor fuels sector (ISIC Section G, Division 47, class for retail sale of motor fuels). The occupation fits within service and sales workers (ISCO major group 5) as a sales-support/customer liaison role, but the exact ISCO unit-group is uncertain because the job focuses on field research, lead generation and coordination rather than direct point-of-sale or closing sales."
25375,G - Wholesale and retail trade; repair of motor vehicles and motorcycles,"46 - Wholesale trade, except of motor vehicles and motorcycles","466 - Wholesale of machinery, equipment and supplies",4669 - Wholesale of other machinery and equipment,0.95,0.9,0.85,0.65,3 - Technicians and associate professionals,31 - Physical and engineering science technicians,315 - Safety and quality inspectors (incl. occupational safety technicians),3152 - Safety inspectors / Occupational health and safety technicians,0.9,0.75,0.7,0.6,"This posting is for an occupational health & safety advisor embedded in a heavy-equipment dealer/servicing organisation, so ISIC mapping to wholesale of machinery and equipment (with service activities as a related function) is most appropriate. The occupational classification fits best under technicians/associate professionals (safety/inspection technicians) given the vocational qualifications and practical OHS responsibilities, though precise 4-digit ISCO placement is somewhat uncertain without formal degree requirements or regulator-specific title."
24188,H - Transportation and storage,49 - Land transport and transport via pipelines,494 - Freight transport by road and removal services,4941 - Freight transport by road,0.95,0.9,0.6,0.6,8 - Plant and machine operators and assemblers,83 - Drivers and mobile plant operators,833 - Heavy truck and bus drivers,8332 - Heavy truck and bus drivers (including driver trainers/assistants of heavy vehicles),0.9,0.85,0.6,0.6,"The vacancy is clearly within road transport operations (transportation and storage), since it is a driver-training role for commercial/class 4 & 6 vehicle drivers in a freight company — classification at the ISIC section and division level is high confidence. Mapping to ISCO is confident at the major and sub-major group levels (drivers/mobile plant operators), while the exact 3- and 4-digit codes are less certain because the role is a training/assistant position that overlaps operational driving and vocational training categories."
24877,F - Construction,42 - Civil engineering,429 - Construction of other civil engineering projects,4290 - Construction of other civil engineering projects,0.95,0.9,0.75,0.65,8 - Plant and machine operators and assemblers,83 - Drivers and mobile plant operators,,,0.95,0.92,0.3,0.2,"This vacancy is for drivers and heavy equipment operators employed by a civil engineering contractor, so the posting clearly maps to ISIC Section F (Construction), specifically Civil engineering (Division 42). The occupation falls within ISCO major group 8 (Plant and machine operators and assemblers) and sub-major 83 (Drivers and mobile plant operators); the exact 3- and 4-digit ISCO unit groups are left unspecified because the listing mixes multiple operator and driver roles (truck drivers and various earth-moving equipment operators)."
25094,Q - Human health and social work activities,88 - Social work activities without accommodation,889 - Other social work activities without accommodation,8890 - Other social work activities without accommodation,0.95,0.92,0.85,0.8,1 - Managers,13 - Production and specialised services managers,134 - Other services managers,1349 - Other services managers (not elsewhere classified),0.95,0.8,0.65,0.55,"This role is best classified as social work (non-residential) activity within ISIC (Section Q, Division 88), since it is an NGO-run child protection helpline providing case handling and referrals. Occupationally, the position is clearly managerial (ISCO major group 1) but the precise unit-group mapping is less certain because the job blends service-management (welfare/case management) and call-centre operational responsibilities."
24971,S - Other service activities,95 - Repair of computers and personal and household goods,951 - Repair of computers and communication equipment,,0.8,0.75,0.7,0.3,4 - Clerical support workers,42 - Customer services clerks,422 - Client information clerks,,0.9,0.8,0.75,0.3,"This role is a clerical/customer-service support position (service-desk and administrative coordination) within an electronics service/workshop environment, so ISCO placement under Clerical support workers → Customer services clerks is well supported. ISIC assignment to repair/maintenance of computers and communication equipment (Section S, Division 95, Group 951) is plausible given the service-desk/workshop duties, but the employer may also be primarily manufacturing or wholesale/distribution, so the precise 4-digit industry class is uncertain."
25204,L - Real estate activities,68 - Real estate activities,682 - Renting and operating of own or leased real estate,6820 - Renting and operating of own or leased real estate,0.95,0.92,0.9,0.85,3 - Technicians and associate professionals,33 - Business and administration associate professionals,333 - Business services and administration associate professionals,3332 - Real estate agents and property managers,0.75,0.8,0.7,0.6,"The role is best classified to ISIC as Real estate activities (Section L), most specifically Renting and operating of own or leased real estate (6820), because the duties focus on leasing and project/tenant management. For ISCO-08 the closest fit is among Business and administration associate professionals (major group 3), specifically the real estate agents/property managers unit — this matches leasing duties, though exact unit-group placement is somewhat uncertain if the role is primarily managerial rather than an associate professional."
25369,L - Real estate activities,68 - Real estate activities,682 - Renting and operating of own or leased real estate,6820 - Renting and operating of own or leased real estate,0.85,0.9,0.8,0.75,1 - Managers,12 - Administrative and commercial managers,121 - Finance managers,1211 - Finance managers,0.95,0.85,0.8,0.75,"This is a senior finance/management role (Finance Business Partner) responsible for financial control, reporting, budgeting and leading a small team for a properties division—it maps well to ISCO as a Finance Manager (major group 1). The employing organisation is described as a financial institution with significant property assets; because the role sits in the Properties Division the industry is classified under ISIC L (Real estate activities) with moderate-to-high confidence, though classification could alternatively be K (Financial and insurance activities) if the position is considered at the group/holding level rather than the property operating unit."
25391,Q - Human health and social work activities,86 - Human health activities,869 - Other human health activities,8690 - Other human health activities,0.9,0.88,0.82,0.8,1 - Managers,13 - Production and specialised services managers,"132 - Manufacturing, mining, construction and distribution managers","1323 - Supply, distribution and related managers",0.9,0.75,0.82,0.85,"This role is best classified within human health activities (ISIC Section Q) because it is a supply-chain position specifically supporting TB/HIV health programs. Occupationally, the position functions as a supply/distribution manager/coordinator (ISCO unit group 1323) responsible for forecasting, inventory control, warehousing and distribution for medical commodities."
25351,"M - Professional, scientific and technical activities",73 - Advertising and market research,73.1 - Advertising,73.11 - Advertising agencies,0.85,0.8,0.75,0.6,5 - Service and sales workers,52 - Sales workers,522 - Shop sales assistants and demonstrators,,0.95,0.9,0.75,0.4,"This is a frontline FMCG in‑store merchandising / sales role providing merchandising, promotional and retail execution services for brands—occupationally it clearly maps to sales workers (ISCO major group 5, sales sub-major 52). Industry-wise the employer provides marketing/merchandising services to companies, so classifying under Advertising and market research (ISIC 73, within Professional, scientific and technical activities) is appropriate though there is some ambiguity with other business support services (e.g., administrative/support activities)."
25059,O - Public administration and defence; compulsory social security,84 - Public administration and defence; compulsory social security,841 - Administration of the state and the economic and social policy of the community,,0.95,0.95,0.85,0.3,1 - Managers,12 - Administrative and commercial managers,121 - Business services and administration managers,,0.98,0.85,0.7,0.25,"This role is best classified under public administration (ISIC section O, division 84) because it is a provincial government managerial post responsible for Gender Equity and Social Inclusion (GESI) mainstreaming. Occupationally it is a management position in public administration (ISCO major group 1), most closely fitting administrative/management of public services, though exact lower-level ISIC class and the ISCO unit group are less certain because the posting is specific to provincial government and specialized GESI functions."
25209,G - Wholesale and retail trade; repair of motor vehicles and motorcycles,"46 - Wholesale trade, except of motor vehicles and motorcycles",467 - Wholesale of other goods (including fuels and lubricants),"4671 - Wholesale of solid, liquid and gaseous fuels and related products",0.98,0.96,0.9,0.85,2 - Professionals,21 - Science and engineering professionals,214 - Engineering professionals,2149 - Other engineering professionals,0.95,0.9,0.9,0.8,"The employer is a fuel and lubricants distributor, so the economic activity best fits ISIC Section G, Division 46, specifically wholesale of fuels and related products (class 4671). The role is a technical engineering position (graduate lubricant engineer) providing technical support and training to customers and sales staff, which aligns with ISCO-08 engineering professionals (2149); however, because the job sits within sales/marketing the precise unit-group could also be interpreted as a sales-engineering/technical sales function, so the occupation-class assignment has slightly lower confidence at the most detailed level."
25331,"M - Professional, scientific and technical activities","74 - Other professional, scientific and technical activities",741 - Specialised design activities,7410 - Specialised design activities,0.95,0.9,0.9,0.85,2 - Professionals,21 - Science and engineering professionals,"216 - Architects, town planners and surveyors (designers-related minor group)",2166 - Graphic and multimedia designers,0.98,0.85,0.8,0.75,"This vacancy is best classified under ISIC Rev.4 as Specialised design activities (Section M, Division 74, Group 741, Class 7410) because it describes professional graphic design work for print and digital media. Occupationally, the role corresponds to ISCO-08 unit group 2166 (Graphic and multimedia designers) within the Professionals major group, with slightly lower confidence at deeper ISCO levels due to minor ambiguity in exact subgroup labelling across catalogs."
25312,F - Construction,43 - Specialised construction activities,439 - Other specialised construction activities,4390 - Other specialised construction activities not elsewhere classified,0.85,0.8,0.6,0.5,8 - Plant and machine operators and assemblers,83 - Drivers and mobile-plant operators,833 - Motor vehicle drivers,"8331 - Car, taxi and van drivers",0.9,0.9,0.9,0.8,"The employer is described as a steel fabrication and construction company, so classifying the business activity under ISIC Section F (Construction) and Division 43 (Specialised construction activities) is reasonable though the firm also performs fabrication/manufacturing. The job itself is a corporate driver role and maps clearly to ISCO major group 8 and unit group 8331 (car/van drivers), with high confidence for occupation-level classification and moderate confidence for the precise 4-digit ISIC class due to dual manufacturing/construction activities."
25214,C - Manufacturing,10 - Manufacture of food products,108 - Manufacture of other food products,,0.95,0.9,0.7,0.2,5 - Service and sales workers,52 - Sales workers,523 - Other sales workers,,0.95,0.9,0.8,0.2,"The employer is Nestlé (an FMCG company manufacturing food products), so classifying the posting under ISIC C / Division 10 (manufacture of food products) is appropriate though the exact 4-digit class is uncertain without product-specific employer registration details. The role is clearly a sales representative (field/commercial sales) and fits ISCO major group 5 and sub-major 52 (sales workers); the exact 4-digit unit group is unclear from the posting (field vs shop-based sales)."
24187,H - Transportation and storage,52 - Warehousing and support activities for transportation,522 - Support activities for transportation,5229 - Other transportation support activities,1.0,0.95,0.9,0.75,7 - Craft and related trades workers,"72 - Metal, machinery and related trades workers",723 - Motor vehicle mechanics and repairers,7231 - Motor vehicle mechanics and repairers,0.98,0.9,0.85,0.8,"The employer is a freight/logistics provider so the economic activity best fits ISIC Section H (Transportation and storage), specifically support activities for transportation (division 52, class 5229). The job is clearly for heavy truck/vehicle mechanics performing maintenance and repairs on trucks, forklifts and trailers, which maps well to ISCO motor vehicle mechanics and repairers (unit group 7231); occupational classification confidence is high while the exact 4-digit ISIC class is slightly less certain depending on whether the employer is coded as freight forwarding versus broader transport support."
25279,C - Manufacturing,11 - Manufacture of beverages,110 - Manufacture of beverages,1105 - Manufacture of beer,0.98,0.97,0.92,0.9,8 - Plant and machine operators and assemblers,81 - Stationary plant and machine operators,811 - Stationary plant operators,8112 - Brewing and distilling plant operators,0.92,0.88,0.82,0.75,"This posting is clearly for a role within beverage manufacturing (brewing) and maps well to ISIC section C, Division 11, Class 1105 (manufacture of beer). The occupation is best classified among plant/stationary machine operators and supervisors in ISCO (operators of brewing/distilling plant), though exact unit-group confidence is slightly lower because the title is supervisory (could overlap with production management at higher levels)."
25355,B - Mining and quarrying,07 - Mining of metal ores,072 - Mining of non-ferrous metal ores,0729 - Mining of other non-ferrous metal ores,0.98,0.97,0.95,0.9,2 - Professionals,21 - Science and engineering professionals,214 - Engineering professionals,"2145 - Mining engineers, metallurgists and related professionals",0.97,0.96,0.95,0.93,"This posting is clearly for a mining operation (gold open-pit) and maps to ISIC section B, division 07, specifically non-ferrous metal ore mining (gold). The role is explicitly a Mine Engineer with responsibilities in mine planning, drill & blast and technical leadership, which corresponds directly to ISCO-08 engineering professionals (mining engineers)."
25341,G - Wholesale and retail trade; repair of motor vehicles and motorcycles,45 - Wholesale and retail trade and repair of motor vehicles and motorcycles,453 - Sale of motor vehicle parts and accessories,4530 - Sale of motor vehicle parts and accessories,0.9,0.9,0.75,0.7,1 - Managers,"11 - Chief executives, senior officials and legislators",112 - Managing directors and chief executives,1120 - Managing directors and chief executives,0.95,0.95,0.9,0.9,"This role is a senior corporate management position (General Manager / country head) for a Bridgestone automotive/heavy-equipment operation in PNG and best maps to the automotive trade sector (ISIC Section G, Division 45), specifically sale/distribution of vehicle parts/accessories. The occupational match is strong to ISCO's managing directors/chief executives unit (1120); uncertainty in the industry 3–4 digit codes reflects limited visibility on whether the business is primarily retail, wholesale/distribution, or includes manufacturing/service activities."
25219,P - Education,85 - Education,854 - Higher education,8541 - Higher education,0.98,0.97,0.95,0.9,2 - Professionals,24 - Business and administration professionals,241 - Accounting professionals,2412 - Auditors,0.95,0.9,0.6,0.55,"The employer is a private higher-education institution offering degree programmes, so ISIC classification is best mapped to Section P → Division 85 → Group 854 → Class 8541 (Higher education) with high confidence. The occupation is a Quality Assurance / Audit role; it has been provisionally classified under ISCO as a business/accounting professional (auditor, 2412) but this is less certain because the role combines QA/testing, compliance and internal audit functions and could alternatively map to other business/quality-assurance analyst groups."
24825,B - Mining and quarrying,06 - Extraction of crude petroleum and natural gas,062 - Extraction of natural gas,0620 - Extraction of natural gas,0.98,0.95,0.88,0.85,3 - Technicians and associate professionals,31 - Science and engineering technicians,311 - Physical and engineering science technicians,3113 - Electrical engineering technicians,0.95,0.9,0.8,0.65,"This posting is for an Electrical & Instrumentation (E&I) Technician working on oil and gas production and processing facilities, so mapping to ISIC Section B, Division 06 (extraction of crude petroleum and natural gas — with emphasis on natural gas operations) is appropriate. The occupation fits within ISCO major group 3 (technicians), specifically physical/engineering science technicians with an electrical/instrumentation focus, though exact unit-group assignment between electrical fitters and engineering technicians has some overlap, so the occupational 4-digit confidence is lower."
25321,B - Mining and quarrying,07 - Mining of metal ores,072 - Mining of non-ferrous metal ores,0729 - Mining of other non-ferrous metal ores,0.99,0.99,0.95,0.9,2 - Professionals,22 - Health professionals,226 - Other health professionals,2263 - Environmental and occupational health professionals,0.9,0.85,0.8,0.7,"The employer (Newmont) and the role description (safety audits, incident investigations, implementation of H&S systems at a gold mine) clearly place this job in the mining industry (ISIC B, 07, 072, 0729). The occupation is best classified as an environmental/occupational health professional (ISCO 2263) since the role requires professional-level H&S advisory, auditing and incident investigation skills, though there is some minor uncertainty because similar roles can be coded as technician-level in some contexts."
25165,B - Mining and quarrying,09 - Mining support service activities,099 - Support activities for other mining and quarrying,0990 - Support activities for other mining and quarrying,0.95,0.85,0.8,0.8,8 - Plant and machine operators and assemblers,83 - Drivers and mobile plant operators,833 - Earth-moving and related plant operators,"8333 - Drillers, borers and related operators",0.9,0.7,0.6,0.5,"This posting is clearly in the mining sector (high confidence) and specifically describes drilling operations for exploration/core recovery, which aligns with mining support service activities. The occupational classification as a mobile plant/drill operator is appropriate, though precise ISCO 3–4 digit placement is moderately uncertain because different ISCO unit groups can cover mobile heavy-plant operators versus specialized drilling occupations."
25272,"M - Professional, scientific and technical activities","74 - Other professional, scientific and technical activities","749 - Other professional, scientific and technical activities","7490 - Other professional, scientific and technical activities n.e.c.",0.7,0.65,0.5,0.45,3 - Technicians and associate professionals,,,,0.9,0.3,0.2,0.1,"This posting is clearly for an HSSE (Health, Safety, Security, Environment, Quality) officer, which maps well to ISCO major group 3 (Technicians and associate professionals). The employer's precise economic activity is not stated; I therefore assign the posting to ISIC section M (professional, scientific and technical activities) as a best fit for HSSE/professional services but with only moderate confidence at detailed ISIC levels."
25296,"A - Agriculture, forestry and fishing","01 - Crop and animal production, hunting and related service activities",014 - Animal production,0149 - Other animal production,0.85,0.85,0.6,0.4,1 - Managers,"11 - Chief executives, senior officials and legislators",112 - Managing directors and chief executives,1120 - Managing directors and chief executives,0.98,0.9,0.9,0.85,"This posting is clearly for a senior executive role (General Manager / managing director), so ISCO-08 mapping to the Managers major group and the managing directors / chief executives unit group is highly confident. The employer operates a diversified business with strong agricultural and wholesale elements; therefore the ISIC classification was assigned to Agriculture (Crop and animal production) with decreasing confidence at the more specific animal-production class levels due to the multi-divisional nature of the business."
25074,H - Transportation and storage,49 - Land transport and transport via pipelines,492 - Freight transport by road,4920 - Freight transport by road,0.95,0.9,0.85,0.7,1 - Managers,13 - Production and specialised services managers,"133 - Supply, distribution and related managers",1333 - Logistics managers,0.95,0.7,0.65,0.6,"This role is best classified in Transportation and storage (ISIC H), specifically land freight transport (ISIC division 49) because the job is focused on managing a fuel delivery fleet and driver dispatching. Occupationally it maps to Managers (ISCO major group 1) and most closely to supply/distribution/logistics management (ISCO supply, distribution and related managers), though exact 3- and 4-digit ISCO labels are moderately uncertain because the posting is for a supervisor-level operational manager rather than a senior transport executive."
25167,B - Mining and quarrying,07 - Mining of metal ores,072 - Mining of non-ferrous metal ores,0729 - Mining of other non‑ferrous metal ores,0.99,0.98,0.98,0.95,3 - Technicians and associate professionals,,325 - Safety and quality inspectors,3251 - Occupational health and safety inspectors / technicians,0.9,0.2,0.7,0.6,"Industry is clearly mining (high confidence): the employer operates a gold mine, so ISIC B / 07 / 072 / 0729 (non‑ferrous metal ores) is the best fit. The role is a site Safety/Safety Coordinator focused on occupational health and safety in an extractive industry — it falls under ISCO major group 3 (technicians and associate professionals) and most closely maps to the safety and quality inspectors category (325), but precise 2‑ and 4‑digit matching is less certain due to variation in national/ad-hoc job titling."
25129,P - Education,85 - Education,853 - Higher education,8530 - Higher education,0.95,0.95,0.9,0.85,2 - Professionals,24 - Business and administration professionals,"243 - Advertising, marketing and public relations professionals",2434 - Public relations professionals,0.75,0.7,0.6,0.55,"The employer is a university and the role (Alumni Officer) is administrative support within higher education, so ISIC classification as 85 / 8530 (Higher education) is highly appropriate. The occupational classification is less certain: the role fits communications/relations duties typical of public relations or alumni relations professionals (ISCO 2434), but job details are sparse so the occupation-level assignment has moderate confidence."
24888,P - Education,85 - Education,855 - Other education n.e.c.,8550 - Other education n.e.c.,0.9,0.9,0.8,0.7,2 - Professionals,23 - Teaching professionals,235 - Other teaching professionals,2359 - Other teaching professionals,0.85,0.8,0.75,0.6,"This posting is best classified in the Education sector (ISIC Section P, Division 85) because the roles focus on education system strengthening, curriculum and training design, and eLearning implementation. Occupationally, the roles align most closely with teaching/education professionals (ISCO-08 2359) — instructional designers, curriculum developers and senior education specialists — although they include significant digital/ICT leadership and program management elements, so finer-grained placement (e.g., ICT professionals or education managers) is possible depending on the exact job title and duties."
25000,K - Financial and insurance activities,"64 - Financial service activities, except insurance and pension funding",64.1 - Monetary intermediation,64.19 - Other monetary intermediation,0.95,0.9,0.7,0.5,1 - Managers,"11 - Chief executives, senior officials and legislators",111 - Chief executives,1110 - Chief executives,0.99,0.9,0.85,0.8,"This is a senior executive (COO) role at a finance and lending institution, so classification to ISIC Section K and Division 64 (financial services) and ISCO Major Group 1 (Managers) is highly appropriate. More granular ISIC and ISCO codes (exact class for the specific type of lending institution and the precise unit-group for a COO vs other chief executives) are less certain from the posting alone, so detailed-level confidence is moderate."
25251,C - Manufacturing,10 - Manufacture of food products,"107 - Manufacture of grain mill products, starches and starch products",1071 - Manufacture of grain mill products,0.9,0.9,0.6,0.5,4 - Clerical support workers,42 - Customer services clerks,422 - Client information workers / Customer service clerks,4222 - Customer service clerks (unit group),0.95,0.9,0.8,0.75,"The employer (Trukai Industries) is primarily a food products manufacturer (FMCG), so the economic activity most closely aligns with ISIC Section C, Division 10 (manufacture of food products); lower-level ISIC codes are assigned with moderate confidence because the posting describes a supply-chain/customer-service role rather than explicit manufacturing tasks. The occupation is clearly a clerical customer service role and maps well to ISCO Major Group 4 and the customer services clerks sub-major group, so the occupational classification is high-confidence at the major and sub-major levels and moderately confident at the unit-group level."
25079,N - Administrative and support service activities,"82 - Office administrative, office support and other business support activities",821 - Office administrative and support activities,8211 - Combined office administrative services,0.95,0.92,0.75,0.65,4 - Clerical support workers,41 - General and keyboard clerks,411 - General office clerks,4110 - General office clerks,0.99,0.96,0.92,0.88,This posting is clearly for an office/administrative support role and maps well to ISIC section N (Administrative and support services) and ISCO major group 4 (Clerical support workers). The occupational match (general office/clerical clerk) is strong; the industry mapping to the ISIC Division 82 is also appropriate though exact 3- and 4-digit ISIC class assignment is slightly less certain without more employer activity detail.
25085,C - Manufacturing,33 - Repair and installation of machinery and equipment,,,0.9,0.9,0.3,0.2,7 - Craft and related trades workers,"72 - Metal, machinery and related trades workers",723 - Machinery mechanics and repairers,7232 - Heavy vehicle and mobile equipment mechanics and repairers,0.95,0.9,0.85,0.8,"This is a field service fitter / diesel fitter role performing maintenance, repair and reconditioning of large earth‑moving equipment — best classified under Repair and installation of machinery and equipment (ISIC division 33). The occupational fit is strong with ISCO mapping to craft/technician groups for machinery mechanics, specifically heavy vehicle and mobile equipment mechanics and repairers."
24801,H - Transportation and storage,52 - Warehousing and support activities for transportation,522 - Support activities for transportation,5220 - Support activities for transportation,0.95,0.95,0.9,0.85,1 - Managers,13 - Production and specialised services managers,"132 - Manufacturing, mining, construction and distribution managers",1322 - Logistics managers,0.95,0.7,0.65,0.7,"This role is best classified within ISIC Section H (Transportation and storage), specifically Division 52 (Warehousing and support activities for transportation) because the job covers 3PL contract management, transport operations and warehouse control. Occupationally, the position is a managerial logistics role (ISCO major group 1), responsible for overseeing transport/warehouse operations and KPIs, so it maps to logistics/supply and distribution management within ISCO, though exact sub-group/unit coding is moderately uncertain due to overlap between warehousing and transport management functions."
24989,P - Education,85 - Education,85.3 - Higher education,,0.99,0.98,0.95,0.2,2 - Professionals,23 - Teaching professionals,231 - University and higher education teachers,2310 - University and higher education teachers,0.99,0.97,0.96,0.95,"This is a higher-education academic appointment (Professor / Associate Professor / Senior Lecturer) at a university, so the ISIC classification is Education (Division 85), specifically higher education. The occupational classification maps clearly to ISCO-08 university and higher education teachers (2310) since the role is an academic teaching/research position in Food Engineering."
25202,B - Mining and quarrying,06 - Extraction of crude petroleum and natural gas,061 - Extraction of crude petroleum and natural gas,0610 - Extraction of crude petroleum and natural gas,0.98,0.97,0.95,0.95,2 - Professionals,21 - Science and engineering professionals,211 - Physical and earth science professionals,,0.95,0.9,0.85,0.25,"The employer (Santos) and the job duties (wellbore stability, pore pressure, fracture modelling, reservoir geomechanics, etc.) clearly place this role in the extraction of crude petroleum and natural gas (ISIC B / 06 / 061 / 0610) with high confidence. The occupation is a geoscience/geomechanics professional and fits ISCO major/sub-major groups for science and engineering professionals (2 / 21 / 211) with good confidence; the exact 4-digit unit group is less certain from the posting (geomechanics can map to different unit groups such as geoscientists or petroleum engineers), so the unit-group level is left unspecified."
25019,S - Other service activities,94 - Activities of membership organisations,94.9 - Activities of other membership organisations,94.99 - Activities of other membership organisations n.e.c.,0.85,0.8,0.75,0.7,1 - Managers,12 - Administrative and commercial managers,121 - Business services and administration managers,1211 - Finance managers,1.0,0.95,0.9,0.95,"The occupation is straightforward: the role is explicitly a Finance Manager with clear managerial, accounting, payroll and grants responsibilities, so ISCO mapping to Finance Managers (1211) is highly confident. The industry is identified as an international development NGO; this is best mapped to ISIC section S (Activities of membership/other organisations, class 94.99) but there is moderate uncertainty because NGOs delivering social and humanitarian programs are sometimes classified under social work (Section Q, class 88) or other nonprofit categories depending on statistical conventions."
24169,B - Mining and quarrying,07 - Mining of metal ores,072 - Mining of non‑ferrous metal ores,,0.99,0.99,0.95,0.6,8 - Plant and machine operators and assemblers,81 - Stationary plant and machine operators,812 - Mining and mineral processing plant operators,,0.95,0.9,0.8,0.3,"This is clearly a mining (metal ore) role — an underground production driller for a gold mine — so ISIC section B and division 07 (mining of metal ores) are highly appropriate. The occupation aligns with ISCO major group 8 (plant and machine operators), specifically operators of mining drilling equipment, though the exact 4‑digit ISCO/ISIC class is left null due to uncertainty in mapping to a single specific unit class in the standard lists."
25039,U - Activities of extraterritorial organisations and bodies,99 - Activities of extraterritorial organisations and bodies,990 - Activities of extraterritorial organisations and bodies,9900 - Activities of extraterritorial organisations and bodies,0.95,0.95,0.9,0.9,2 - Professionals,21 - Science and engineering professionals,213 - Life science professionals,,0.95,0.8,0.7,0.2,"The job is posted by the International Organization for Migration, an international/ extraterritorial organisation, so ISIC U (division 99 / class 9900) is the best fit. The role is a professional-level consultancy in disaster risk management and early warning systems, which aligns with ISCO major group 2 (Professionals) and most closely with science/environment-related professionals (sub-major 21 and minor 213); the exact 4-digit unit group is uncertain due to the interdisciplinary and consultancy/project-management nature of the role."
24660,H - Transportation and storage,51 - Air transport,511 - Passenger air transport,5110 - Passenger air transport,0.99,0.98,0.95,0.9,3 - Technicians and associate professionals,31 - Science and engineering technicians,315 - Ship and aircraft controllers and technicians,3152 - Air traffic controllers and related workers,0.95,0.7,0.75,0.7,"This vacancy is clearly for an airline operational role, so ISIC classification under H -> 51 (Air transport), specifically passenger air transport (511/5110), is appropriate and highly certain. The occupational mapping places Flight Dispatcher among technicians/associate professionals involved in air operations (ISCO major group 3); the exact unit-group mapping (3152 — air/flight operations controllers and related workers) is a best-fit with moderate confidence because ISCO groups sometimes separate air traffic control, dispatch and other flight operations roles."
24255,H - Transportation and storage,51 - Air transport,511 - Passenger air transport,5110 - Passenger air transport,0.95,0.95,0.9,0.8,8 - Plant and machine operators and assemblers,83 - Drivers and mobile plant operators,"832 - Car, taxi and van drivers","8322 - Car, taxi and van drivers",0.95,0.95,0.9,0.7,"The employer is an airline, so the economic activity is best classified under ISIC Section H — Transportation and storage, specifically Air transport (51) and Passenger air transport (511 / class 5110). The role is an administrative chauffeur/driver and maps to ISCO-08 drivers (Major Group 8, Sub-major 83, Minor 832), with the exact 4-digit unit (8322) provided with slightly lower confidence due to variation in national coding for administrative/escort driving duties."
25077,"M - Professional, scientific and technical activities",69 - Legal and accounting activities,"692 - Accounting, bookkeeping and auditing and tax consultancy","6920 - Accounting, bookkeeping and auditing activities; tax consultancy",0.92,0.96,0.95,0.92,2 - Professionals,24 - Business and administration professionals,241 - Accountants,2411 - Accountants,0.98,0.97,0.98,0.98,"The vacancy explicitly describes an Accountant position (financial reporting, general ledger, tax compliance, payroll and budgeting) which maps clearly to ISCO-08 unit group 2411 and to ISIC Rev.4 class 6920 (accounting and tax consultancy). Confidence is high because the duties and required qualifications match standard accounting roles; a small residual uncertainty exists only if the role is instead a finance function inside a non-accounting firm (which would change the employer's ISIC)."
25273,J - Information and communication,"62 - Computer programming, consultancy and related activities","620 - Computer programming, consultancy and related activities",6209 - Other information technology and computer service activities,0.8,0.75,0.7,0.6,3 - Technicians and associate professionals,35 - Information and communications technicians,351 - Information and communications technology operations and user support technicians,,0.9,0.9,0.85,0.4,"This posting describes an ICT application support role (user support, application maintenance, backups, reporting and small automation) and therefore maps most closely to ISIC Section J (Information and communication) — Division 62 — and to ISCO as an ICT operations/user support technician. Confidence is high for the occupation being an ICT technician and moderate for the industry being classified under IT services; the 4-digit ISIC/ISCO specifics are less certain because the role appears to be in-house support for a non-IT corporate group rather than an external IT services firm."
24534,"M - Professional, scientific and technical activities",71 - Architectural and engineering activities; technical testing and analysis,711 - Architectural and engineering activities and related technical consultancy,7110 - Architectural and engineering activities and related technical consultancy,0.85,0.8,0.8,0.75,2 - Professionals,21 - Science and engineering professionals,"216 - Architects, town and traffic planners and surveyors",2161 - Architects,0.95,0.85,0.75,0.65,"The job posting is directly for an entry-level architect and maps well to ISCO professionals in the architects unit group; the occupational classification is therefore high-confidence at the major and sub-major levels and moderate confidence at the detailed unit-group level. The employer activity could be either architectural/technical consultancy (ISIC M.71/7110) or a construction/estate firm performing in-house architectural work, so the ISIC assignment to professional, scientific and technical activities is the best fit given the explicit architectural duties but carries moderate uncertainty."
25188,C - Manufacturing,10 - Manufacture of food products,"106 - Manufacture of grain mill products, starches and starch products",1061 - Manufacture of grain mill products,0.95,0.92,0.85,0.8,3 - Technicians and associate professionals,31 - Science and engineering technicians,311 - Physical and engineering science technicians,3112 - Chemical and physical science technicians,0.85,0.8,0.75,0.65,"The job is strongly classifiable within Manufacturing (ISIC C), specifically food product manufacture and, given Trukai's rice/FMCG operations, most likely grain mill products (ISIC 1061). Occupationally, the role aligns with science/engineering technician categories (lab-based quality control and testing), though its supervisory/management aspects introduce some uncertainty between a technician unit group and a first-line production manager classification."
25166,B - Mining and quarrying,07 - Mining of metal ores,,,0.95,0.95,0.3,0.2,3 - Technicians and associate professionals,31 - Science and engineering technicians,,,0.9,0.7,0.3,0.2,"The employer is a gold mining company so the economic activity is clearly Mining and quarrying (Division 07 - Mining of metal ores). The role is an on-site Health, Safety & Environment (HSE) coordinator focused on mining operations, which best fits within ISCO major group 3 (Technicians and associate professionals), though the exact minor/unit group is ambiguous from the posting."
25378,K - Financial and insurance activities,"64 - Financial service activities, except insurance and pension funding",64.1 - Monetary intermediation,64.19 - Other monetary intermediation,0.99,0.97,0.95,0.9,1 - Managers,12 - Administrative and commercial managers,"122 - Sales, marketing and development managers",1221 - Sales and marketing managers,0.99,0.98,0.95,0.92,"This is a senior marketing management role within a commercial bank, so classifying the employer under ISIC Section K (Financial and insurance activities) and Division 64 (financial services, monetary intermediation) is appropriate. The occupation clearly matches a Sales/Marketing manager (ISCO-08 1221) given responsibilities for strategy, team leadership, campaigns and budget management; therefore occupational classification is high-confidence while the ISIC 4-digit class is slightly less certain only if the bank's activities extended beyond typical monetary intermediation."
25081,L - Real estate activities,68 - Real estate activities,68.3 - Real estate activities on a fee or contract basis,68.32 - Management of real estate on a fee or contract basis,0.95,0.95,0.85,0.8,1 - Managers,12 - Administrative and commercial managers,,,0.98,0.7,0.2,0.1,"This posting describes a managerial role in a real estate business (property management/operations), which maps clearly to ISIC section L and division 68; the most appropriate ISIC class is 68.32 (management of real estate on a fee or contract basis) with high confidence. The occupation is clearly a manager (ISCO major group 1) but the posting lacks detail to assign a precise sub-major/minor/unit group reliably, so lower-level ISCO codes are left unspecified."
25255,B - Mining and quarrying,07 - Mining of metal ores,072 - Mining of non-ferrous metal ores,0729 - Mining of other non-ferrous metal ores,0.98,0.95,0.9,0.88,7 - Craft and related trades workers,74 - Electrical and electronic trades workers,741 - Electrical and electronic installers and repairers,7411 - Electricians and electrical fitters,0.95,0.9,0.85,0.82,"This posting is clearly for a mining-site electrical role (Registered Mine Electrician delegate) and fits squarely within ISIC section B, division 07 (mining of metal ores), most specifically non‑ferrous metal ore mining (gold). The occupation matches ISCO unit group 7411 (electricians and electrical fitters) given the required electrotechnology qualifications, licensing and on-site electrical safety, permitting and maintenance responsibilities."
24477,B - Mining and quarrying,07 - Mining of metal ores,072 - Mining of non-ferrous metal ores,0729 - Mining of other non-ferrous metal ores,0.99,0.98,0.92,0.88,1 - Managers,12 - Administrative and commercial managers,"122 - Sales, marketing and development managers",1221 - Sales and marketing managers,0.99,0.9,0.8,0.6,"The employer is a mining company operating a gold mine in Papua New Guinea, so classifying the industry under ISIC B (07 Mining of metal ores — specifically non‑ferrous metal ores) is highly reliable. The role is a managerial position leading business development and community affairs (a business development/management function), so it maps to ISCO major group 1 (Managers) and most closely to sales/marketing and development management at the detailed level, although the exact 4‑digit unit group is less certain because the role blends business development, procurement and community liaison."
24646,B - Mining and quarrying,07 - Mining of metal ores,072 - Mining of non-ferrous metal ores,,0.99,0.95,0.9,0.3,7 - Craft and related trades workers,"72 - Metal, machinery and related trades workers",723 - Motor vehicle mechanics and repairers (vehicle and heavy equipment mechanics),,0.95,0.9,0.85,0.35,"This is clearly a heavy-equipment fitter/mechanic role employed directly by a gold-mining operator, so the economic activity is confidently classified under Mining and quarrying (ISIC B), specifically mining of metal ores (Division 07 / non‑ferrous ores at the 3-digit level). Occupationally the role maps to craft/technical trades—vehicle/heavy-equipment mechanics—so ISCO major and sub-major groups (7, 72) and the 3-digit mechanics group are a good fit; exact 4-digit ISCO and ISIC class assignments are less certain without the precise national class label or the employer's internal occupational code."
25105,C - Manufacturing,23 - Manufacture of other non-metallic mineral products,236 - Manufacture of other non-metallic mineral products,2369 - Manufacture of other non-metallic mineral products n.e.c.,0.95,0.7,0.55,0.4,1 - Managers,12 - Administrative and commercial managers,"122 - Sales, marketing and development managers",1221 - Sales and marketing managers,0.95,0.9,0.9,0.95,"The vacancy is clearly for a Sales Manager (high confidence for ISCO classification as Sales and marketing manager). The employer is described as a manufacturer of construction/building materials so Section C (Manufacturing) is confident, but the exact manufacturing division/group/class is inferred (building materials could span several specific ISIC classes) and therefore lower confidence at 2–4 digit ISIC levels."
24934,K - Financial and insurance activities,"64 - Financial service activities, except insurance and pension funding",641 - Monetary intermediation,6419 - Other monetary intermediation (commercial banking and similar activities),0.99,0.98,0.95,0.9,1 - Managers,13 - Information and communications technology managers,133 - Information and communications technology operations managers (service/operations management),1331 - Information and communications technology operations and user support managers,0.99,0.97,0.92,0.88,"This posting is clearly for an ICT operations/operations lead role within a commercial bank, so ISIC classification under Financial and insurance activities (Section K, Division 64) is a strong fit. The occupation maps well to ISCO ICT management (major group 1, sub-major 13) — specifically an ICT operations/user-support manager — with slight uncertainty only at the most detailed unit-group level due to variation in exact ISCO unit-group naming conventions."
24980,S - Other service activities,94 - Activities of membership organisations,94.9 - Activities of other membership organisations,94.99 - Activities of other membership organisations n.e.c.,0.75,0.6,0.45,0.35,2 - Professionals,21 - Science and engineering professionals,213 - Environmental professionals,,0.85,0.7,0.55,0.2,"This role is best classified in ISIC as an activity of a membership/non-governmental organisation providing community and environmental services (Section S, Division 94). Occupationally the position aligns with professional-level environmental/community development work (ISCO Professionals — environmental professionals), though an exact ISCO unit-group is uncertain because the title ‘Project Officer’ spans project management, community engagement and environmental advisory tasks."
25083,F - Construction,43 - Specialized construction activities,"432 - Electrical, plumbing and other construction installation activities","4322 - Plumbing, heat and air-conditioning installation",0.75,0.8,0.8,0.85,1 - Managers,13 - Production and specialised services managers,131 - Manufacturing managers,,0.99,0.9,0.75,0.2,"This role is best classified to the Construction section (ISIC F), specifically class 4322 (plumbing, heat and air‑conditioning installation), because the position focuses heavily on HVACR installation and project delivery even though it also includes in‑house steel fabrication. Occupationally, the vacancy is a senior operations/production manager and maps to ISCO major group 1 (Managers) and sub‑group 13 (Production and specialised services managers); a precise 4‑digit unit group is less certain because the role spans both manufacturing (fabrication) and installation/project management functions."
25248,B - Mining and quarrying,07 - Mining of metal ores,072 - Mining of non-ferrous metal ores,0729 - Mining of other non-ferrous metal ores,0.95,0.95,0.9,0.8,4 - Clerical support workers,41 - General and keyboard clerks,411 - General office clerks,4110 - General office clerks,0.8,0.75,0.7,0.6,"The employer is a mine operator (Hidden Valley), so the economic activity is classified under ISIC B — Mining and quarrying, most likely the metal ores subgroup (non‑ferrous metal ores). The role is an operational HR/administrative position focused on personnel records, benefits and HR services, so it maps best to ISCO clerical support (general office/HR clerical) though it could alternatively be classified among HR professionals for more senior HR specialist roles; hence moderate uncertainty at the most detailed occupation digits."
25356,B - Mining and quarrying,07 - Mining of metal ores,072 - Mining of non-ferrous metal ores,0729 - Mining of other non-ferrous metal ores,0.95,0.95,0.9,0.8,2 - Professionals,24 - Business and administration professionals,241 - Finance professionals,2411 - Accountants,0.98,0.97,0.95,0.9,"The employer operates the Porgera Gold Mine, so the economic activity is clearly in mining (metal ores) and is classified under ISIC section B, division 07; the exact 4-digit class is given as mining of other non‑ferrous metal ores (0729) with slightly lower confidence since gold-specific subclass coding can vary. The occupation is unambiguously a management/management-accountant role and maps to ISCO-08 as an Accountant (2411) with high confidence."
25265,"M - Professional, scientific and technical activities",72 - Scientific research and development,721 - Research and experimental development on natural sciences and engineering,7210 - Research and experimental development on natural sciences and engineering,0.8,0.75,0.7,0.65,1 - Managers,12 - Administrative and commercial managers,121 - Business services and administration managers,1219 - Business services and administration managers (n.e.c.),0.95,0.8,0.7,0.6,"This is a senior program quality/management role based in an international public‑health and research NGO, so it best fits ISIC under professional, scientific and technical activities (research) and ISCO as a managerial role in business/administration. There is some ambiguity because the employer performs both health program delivery and research activities, so classification at fine-grained ISIC/ISCO levels carries moderate uncertainty."
25229,G - Wholesale and retail trade; repair of motor vehicles and motorcycles,"47 - Retail trade, except of motor vehicles and motorcycles",474 - Retail sale of information and communication equipment in specialised stores,,0.9,0.85,0.6,0.2,4 - Clerical support workers,41 - General and keyboard clerks,411 - General office clerks,4110 - General office clerks,0.9,0.75,0.6,0.5,"This posting describes a retail sales-support role (customer enquiries, order processing, quotations, in-store/frontline service) so classification under ISIC Section G and Division 47 (retail trade) is appropriate. The occupational duties are primarily clerical/customer-service oriented (order processing, records, scheduling), so mapping to ISCO major group 4 (clerical support workers) is most consistent, though if the role were more sales-facing it could alternatively map to ISCO major group 5 (sales workers)."
25101,I - Accommodation and food service activities,55 - Accommodation,551 - Hotels and similar accommodation,5510 - Hotels and similar accommodation,0.95,0.9,0.8,0.75,5 - Service and sales workers,51 - Personal service workers,512 - Cooks,5120 - Cooks,0.95,0.9,0.7,0.65,"The employer is Holiday Inn (a hotel), so the economic activity is best classified under Accommodation and food service activities (Section I), most precisely as hotels and similar accommodation (division/group/class). The occupation is clearly food preparation (baker/commis chef), so it maps to service occupations for cooks (ISCO major group 5, unit group for cooks), though there is some ambiguity between a dedicated baker/pastry-cook class and a broader cook/chef classification."
25354,B - Mining and quarrying,07 - Mining of metal ores,072 - Mining of non-ferrous metal ores,0720 - Mining of non-ferrous metal ores,0.95,0.9,0.8,0.6,2 - Professionals,24 - Business and administration professionals,242 - Administration professionals,2423 - Personnel and careers professionals,0.9,0.9,0.85,0.7,"The employer is a gold-mining company, so assigning the posting to Mining and quarrying (ISIC Section B), specifically mining of non‑ferrous metal ores (ISIC 07/072/0720) is appropriate and has high confidence. The job is a senior human resources role and best fits the ISCO category for personnel and careers professionals (ISCO 2423), though in some organisations a 'Senior HR Officer' might be classified at a managerial level, so the occupation-level assignment is moderately to highly confident."
25348,G - Wholesale and retail trade; repair of motor vehicles and motorcycles,"46 - Wholesale trade, except of motor vehicles and motorcycles",466 - Wholesale of other machinery and equipment,,0.95,0.9,0.6,0.3,1 - Managers,12 - Administrative and commercial managers,,,0.98,0.8,0.3,0.2,"The employer appears to be a supplier of industrial testing equipment and the role is a warehouse/inventory management position, so classifying the business under wholesale trade (ISIC Section G, Division 46) is appropriate. The occupation is clearly managerial (an Inventory/Warehouse Manager) and fits within ISCO major group 1 (Managers), though mapping to a precise 3- or 4-digit ISCO or a specific 4-digit ISIC class is less certain from the posting alone."
24955,N - Administrative and support service activities,81 - Services to buildings and landscape activities,811 - Combined facilities support activities,8110 - Combined facilities support activities,0.75,0.8,0.7,0.65,1 - Managers,12 - Administrative and commercial managers,,,0.98,0.8,0.2,0.1,"The role is best classified as facilities/facility-management activity within ISIC (Section N, Division 81 – combined facilities support activities) because the duties focus on building maintenance, construction oversight and fleet operations. Occupationally, the position is clearly managerial (ISCO major group 1) and most consistent with administrative/operations management (sub-major group 12), though the precise minor/unit group is uncertain from the posting."
23366,H - Transportation and storage,52 - Warehousing and support activities for transportation,522 - Support activities for transportation,"5229 - Other transportation support activities (e.g., customs clearance, freight forwarding)",0.95,0.9,0.88,0.8,3 - Technicians and associate professionals,33 - Business and administration associate professionals,333 - Business services agents,3331 - Customs and shipping agents (customs brokers / freight forwarding agents),0.85,0.8,0.75,0.7,"The role is a customs clearance / import-export logistics position embedded in an airline's operations, so ISIC classification as Transportation and storage (support activities for transportation, specifically other transportation support activities such as customs brokerage/freight forwarding) is appropriate. Occupationally it best maps to ISCO business services agents — specifically customs and shipping agents — though duties overlap with clerical and general logistics coordination, so unit-level occupational confidence is moderate."
25184,F - Construction,43 - Specialised construction activities,"432 - Electrical, plumbing and other construction installation activities","4322 - Plumbing, heat and air-conditioning installation",0.99,0.95,0.95,0.9,7 - Craft and related trades workers,71 - Building and related trades workers,,,0.98,0.9,0.3,0.2,"The job is clearly an HVAC/AC mechanic role that fits well within ISIC Rev.4 Section F (Construction), specifically class 4322 (plumbing, heat and air-conditioning installation). The occupational placement at the ISCO major/sub-major levels (Craft and related trades workers; Building and related trades workers) is confident, but the exact ISCO 3- and 4-digit unit group is ambiguous from the posting alone (plumbers/pipe-fitters vs specialized HVAC installers), so finer-grained ISCO assignment is given as null with low confidence."
24481,B - Mining and quarrying,07 - Mining of metal ores,072 - Mining of other non-ferrous metal ores,0729 - Mining of other non-ferrous metal ores,0.98,0.95,0.85,0.75,8 - Plant and machine operators and assemblers,82 - Stationary plant and machine operators,821 - Mining and mineral processing plant operators,8213 - Drillers and borers (mining),0.8,0.7,0.7,0.55,"This posting is clearly in the mining sector (metal ores, gold) and maps well to ISIC section B and Division 07. The role is a supervisory/operator position focused on underground diamond drilling; it best fits ISCO as a mining plant/machine operator supervisor (drillers/borers), though exact 4-digit occupational coding is less certain due to mixed supervisory/training responsibilities."
25343,H - Transportation and storage,53 - Postal and courier activities,532 - Courier activities,5320 - Courier activities,0.99,0.98,0.96,0.95,8 - Plant and machine operators and assemblers,83 - Drivers and mobile plant operators,"832 - Car, taxi and van drivers",8322 - Delivery drivers and couriers,0.95,0.95,0.9,0.85,"This posting is clearly in the transportation and storage sector (ISIC H), specifically postal and courier activities (ISIC 53/532/5320), with high confidence given the explicit courier/delivery role. Occupationally, the role maps to drivers and mobile plant operators (ISCO 83) and most closely to car/van delivery drivers and couriers (ISCO 832/8322); the major and sub-major group assignments are strong while the exact 4-digit unit-group is moderately certain due to variations in national coding of delivery roles."
25316,I - Accommodation and food service activities,55 - Accommodation,55.1 - Accommodation,55.10 - Hotels and similar accommodation,0.99,0.98,0.98,0.95,1 - Managers,12 - Administrative and commercial managers,"122 - Sales, marketing and development managers",1221 - Sales and marketing managers,0.95,0.9,0.92,0.9,"This posting is clearly for a sales management role within a branded hotel operation, so the ISIC classification as Hotels and similar accommodation (I / 55.10) is highly certain. The occupation best fits the ISCO unit group for Sales and marketing managers (1221), given the senior sales portfolio, account management and revenue-generation responsibilities."
25082,F - Construction,43 - Specialized construction activities,"432 - Electrical, plumbing and other construction installation activities","4322 - Plumbing, heat and air-conditioning installation",0.95,0.95,0.93,0.92,1 - Managers,"14 - Hospitality, retail and other services managers",143 - Other services managers,,0.95,0.6,0.6,0.2,"This position is best classified under ISIC F (Construction), specifically 43.22 (Plumbing, heat and air‑conditioning installation), because the role centers on HVAC installation, maintenance and branch operations. Occupationally it is clearly a managerial post (ISCO major group 1) — a branch/service manager within specialized services — but the exact 4‑digit ISCO unit group cannot be determined with high confidence from the posting alone."
25045,S - Other service activities,94 - Activities of membership organisations,94.9 - Activities of other membership organisations,94.99 - Activities of other membership organisations n.e.c.,0.95,0.9,0.85,0.8,2 - Professionals,24 - Business and administration professionals,242 - Administration professionals,2422 - Personnel and careers professionals,0.9,0.88,0.8,0.75,"This posting is clearly for a mid-level HR/people & safeguarding role within an international NGO delivering WASH and development services, so classifying the employer under ISIC Section S (activities of membership/NGO organisations) is appropriate. The occupation maps well to ISCO as a business/administration professional specialising in personnel and safeguarding (HR/personnel professional), though some ambiguity remains between ‘professional’ and senior ‘manager/coordinator’ labels and between NGO-specific classes within ISIC."
25201,L - Real estate activities,68 - Real estate activities,68.2 - Real estate activities on a fee or contract basis,6830 - Real estate agencies and related activities,0.95,0.95,0.9,0.85,5 - Service and sales workers,52 - Sales workers,,,0.95,0.9,0.3,0.2,"This posting is best classified in the Real Estate sector (ISIC section L), specifically activities on a fee/contract basis such as real estate agencies, because the duties describe assisting senior staff in providing professional real estate services. The occupation is clearly a sales role (ISCO major group 5, sub-major group 52), but the exact minor/unit group (specific sales subcategory for real estate interns/agents) is ambiguous from the short posting, so deeper ISCO-level assignment is uncertain."
25313,B - Mining and quarrying,07 - Mining of metal ores,,,0.97,0.93,0.3,0.1,7 - Craft and related trades workers,"72 - Metal, machinery and related trades workers",723 - Motor mechanics and repairers,7231 - Motor vehicle mechanics and repairers,0.95,0.9,0.9,0.85,"The employer and job duties (maintenance/electrical repair of heavy mining fleet on-site) strongly indicate the economic activity is mining (mining of metal ores). The occupation is clearly a craft-level motor vehicle/auto-electrician role servicing heavy mining equipment, so the ISCO classification is confident; specific ISIC 3- and 4-digit subclassification is left unspecified due to uncertainty whether the role is recorded under mine extraction or internal support activities codes."
24986,H - Transportation and storage,51 - Air transport,51.1 - Passenger air transport,51.10 - Passenger air transport,0.95,0.9,0.85,0.8,7 - Craft and related trades workers,71 - Building and related trades workers,711 - Building frame and related trades workers,7112 - Carpenters and joiners,0.95,0.9,0.8,0.75,"The occupation is clearly a carpenter role focused on maintenance and repair of company buildings and fixtures, so the ISCO classification (craft/building trades → carpenters and joiners) is strong. The ISIC classification assigns the job to the employer's primary industry (air transport), which is appropriate for an in-house maintenance role at an airline, though an alternative plausible industry coding would be building maintenance/facilities services if classifying the specific activity rather than the employer."
