job_id,isic_1digit,isic_2digit,isic_3digit,isic_4digit,isic_1digit_confidence,isic_2digit_confidence,isic_3digit_confidence,isic_4digit_confidence,isco_1digit,isco_2digit,isco_3digit,isco_4digit,isco_1digit_confidence,isco_2digit_confidence,isco_3digit_confidence,isco_4digit_confidence,classification_summary
25071,P - Education,85 - Education,852 - Secondary education,8520 - Secondary education,0.95,0.95,0.9,0.9,2 - Professionals,23 - Teaching professionals,233 - Secondary education teachers,2330 - Secondary education teachers,0.95,0.95,0.95,0.9,"This is a Secondary (FODE) Teacher role delivering formal secondary curriculum via Flexible Open Distance Education in rural PNG, so the posting maps clearly to ISIC Section P (Education) and ISCO-08 Secondary Education Teacher. The position includes some vocational training, administration and community engagement aspects but its primary activity and occupation are secondary education teaching."
24987,P - Education,85 - Education,853 - Higher education,8530 - Higher education,0.99,0.99,0.98,0.98,2 - Professionals,23 - Teaching professionals,231 - University and higher education teachers,2310 - University and higher education teachers,0.99,0.98,0.98,0.97,"This posting is clearly for an academic teaching/research position at a university, so it fits squarely within ISIC Section P (Education) and ISCO major group 2 (Teaching professionals). The discipline (Food Chemistry) refines the subject matter but does not change the higher-education and university-teacher classification."
25392,K - Financial and insurance activities,"64 - Financial service activities, except insurance and pension funding",64.1 - Monetary intermediation,64.10 - Monetary intermediation,0.97,0.96,0.92,0.9,1 - Managers,12 - Administrative and commercial managers,121 - Business services and administration managers,1212 - Human resource managers,0.99,0.98,0.96,0.95,"This posting is for a Human Resources Manager at a development bank, so the economic activity maps clearly to financial services (monetary intermediation) and the occupation matches ISCO-08 unit group 1212 (Human resource managers). Confidence is high for both industry (banking/monetary intermediation) and occupation (HR management) classifications; minor uncertainty is only from the employer being a development bank rather than a commercial bank, which does not change the ISIC banking classification."
25362,F - Construction,42 - Civil engineering,429 - Construction of other civil engineering projects,4290 - Construction of other civil engineering projects,0.98,0.95,0.9,0.85,2 - Professionals,21 - Science and engineering professionals,214 - Engineering professionals,2141 - Civil engineers,0.98,0.95,0.92,0.9,"This posting is clearly for engineering roles within a civil construction contractor, so the industry maps well to ISIC Section F, Division 42 (Civil engineering) and the occupations map to ISCO-08 engineering professionals, specifically civil engineers (2141). Minor elements (e.g., assistance with financial period-end reports) do not change the primary classification but slightly reduce confidence at the most detailed class levels."
25364,P - Education,85 - Education,853 - Higher education,8530 - Higher education,0.96,0.96,0.95,0.95,2 - Professionals,23 - Teaching professionals,231 - University and higher education teachers,2310 - University and higher education teachers,0.97,0.96,0.95,0.95,"The posting is clearly for a university-level academic post (Senior Lecturer/Lecturer in Geology) at PNG University of Technology, so it maps directly to ISIC Section P (Education) — class 8530 Higher education — and to ISCO-08 group 2310 (University and higher education teachers). Classification confidence is high because the ad explicitly identifies the employer as a university and the role as a lecturer in a specific academic discipline (Geology); minor ambiguity could arise only if the role were primarily research or industry-facing rather than teaching, but the title indicates a teaching-focused academic post."
24534,"M - Professional, scientific and technical activities",71 - Architectural and engineering activities; technical testing and analysis,711 - Architectural activities,7110 - Architectural activities,0.98,0.96,0.95,0.94,2 - Professionals,21 - Science and engineering professionals,"216 - Architects, town and traffic planners, surveyors and designers",2161 - Architects,0.98,0.96,0.95,0.93,"This posting clearly describes an entry-level professional role in architectural practice, matching ISIC class 7110 (Architectural activities) and ISCO unit group 2161 (Architects). Classification confidence is high across levels because the title, duties (design, drawings, software like AutoCAD/Revit), and required qualifications explicitly indicate architectural professional work."
25395,P - Education,85 - Education,853 - Higher education,8530 - Higher education,0.99,0.99,0.98,0.98,1 - Managers,12 - Administrative and commercial managers,121 - Business services and administration managers,1212 - Human resource managers,0.98,0.92,0.9,0.93,"The vacancy is clearly for a recruitment (human resources) manager role within a university, so the economic activity maps to Education (Higher education) under ISIC Rev.4. The occupational classification best fits Human Resource Manager (ISCO-08 unit group 1212) as the role manages end-to-end recruitment and reports to Head of People & Culture."
24989,P - Education,85 - Education,853 - Higher education,8530 - Higher education,0.99,0.99,0.98,0.95,2 - Professionals,23 - Teaching professionals,231 - University and higher education teachers,2310 - University and higher education teachers,0.99,0.99,0.98,0.95,"This is a clearly specified higher-education teaching role (Professor / Associate Professor / Senior Lecturer in Food Engineering) and maps directly to ISIC Section P (Education) — Division 85, Group/Class 853/8530 (Higher education). The occupational match is likewise direct to ISCO-08 2310 (University and higher education teachers); classification confidence is high given the explicit title and employer, with only minor ambiguity about research vs teaching balance that does not change the primary classification."
22683,H - Transportation and storage,51 - Air transport,511 - Passenger air transport,5110 - Passenger air transport,0.95,0.95,0.85,0.8,4 - Clerical support workers,43 - Numerical and material-recording clerks,432 - Material-recording clerks,4321 - Stock clerks and records assistants,0.95,0.9,0.9,0.85,"The posting is clearly for a stores/warehouse role within a domestic airline (air transport), so ISIC classification as Air transport (Section H, Division 51) is appropriate. The duties (receiving, inspecting, storing and recording aircraft parts) map well to ISCO material-recording/stock clerk roles, although some minor uncertainty remains about precise air-transport subclass (passenger vs mixed cargo) and the exact unit-group label."
25226,P - Education,85 - Education,854 - Higher education,8541 - Higher education,0.98,0.98,0.95,0.9,2 - Professionals,23 - Teaching professionals,231 - University and higher education teachers,2310 - University and higher education teachers,0.98,0.97,0.95,0.92,"This posting is for a Lecturer in a newly established School of Nursing at Balimo College (a higher education institution), so classifying the industry as Higher education (ISIC 8541) and the occupation as University and higher education teacher (ISCO 2310) is appropriate and highly confident. Minor ambiguity could arise if the role were classified under vocational or health services contexts, but the explicit college/degree program framing makes the higher-education teaching classification the best fit."
25336,H - Transportation and storage,51 - Air transport,511 - Passenger air transport,5110 - Passenger air transport,0.99,0.98,0.95,0.9,4 - Clerical support workers,43 - Numerical and material recording clerks,431 - Numerical and material recording clerks,4311 - Accounting and book-keeping clerks,0.95,0.9,0.9,0.85,"The employer is an airline so the correct economic activity is Air transport (ISIC H/51, specifically passenger air transport 5110). The job is an Accounts Payable Supervisor performing and supervising clerical accounting tasks, which maps best to ISCO-08 clerical accounting/book-keeping (4311) though there is some ambiguity between a supervisory/managerial label and a clerical specialist role."
25376,P - Education,85 - Education,85.4 - Higher education,85.41 - Higher education,0.98,0.98,0.96,0.8,2 - Professionals,23 - Teaching Professionals,231 - University and higher education teachers,2310 - University and higher education teachers,0.99,0.99,0.98,0.95,"This posting is clearly for a higher-education teaching role (Assistant/Lecturer in Accounting) at a tertiary institution, so ISIC classification under Education (higher education) and ISCO classification as a university/higher-education teacher are appropriate and highly confident. The industry-level 4-digit class is assigned with slightly lower confidence due to potential variations in exact ISIC class labeling across datasets, but the occupation classification is unambiguous."
25363,Q - Human health and social work activities,86 - Human health activities,861 - Hospital activities,8610 - Hospital activities,0.98,0.98,0.97,0.95,2 - Professionals,22 - Health professionals,222 - Nursing and midwifery professionals,2221 - Nursing professionals,0.95,0.95,0.85,0.75,"This posting is clearly for hospital-based health services (Kompiam District Hospital and associated health centres), so ISIC classification as hospital activities (Q; 86; 861; 8610) is highly confident. The advertised roles are dominated by nursing and community health positions (with some medical officers and health technicians also listed), so classifying the occupations under ISCO as nursing and midwifery professionals (222 → unit group 2221) is appropriate though somewhat less certain because the posting includes a mixture of professional and associate/technical roles."
24990,P - Education,85 - Education,853 - Higher education,8530 - Higher education,0.99,0.99,0.97,0.97,2 - Professionals,23 - Teaching professionals,231 - University and higher education teachers,2310 - University and higher education teachers,0.99,0.98,0.98,0.98,"This posting is clearly for a university-level teaching position (Lecturer in Food Technology) at PNG University of Technology, so it maps to ISIC section P, division 85, class 8530 (Higher education) and to ISCO unit group 2310 (University and higher education teachers). Confidence is high across levels because the employer is a university and the title explicitly indicates a lecturer role in higher education."
25222,P - Education,85 - Education,853 - Higher education,8530 - Higher education,0.98,0.98,0.96,0.95,2 - Professionals,23 - Teaching professionals,231 - University and higher education teachers,2310 - University and higher education teachers,0.98,0.97,0.96,0.95,The posting is for a Lecturer/Senior Lecturer at a university and clearly maps to the higher education industry (ISIC P / 85 / 853 / 8530) and to the university and higher education teaching occupation (ISCO 2 / 23 / 231 / 2310). Confidence is high because the role is explicitly academic; classification could be less clear only if the position were primarily research-only or a practicing architect role rather than teaching.
24535,F - Construction,43 - Specialised construction activities,"432 - Electrical, plumbing and other construction installation activities",4321 - Electrical installation,0.96,0.95,0.93,0.9,7 - Craft and related trades workers,74 - Electrical and electronic trades workers,741 - Electrical and electronic installers and repairers,7411 - Electricians and electrical fitters,0.98,0.94,0.88,0.85,"The job posting clearly describes an assistant electrician role focused on installation, maintenance and repair of electrical systems, which aligns well with ISIC class 4321 (electrical installation) and ISCO unit 7411 (electricians/electrical fitters). Classification is highly confident at the section/major-group levels and slightly less so at the most detailed (4-digit) levels due to limited employer/sector context and the assistant-level title implying some overlap with on-the-job training roles."
25316,I - Accommodation and food service activities,55 - Accommodation,551 - Short-term accommodation activities,5510 - Short-term accommodation activities,0.97,0.96,0.93,0.9,1 - Managers,12 - Administrative and commercial managers,"122 - Sales, marketing and development managers",1221 - Sales and marketing managers,0.92,0.9,0.93,0.93,"The vacancy is clearly for a senior sales role within two Holiday Inn hotels, so the economic activity maps strongly to ISIC Section I (Accommodation and food service activities), Division 55 (Accommodation), specifically short-term accommodation (551/5510). The occupation corresponds to a Sales and Marketing Manager (ISCO-08 1221) given the role's responsibilities for corporate/government accounts, revenue targets and portfolio leadership, so occupational classification confidence is high."
25174,P - Education,85 - Education,853 - Higher education,8530 - Higher education,0.99,0.99,0.95,0.95,2 - Professionals,23 - Teaching professionals,231 - University and higher education teachers,2310 - University and higher education teachers,0.99,0.98,0.96,0.94,"This posting is clearly for a tertiary-level teaching position (English Lecturer) at an institute offering higher education courses, so classification to ISIC section P and ISIC class 8530 (Higher education) is appropriate and reliable. The occupation maps directly to ISCO-08 2310 (University and higher education teachers) with high confidence given the required degree and tertiary teaching experience."
25287,B - Mining and quarrying,07 - Mining of metal ores,072 - Mining of non‑ferrous metal ores,0729 - Mining of other non‑ferrous metal ores,1.0,0.98,0.95,0.85,2 - Professionals,21 - Science and engineering professionals,"211 - Physicists, chemists and related professionals",2112 - Geologists and geophysicists,1.0,0.98,0.95,0.9,"This posting is clearly for a geology role within a gold mining operation, so classifying the employer under ISIC section B (Mining and quarrying) and division 07 (Mining of metal ores) is appropriate. The occupation matches ISCO-08 geologist/geophysicist categories (senior geologist duties: exploration, mapping, sampling, resource evaluation), so the ISCO assignment is high confidence."
25280,B - Mining and quarrying,07 - Mining of metal ores,072 - Mining of non-ferrous metal ores,0729 - Mining of other non-ferrous metal ores,0.95,0.99,0.98,0.96,1 - Managers,13 - Production and specialised services managers,"132 - Manufacturing, mining and construction managers",1322 - Mining and quarrying managers,0.9,0.9,0.88,0.85,"This posting is clearly for a managerial role within a gold mining operation (Lihir), so ISIC classification as Mining of other non‑ferrous metal ores (gold) is appropriate. The occupational fit is best described as a mining/quarrying manager (superintendent overseeing fleet/dispatch and mine control), though some duties (technical FMS expertise) overlap with specialised technical roles."
25234,J - Information and communication,"62 - Computer programming, consultancy and related activities","620 - Computer programming, consultancy and related activities",6209 - Other information technology service activities,0.95,0.9,0.85,0.75,1 - Managers,12 - Administrative and commercial managers,122 - Sales and marketing managers,1221 - Sales and marketing managers,0.99,0.92,0.96,0.93,"This posting is clearly for a Sales & Marketing Manager (ISCO-08: Sales and marketing managers) for an information technology company, so the occupational classification is straightforward and high confidence. The industry classification is confidently within Information and Communication (ISIC Section J) and the Computer programming/consultancy group (Division 62); the precise 4-digit ISIC class is somewhat less certain because the company description is general about IT services/support, so a broader IT services class (6209) is used."
25393,H - Transportation and storage,52 - Warehousing and support activities for transportation,521 - Warehousing and storage,5210 - Warehousing and storage,0.95,0.95,0.9,0.9,4 - Clerical support workers,43 - Numerical and material recording clerks,432 - Stock clerks and order fillers,4321 - Stock clerks and order fillers,0.9,0.9,0.9,0.88,"The job posting is clearly a hands-on warehouse/inventory control role (picking, goods receipt auditing, cycle counts, forklift operation), so ISIC classification under 52 - Warehousing and support activities for transportation is appropriate with high confidence. Occupationally, the duties align well with ISCO-08 unit group 4321 (Stock clerks and order fillers); the mention of forklift operation and ERP use does not materially change the primary occupational classification."
25228,P - Education,85 - Education,854 - Higher education,8540 - Higher education,0.98,0.98,0.95,0.92,2 - Professionals,23 - Teaching professionals,231 - University and higher education teachers,2310 - University and higher education teachers,0.95,0.93,0.88,0.8,"The vacancy is clearly within the Education sector (higher education) since it is a tutor role at a college delivering a Bachelor of Nursing program; ISIC Rev.4 classification as Higher education (8540) is therefore highly certain. Occupation is best classified among teaching professionals at the tertiary level (ISCO-08 2310), though the role’s significant clinical nursing component introduces some ambiguity with nursing professional categories."
25327,B - Mining and quarrying,06 - Extraction of crude petroleum and natural gas,061 - Extraction of crude petroleum and natural gas,0610 - Extraction of crude petroleum and natural gas,0.98,0.98,0.97,0.97,1 - Managers,13 - Production and specialised services managers,,,0.95,0.75,0.2,0.1,"Industry classification is clear: the role is embedded in oil and gas extraction operations (ISIC 0610) for Santos in PNG. Occupation is best classified broadly as a managerial role (ISCO Major Group 1), specifically a production/specialised services manager given aviation operations responsibility, but the precise minor/unit group is uncertain from the posting and therefore left unspecified."
25061,H - Transportation and storage,49 - Land transport and transport via pipelines,492 - Freight transport by road,4920 - Freight transport by road,0.95,0.95,0.95,0.9,8 - Plant and machine operators and assemblers,83 - Drivers and mobile plant operators,833 - Heavy truck and bus drivers,8332 - Heavy truck and lorry drivers,0.95,0.95,0.9,0.8,"The role is best classified in ISIC as H (Transportation and storage) — specifically freight transport by road (4920) because the job focuses on delivering bulk fuel using tanker trucks. Under ISCO-08 it fits Drivers and mobile plant operators (83), more precisely heavy truck and lorry drivers (833 / unit group 8332) though the exact 4-digit unit may vary by national adaptations; therefore occupation-level confidence is slightly lower at the most detailed level."
25211,N - Administrative and support service activities,80 - Security and investigation activities,801 - Private security activities,8010 - Private security activities,0.95,0.95,0.95,0.9,5 - Service and sales workers,54 - Protective service workers,541 - Protective services workers,5414 - Security guards and related workers,0.95,0.9,0.85,0.95,"This posting is clearly for supervisory roles in a private security company (G4S), so classification to ISIC N/80/801/8010 (private security activities) is highly confident. The occupational classification as protective service workers—specifically security guards and related workers (ISCO 5414)—is also a close match given the duties supervising guards and conducting site/security checks."
25191,N - Administrative and support service activities,80 - Security and investigation activities,801 - Private security activities,8010 - Private security activities,0.95,0.95,0.9,0.9,1 - Managers,12 - Administrative and commercial managers,122 - Sales and marketing managers,1221 - Sales and marketing managers,0.9,0.85,0.8,0.75,"This posting is for a client-facing, sales/business-development manager role at a private security firm (G4S), so the economic activity best fits ISIC Section N, Division 80 (Private security activities). The occupational classification aligns with ISCO-08 manager categories for sales and marketing managers because the role focuses on client relationship management, account management, negotiation and achieving sales targets, though there is modest uncertainty at the most specific ISCO digit because the role blends account management/customer service with sales responsibilities."
25220,I - Accommodation and food service activities,56 - Food and beverage service activities,561 - Restaurants and mobile food service activities,5610 - Restaurants and mobile food service activities,0.98,0.97,0.95,0.9,1 - Managers,"14 - Hospitality, retail and other services managers",143 - Hospitality managers,1432 - Restaurant managers,0.99,0.97,0.95,0.92,"This posting is for a front-of-house Restaurant Manager responsible for daily operations, staff management, finance/P&L, inventory and food-safety compliance, which clearly places it in ISIC class 5610 (restaurants and mobile food service activities) and ISCO-08 unit group 1432 (restaurant managers). Confidence is high because duties and industry are explicitly described; minor uncertainty remains only about exact sub-type (e.g., fast-food vs full-service) but it does not materially affect the assigned codes."
25389,C - Manufacturing,24 - Manufacture of basic metals,241 - Manufacture of basic iron and steel and of ferro-alloys,2410 - Manufacture of basic iron and steel and of ferro-alloys,0.95,0.95,0.9,0.85,4 - Clerical support workers,43 - Numerical and material recording clerks,431 - Accounting and bookkeeping clerks,4311 - Accounting and book-keeping clerks,0.95,0.9,0.85,0.75,"The employer (Atlas Steel PNG / Kenmore Limited) is a steel manufacturer, so the economic activity best matches ISIC C, Division 24 (manufacture of basic metals) with high confidence despite the posting's informal 'Human Resources' label. The job is explicitly a payroll/clerical role and maps well to ISCO major group 4 (clerical support workers) and more specifically to accounting/bookkeeping clerks, with moderate-to-high confidence at the detailed unit-group level."
24826,B - Mining and quarrying,07 - Mining of metal ores,072 - Mining of non-ferrous metal ores,0729 - Mining of other non-ferrous metal ores,0.99,0.99,0.95,0.9,2 - Professionals,21 - Science and engineering professionals,214 - Engineering professionals,2143 - Electrical engineers,0.98,0.97,0.92,0.88,"This is a mining-industry job (gold mine) focused on electrical engineering for power generation and distribution on-site, so ISIC classification maps to Mining of non‑ferrous metal ores. The occupational fit is an Electrical Engineer (power generation/distribution) and maps to the ISCO-08 Engineering professionals / Electrical engineers unit group with high confidence."
25352,K - Financial and insurance activities,"64 - Financial service activities, except insurance and pension funding",64.1 - Monetary intermediation,64.19 - Other monetary intermediation,0.98,0.97,0.92,0.9,1 - Managers,12 - Administrative and commercial managers,121 - Business services and administration managers,1211 - Finance managers,0.95,0.88,0.82,0.78,"The role is clearly within the banking/financial services industry (ISIC K, division 64) as it is an AML/CTF leadership position at a financial institution, so the industry classification is highly confident. Occupation-wise the job is a senior finance/compliance manager (ISCO managers → finance managers), so the managerial classification is well supported though the exact unit-group choice (finance manager vs. a specialized compliance manager) carries slightly lower confidence."
24858,B - Mining and quarrying,07 - Mining of metal ores,072 - Mining of non-ferrous metal ores,0729 - Mining of other non-ferrous metal ores,0.95,0.95,0.95,0.95,2 - Professionals,24 - Business and administration professionals,241 - Accounting professionals,2411 - Accountants,0.95,0.93,0.86,0.78,"Industry: The employer operates a gold mine so the economic activity clearly falls under Mining and quarrying (ISIC B), specifically mining of non‑ferrous metal ores (072, class 0729). Occupation: The role is a finance/accounting position (cost controller/business analyst) best matched to ISCO-08 Accounting professionals (241) and the unit group Accountant (2411), though the business‑analysis aspects introduce some overlap with other business/management analyst categories."
24974,F - Construction,43 - Specialized construction activities,433 - Building completion and finishing,4330 - Building completion and finishing,0.95,0.9,0.85,0.7,7 - Craft and related trades workers,"71 - Building and related trades workers, excluding electricians",713 - Carpenters and joiners,7131 - Carpenters and joiners,0.98,0.95,0.93,0.9,"The posting clearly describes a tradesperson performing exterior carpentry work on buildings and outdoor structures, so the ISCO classification as Carpenters and Joiners (7131) is highly confident. The ISIC classification fits squarely within Construction (Section F) and Specialized construction activities (Division 43), although exact 4-digit class assignment (building completion/finishing vs. other specialized activities) is slightly less certain based on the brief posting."
25113,C - Manufacturing,10 - Manufacture of food products,"106 - Manufacture of grain mill products, starches and starch products",1061 - Manufacture of grain mill products,0.98,0.98,0.85,0.75,3 - Technicians and associate professionals,31 - Science and engineering associate professionals,311 - Physical and engineering science technicians,3119 - Physical and engineering science technicians not elsewhere classified,0.95,0.9,0.75,0.6,"This vacancy is for a quality control technician at Trukai (a rice/FMCG producer), which maps well to Manufacturing (ISIC Section C) and specifically Manufacture of food products — most appropriately the grain-mill product class. The occupational mapping to ISCO major group 3 (science/engineering associate professionals) is strong, though the exact 4-digit ISCO unit is less certain because ISCO does not always provide a single precise unit for industry-specific quality-control roles."
25369,K - Financial and insurance activities,"64 - Financial service activities, except insurance and pension funding",64.1 - Monetary intermediation,64.19 - Other monetary intermediation,0.9,0.9,0.8,0.75,1 - Managers,12 - Administrative and commercial managers,121 - Business services and administration managers,1211 - Finance managers,0.95,0.9,0.85,0.85,"The role is a senior finance management position embedded in a financial institution, so ISIC fits within Section K and Division 64 (financial services), most likely classified to monetary intermediation (commercial financial services). The occupation is best classified as a managerial finance role (ISCO 1211 Finance managers) given the leadership, strategic partnering and full-scope financial management responsibilities described."
25181,F - Construction,43 - Specialized construction activities,439 - Other specialized construction activities,4390 - Other specialized construction activities n.e.c.,0.95,0.9,0.8,0.6,7 - Craft and related trades workers,"72 - Metal, machinery and related trades workers",721 - Sheet and structural-metal workers,,0.95,0.9,0.85,0.3,"The posting clearly describes an assistant welder/fabricator role tied to building/construction work, so classifying the employer activity under Construction (F) — Specialized construction activities (43 / 4390) is appropriate though some metal fabrication tasks could also fall under manufacturing. Occupationally, the role fits well within ISCO major group 7 and sub-major 72, specifically minor group 721 (sheet and structural-metal workers); the exact 4-digit unit group is uncertain from the posting. "
24646,B - Mining and quarrying,07 - Mining of metal ores,072 - Mining of non-ferrous metal ores,0729 - Mining of other non-ferrous metal ores,0.95,0.95,0.9,0.85,7 - Craft and related trades workers,"72 - Metal, machinery and related trades workers",723 - Machinery mechanics and repairers,7232 - Heavy vehicle and mobile plant mechanics and fitters,0.95,0.9,0.9,0.9,"This posting is for a heavy-equipment fitter/technician working onsite at a gold mine, so the economic activity clearly falls under Mining and quarrying (metal ores), and the occupation maps to craft-level machinery mechanics specialised in heavy/plant equipment. The job description provides specific equipment types and required trade certification, making both industry and occupation classifications highly confident at the division/group levels and somewhat less granularly certain at the most detailed class/unit levels."
25193,S - Other service activities,94 - Activities of membership organizations,949 - Other membership organizations,9499 - Activities of other membership organizations n.e.c.,0.75,0.7,0.6,0.5,4 - Clerical support workers,41 - General clerical support workers,411 - General office clerks,4110 - General office clerks,0.95,0.85,0.75,0.65,"The employer (an international non-profit/NGO) is best classified within ISIC Section S (Other service activities), most closely matching activities of membership/other non-profit organizations (ISIC 94/949/9499). The role itself is a clerical/administrative position focused on procurement, travel and office administration and maps best to ISCO as a general office/administrative clerk (Major group 4, General office clerks)."
25346,I - Accommodation and food service activities,55 - Accommodation,551 - Short-term accommodation activities,5510 - Hotels and similar accommodation,0.95,0.95,0.9,0.9,1 - Managers,"14 - Hospitality, retail and services managers",142 - Hotel and accommodation managers,1420 - Hotel managers,0.95,0.9,0.9,0.85,"This posting clearly belongs to the accommodation sector (hotels) and fits ISIC Section I, Division 55, Class 5510 for hotels and similar accommodation. The role is a managerial position within a hotel focused on maintenance operations; ISCO mapping to Hotel and accommodation managers (142) is appropriate, though there is some uncertainty at the 4-digit unit level because the role is a specialized maintenance manager rather than a general hotel/general manager."
25268,B - Mining and quarrying,07 - Mining of metal ores,072 - Mining of non‑ferrous metal ores,0729 - Mining of other non‑ferrous metal ores,1.0,0.98,0.85,0.7,3 - Technicians and associate professionals,31 - Science and engineering associate professionals,"312 - Mining, manufacturing and construction supervisors",3121 - Mining supervisors,0.9,0.85,0.9,0.8,"This posting is clearly for a supervisory/coordination role at a gold mining operation, so the economic activity maps to Mining and quarrying (metal ores). The occupation best fits supervisors of mining and related maintenance crews (Mining supervisors / Mining, manufacturing and construction supervisors) given the trade qualifications, site-maintenance and crew-supervision responsibilities."
25335,H - Transportation and storage,51 - Air transport,51.1 - Passenger air transport,51.10 - Passenger air transport,0.98,0.98,0.9,0.9,4 - Clerical support workers,43 - Numerical and material recording clerks,431 - Numerical and material recording clerks,4311 - Accounting and bookkeeping clerks,0.98,0.96,0.95,0.97,"The employer is a domestic airline (PNG Air), so the economic activity is best classified under ISIC H / 51 - Air transport (passenger air transport). The job is an Accounts Payable Officer performing accounting/clerical financial tasks and maps clearly to ISCO-08 unit group 4311 (Accounting and bookkeeping clerks) with high confidence."
24972,F - Construction,42 - Civil engineering,429 - Construction of other civil engineering projects,4290 - Construction of other civil engineering projects,0.98,0.95,0.85,0.8,2 - Professionals,21 - Science and engineering professionals,214 - Engineering professionals,2141 - Civil engineers,0.98,0.97,0.95,0.99,"The vacancy is clearly for a civil/infrastructure engineer working on design, surveying and site supervision of roads, bridges, drainage and utilities, so ISCO classification as 2141 (Civil engineers) is highly confident. The employer activity falls within Construction (ISIC F) and specifically Civil engineering (ISIC 42); because the role covers a range of civil infrastructure types, the most appropriate 3/4-digit ISIC assignment is 429/4290 (other civil engineering projects) with slightly lower confidence than the higher-level codes."
25256,F - Construction,42 - Civil engineering,429 - Construction of other civil engineering projects,4290 - Construction of other civil engineering projects,0.95,0.85,0.75,0.6,2 - Professionals,24 - Business and administration professionals,241 - Business professionals,2411 - Accountants,0.95,0.9,0.85,0.95,"The vacancy is clearly an Accountant role (ISCO-08 2411) supporting accounting, AP/AR, payroll support and project cost controls for a construction firm, so the occupational classification is high confidence. The employer operates in construction/infrastructure so ISIC Section F (Construction) is appropriate, though the exact construction sub‑class (civil engineering vs other construction activities) is less certain, reducing confidence at the 3- and 4-digit ISIC levels."
24978,L - Real estate activities,68 - Real estate activities,683 - Real estate activities on a fee or contract basis,6832 - Management of real estate on a fee or contract basis,0.65,0.6,0.55,0.5,4 - Clerical support workers,42 - Customer services clerks,422 - Client information workers,4221 - Receptionists,0.95,0.9,0.9,0.9,"The occupation is straightforward to classify as a receptionist role (ISCO-08 4221) because the core duties are front-desk, visitor management and administrative tasks with some security-related responsibilities. The industry/ISIC assignment is less certain: the employer name and informal tags suggest property/estate activity so I assigned Real estate activities (ISIC 68/6832) with moderate confidence, but the posting also emphasises security and operations support which could point to administrative support or private security activities in other contexts."
25373,F - Construction,42 - Civil engineering,429 - Construction of other civil engineering projects,4290 - Construction of other civil engineering projects,0.95,0.88,0.75,0.65,8 - Plant and machine operators and assemblers,83 - Drivers and mobile-plant operators,833 - Heavy truck and bus drivers,,0.98,0.96,0.9,0.25,"The role is clearly a construction-sector heavy vehicle driver position: industry best fits ISIC Section F (Construction), most likely within Civil engineering activities (Division 42), although precise 4-digit class (type of civil engineering project) has moderate uncertainty. The occupation is unambiguously a heavy truck/cement-mixer driver falling under ISCO drivers and mobile-plant operators (Major group 8, sub-major 83, minor group 833); the exact 4-digit unit-group is routine and functionally clear but not specified explicitly in the posting."
25383,K - Financial and insurance activities,"64 - Financial service activities, except insurance and pension funding",64.1 - Monetary intermediation,64.19 - Other monetary intermediation,0.99,0.99,0.95,0.9,4 - Clerical support workers,41 - General and keyboard clerks,411 - General office clerks,4110 - General office clerks,0.95,0.9,0.75,0.6,"This is an HR administration / recruitment support role inside a financial institution (Credit Corporation), so the economic activity is confidently classed under Financial and insurance activities (Section K), specifically monetary intermediation (64.19 for other credit/monetary intermediation). The occupational classification as a clerical HR/People & Culture support role is clear at the major and sub-major ISCO levels, but assignment to a precise 4-digit unit group is less certain because the posting describes a broad mix of HR administration, recruitment and engagement tasks that could map to either general office clerical or more specialised HR support categories."
24941,C - Manufacturing,21 - Manufacture of basic pharmaceutical products and pharmaceutical preparations,210 - Manufacture of basic pharmaceutical products and pharmaceutical preparations,2100 - Manufacture of basic pharmaceutical products and pharmaceutical preparations,0.9,0.88,0.8,0.75,4 - Clerical support workers,43 - Numerical and material recording clerks,431 - Numerical clerks,4311 - Accounting and bookkeeping clerks,0.95,0.93,0.9,0.88,"The employer name (Modern Pharmaceutical Limited) strongly indicates the economic activity is pharmaceutical manufacturing (ISIC C / Division 21), though the informal industry listed as Accounting/Finance introduces some uncertainty. The occupation is clearly a clerical accounting role—an Accounts/Finance Assistant fits ISCO-08 unit group 4311 (Accounting and bookkeeping clerks) with high confidence."
25209,G - Wholesale and retail trade; repair of motor vehicles and motorcycles,"46 - Wholesale trade, except of motor vehicles and motorcycles","46.7 - Wholesale of solid, liquid and gaseous fuels and related products","46.71 - Wholesale of solid, liquid and gaseous fuels and related products",0.95,0.92,0.9,0.9,2 - Professionals,21 - Science and engineering professionals,214 - Engineering professionals,2149 - Engineering professionals not elsewhere classified,0.95,0.9,0.85,0.6,"The employer is a distributor of fuels and lubricants, so the business activity maps clearly to ISIC G > 46 > 46.7 > 46.71 (wholesale of fuels and related products) with high confidence. The role is a technical engineering position providing lubrication solutions and training, so it fits ISCO as a professional engineering occupation (Engineering professionals, unit group not elsewhere classified given mixed sales/technical duties)."
25210,H - Transportation and storage,51 - Air transport,511 - Passenger air transport,5110 - Passenger air transport,0.99,0.97,0.92,0.9,1 - Managers,12 - Administrative and commercial managers,121 - Business services and administration managers,1211 - Finance managers,0.98,0.92,0.89,0.87,"The employer is clearly an airline providing passenger (and cargo) air transport services, so ISIC classification maps best to Section H, Division 51 (Air transport), specifically passenger air transport. The role is explicitly a Payroll Manager (senior finance/administration manager), which fits well under ISCO-08 major group 'Managers' and the Finance Managers unit group (1211)."
25318,P - Education,85 - Education,853 - Higher education,8530 - Higher education,0.95,0.95,0.92,0.9,1 - Managers,13 - Information and communications technology service managers,133 - Information and communications technology service managers,1330 - Information and communications technology service managers,0.95,0.85,0.8,0.7,"The employer is a university, so the economic activity maps clearly to ISIC Rev.4 Section P (Education), specifically higher education (85 / 853 / 8530). The role is titled Digital Transformation Architect (AI & Automation Manager) and best fits ISCO-08 as an ICT manager responsible for digital/AI transformation programs, though some technical/architect responsibilities could alternatively place it among ICT professionals; hence occupational confidence is slightly lower at the most detailed level."
24991,P - Education,85 - Education,854 - Higher education,8541 - Higher education,0.98,0.96,0.92,0.88,2 - Professionals,23 - Teaching professionals,231 - University and higher education teachers,2310 - University and higher education teachers,0.99,0.98,0.97,0.95,"This is a clearly identifiable higher-education academic vacancy (Professor/Associate Professor/Senior Lecturer in Physical Chemistry) and maps directly to ISIC Section P (Education) and the higher education class, and to ISCO university and higher education teachers. Classification is highly confident at the section/division and occupational major/sub-major levels; confidence for the most detailed ISIC/ISCO class codes is slightly lower but still strong due to the explicit university-level teaching context."
25111,B - Mining and quarrying,07 - Mining of metal ores,072 - Mining of non-ferrous metal ores,0729 - Mining of other non-ferrous metal ores,0.99,0.98,0.95,0.9,2 - Professionals,21 - Science and engineering professionals,214 - Engineering professionals,2146 - Mining engineers,0.99,0.98,0.97,0.85,"This posting is clearly for a mining-industry technical role (Mine Engineer) at an open-cut gold operation, so ISIC classification maps to Mining and quarrying (07 - Mining of metal ores, specifically non‑ferrous metal ores). The occupation is a professional engineering role and best mapped to ISCO-08 Engineering professionals, specifically the mining engineer unit group (assigned here with slightly lower confidence at the 4-digit level)."
23453,H - Transportation and storage,51 - Air transport,511 - Passenger air transport,5110 - Passenger air transport,0.95,0.95,0.9,0.85,7 - Craft and related trades workers,71 - Building and related trades workers,713 - Building finishers and related trades workers,7131 - Carpenters and joiners,0.95,0.75,0.6,0.55,"Economically this vacancy is best classified under ISIC Section H, Division 51 (air transport) because the employer is an airline and the roles are internal maintenance positions supporting airline operations. Occupationally it falls within ISCO major group 7 (craft and related trades workers) — the posting actually advertises multiple specific trades (carpenters, an electrician, and a refrigeration/air‑conditioning mechanic), so the more specific ISCO 4‑digit assignment (carpenters) reflects the largest single share of vacancies but does not capture the electrician and HVAC mechanic roles entirely."
14919,H - Transportation and storage,52 - Warehousing and support activities for transportation,52.1 - Warehousing and storage,52.10 - Warehousing and storage,0.97,0.95,0.92,0.9,8 - Plant and machine operators and assemblers,83 - Drivers and mobile-plant operators,832 - Mobile-plant operators,8322 - Fork-lift truck operators (fork-lift drivers),0.95,0.92,0.85,0.8,"This posting is clearly for a forklift operator working in a warehousing/logistics environment, so the economic activity best fits ISIC Section H (Transportation and storage), specifically warehousing (52.10). The occupation is a mobile-plant/machine operator role and maps to ISCO-08's drivers and mobile-plant operators, with a specific unit-group for fork-lift truck operators (confidence slightly lower at the most detailed occupational level due to occasional variations in national coding)."
25396,B - Mining and quarrying,07 - Mining of metal ores,,,0.95,0.95,0.2,0.1,8 - Plant and machine operators and assemblers,83 - Drivers and mobile plant operators,,,0.95,0.9,0.25,0.2,"The employer is a gold mining operation, so the economic activity is clearly within ISIC section B and division 07 (Mining of metal ores). The role is unambiguously a crane/mobile plant operator (ISCO major group 8, sub-major group 83), but the posting does not include the exact ISIC 3/4- or ISCO 3/4-level numeric class identifiers, so more specific class-level codes could not be assigned with high confidence."
25302,F - Construction,41 - Construction of buildings,412 - Construction of residential and non-residential buildings,4120 - Construction of residential and non-residential buildings,0.9,0.7,0.6,0.5,7 - Craft and related trades workers,"72 - Metal, machinery and related trades workers",723 - Motor vehicle and motorcycle mechanics and repairers,7231 - Motor vehicle mechanics and repairers,0.95,0.9,0.9,0.85,"The occupation is well classified as a motor vehicle/machinery mechanic (ISCO 7231) because the duties explicitly describe vehicle and equipment maintenance and repair. The industry is classified under Construction (ISIC F, division 41) following the employer's stated sector, but this is less certain since the role could alternatively be associated with vehicle repair services (ISIC G) if the employer's primary activity is vehicle maintenance rather than construction."
25269,B - Mining and quarrying,07 - Mining of metal ores,072 - Mining of non-ferrous metal ores,0729 - Mining of other non-ferrous metal ores,0.95,0.95,0.9,0.85,2 - Professionals,21 - Science and engineering professionals,214 - Engineering professionals,2149 - Other engineering professionals,0.98,0.96,0.95,0.8,"This posting is clearly for a senior electrical engineering role within a gold mining operation, so the ISIC classification as mining of non‑ferrous metal ores (gold) and the ISCO classification within engineering professionals are appropriate. The industry classification at the 3–4 digit level is slightly less certain because class subdivisions vary by jurisdiction, while the occupational classification at the unit-group level is less specific because the vacancy explicitly names an electrical engineer but ISCO unit groups commonly bundle less-common engineering specialisations into 'other' categories."
25360,K - Financial and insurance activities,"64 - Financial service activities, except insurance and pension funding",64.1 - Monetary intermediation,64.19 - Other monetary intermediation,0.95,0.9,0.85,0.7,2 - Professionals,22 - Health professionals,226 - Other health professionals,2263 - Environmental and occupational health and hygiene professionals,0.95,0.9,0.88,0.85,"The employer operates in the banking/financial services sector, so ISIC classification is placed within Section K (Financial and insurance activities), most likely Division 64 (monetary intermediation). The role is a dedicated Occupational Health & Safety Officer whose duties (risk assessments, audits, training, incident investigation) map well to ISCO-08 unit group 2263 (Environmental and occupational health and hygiene professionals)."
25173,K - Financial and insurance activities,"64 - Financial service activities, except insurance and pension funding",641 - Monetary intermediation,6419 - Other monetary intermediation,0.99,0.98,0.95,0.9,1 - Managers,12 - Administrative and commercial managers,121 - Business services and administration managers,1212 - Finance managers,0.98,0.9,0.88,0.8,"This posting is clearly for a senior internal audit leadership role within a commercial bank, so the economic activity maps to ISIC Section K, Division 64 and Class 6419 (monetary intermediation / other monetary intermediation). The occupation is best represented as a managerial finance function (ISCO-08: Managers → Administrative and commercial managers → Business services and administration managers → Finance managers), though internal audit could alternatively be mapped to a specialist governance/assurance role within broader finance/management categories."
24185,H - Transportation and storage,49 - Land transport and transport via pipelines,494 - Freight transport by road,4941 - Freight transport by road,0.95,0.95,0.9,0.85,8 - Plant and machine operators and assemblers,83 - Drivers and mobile-plant operators,833 - Heavy truck and bus drivers,8332 - Heavy truck and bus drivers,0.95,0.9,0.9,0.85,"This posting is for Class 6 heavy-vehicle drivers for a freight/logistics company and aligns well with ISIC H (Transportation and storage) specifically Freight transport by road (49/494/4941). The occupation clearly matches ISCO drivers (major group 8, sub-major 83) — specifically heavy truck and bus drivers (833 / unit group 8332) with high confidence based on duties and license requirements."
24993,S - Other service activities,94 - Activities of membership organisations,94.9 - Activities of other membership organisations,94.99 - Activities of other membership organisations n.e.c.,0.9,0.9,0.88,0.85,1 - Managers,,,,0.9,0.25,0.2,0.2,"This posting is for a senior technical/program management role within an international NGO implementing health and nutrition programs, which fits ISIC Section S, Division 94 (activities of membership organisations) — class 94.99 is the most appropriate industry classification. The occupation is clearly managerial (a deputy team/program manager with technical health/nutrition responsibilities), so ISCO Major Group 1 (Managers) is appropriate, but the exact ISCO sub-major/minor/unit group is ambiguous from the posting and therefore left unspecified."
25065,G - Wholesale and retail trade; repair of motor vehicles and motorcycles,"46 - Wholesale trade, except of motor vehicles and motorcycles",465 - Wholesale of electronic and telecommunications equipment and parts,4652 - Wholesale of electronic and telecommunications equipment and parts,0.9,0.9,0.88,0.82,4 - Clerical support workers,43 - Numerical and material recording clerks,432 - Material-recording clerks,4321 - Stock clerks and order fillers,0.9,0.88,0.85,0.8,"The role is a logistics/warehouse support position within a company that retails and distributes telecommunications and electronic products, so ISIC classification under wholesale of electronic and telecommunications equipment (4652) is appropriate. The occupational duties (tracking shipments, inventory updates, preparing shipping documents and invoices) align well with ISCO unit group 4321 (Stock clerks and order fillers), though some tasks have administrative overlap with other clerical categories."
25127,B - Mining and quarrying,07 - Mining of metal ores,072 - Mining of non‑ferrous metal ores,0729 - Mining of other non‑ferrous metal ores,0.99,0.98,0.95,0.9,2 - Professionals,24 - Business and administration professionals,243 - Business and administration professionals,2434 - Public relations professionals,0.95,0.9,0.85,0.8,"This posting is clearly for a communications (public relations/external affairs) professional employed by a gold‑mining operation, so the economic activity classifies to Mining and quarrying (mining of non‑ferrous metal ores) with high confidence. The occupational mapping to ISCO‑08 as a public relations/communications professional is also well supported by the duties and required qualifications, though there is slightly lower confidence at the most granular ISCO unit level due to variations in national job titling and possible placement under broader business/administration categories."
25231,B - Mining and quarrying,07 - Mining of metal ores,072 - Mining of non-ferrous metal ores,0722 - Mining of non-ferrous metal ores,0.98,0.95,0.7,0.6,1 - Managers,12 - Administrative and commercial managers,121 - Business services and administration managers,1212 - Human resource managers,0.99,0.9,0.8,0.7,"This posting is clearly for a human-resources leadership role (Lead People Business Partner) within a gold-mining operation (Newmont Lihir), so the economic activity is classified as mining (ISIC Section B, Division 07) and the occupation as HR management (ISCO Major Group 1). The top-level/division classifications are high confidence; finer-grained ISIC 3- and 4-digit and ISCO unit-group assignments are probable but assigned with moderate confidence because exact ISIC class labels and the canonical ISCO unit code mapping for the specific HR manager title may vary by taxonomy interpretations."
24737,B - Mining and quarrying,07 - Mining of metal ores,072 - Mining of non-ferrous metal ores,0722 - Mining of gold and silver ores,0.99,0.97,0.95,0.9,2 - Professionals,21 - Science and engineering professionals,214 - Engineering professionals,"2145 - Mining engineers, metallurgists and related professionals",0.99,0.98,0.97,0.92,"This posting is clearly for a mining-sector role (underground gold mine) and a Senior Mining Engineer position, so classification to ISIC Section B and ISCO engineering groups is highly certain. The only minor uncertainty is the precise four-digit ISIC class label for gold/silver mining (used here as 0722) but the economic activity and occupational level are unambiguous from the text."
25182,"M - Professional, scientific and technical activities",71 - Architectural and engineering activities; technical testing and analysis,711 - Architectural and engineering activities and related technical consultancy,7110 - Architectural activities,0.9,0.9,0.85,0.85,3 - Technicians and associate professionals,31 - Science and engineering technicians,312 - Building and related technicians,3123 - Architectural and town planning technicians,0.95,0.9,0.88,0.82,"This posting is a clear architectural drafting role focused on producing CAD drawings, 3D models and construction documentation, so it maps well to ISIC 7110 (Architectural activities) and to ISCO building/architectural technician categories. Confidence is high for the broad industry and occupational groups; there is some uncertainty at the most detailed ISCO unit-group level because employers sometimes classify similar roles under professional architects (ISCO 215) or in-house construction activities depending on organisational context."
24736,G - Wholesale and retail trade; repair of motor vehicles and motorcycles,"47 - Retail trade, except of motor vehicles and motorcycles",477 - Retail sale of other goods in specialised stores,4773 - Retail sale of pharmaceutical and medical goods in specialised stores (dispensing chemists),0.9,0.9,0.85,0.8,2 - Professionals,22 - Health professionals,226 - Other health professionals,2261 - Pharmacists,0.99,0.98,0.95,0.95,"The occupation is clearly a pharmacist (ISCO 2261) based on the duties of dispensing, counselling, and pharmacy management. The economic activity most likely corresponds to retail pharmacy (ISIC 47.73), though a small residual ambiguity exists if the role were embedded in a hospital/healthcare facility (ISIC Section Q)."
25320,P - Education,85 - Education,853 - Higher education,8530 - Higher education,0.97,0.95,0.9,0.85,1 - Managers,12 - Administrative and commercial managers,"122 - Sales, marketing and public relations managers",1221 - Sales and marketing managers,0.96,0.92,0.9,0.85,"The employer is a university so the economic activity maps clearly to Education (ISIC Section P, Division 85) and most specifically Higher education. The job title and posting describe a Marketing Manager role that fits within ISCO-08 Managers — Sales/Marketing (1221), although there is minor ambiguity between sales/marketing and advertising/public relations specializations."
24656,N - Administrative and support service activities,80 - Security and investigation activities,801 - Private security activities,8010 - Private security activities,0.92,0.97,0.92,0.88,5 - Service and sales workers,54 - Protective services workers,541 - Protective services workers,5414 - Security guards and related workers,0.9,0.95,0.9,0.85,This posting describes a private security / protective services leadership role (escort and emergency response team leader) so ISIC N → 80 → 801 → 8010 (private security activities) and ISCO 5 → 54 → 541 → 5414 (security guards and related workers) are appropriate. Confidence is high at broad levels; four-digit precision is slightly lower because the role blends security escort duties with emergency-response coordination (overlap with public emergency services and supervisory/managerial tasks).
25377,P - Education,85 - Education,85.3 - Higher education,85.31 - University education,0.99,0.98,0.95,0.7,2 - Professionals,23 - Teaching professionals,232 - Vocational education teachers,2320 - Vocational education teachers,0.9,0.95,0.85,0.8,"This position is clearly within the Education sector (ISIC Section P, Division 85) and is best placed in the higher/tertiary education grouping because it is an IT lecturer role at a college/university-level TVET institution. Occupationally, the role maps to teaching professionals — most likely a vocational education teacher at a TVET college (ISCO 232), though there is some ambiguity with university/higher education teacher categories which lowers confidence at the most detailed digit levels."
25237,F - Construction,43 - Specialised construction activities,"432 - Electrical, plumbing and other construction installation",4321 - Electrical installation,0.98,0.97,0.96,0.95,7 - Craft and related trades workers,74 - Electrical and electronic trades workers,741 - Electrical and electronic trades workers (minor group),7411 - Electricians,0.98,0.96,0.92,0.85,"This posting is clearly for a licensed electrician performing commercial and industrial electrical installation, maintenance and generator work; it maps well to ISIC Rev.4 class 4321 (Electrical installation). The occupational match to ISCO-08 electricians (major group 7, sub-major 74, unit group typically used for electricians) is strong, though exact 4-digit unit-group labels can vary between sources so the unit-group confidence is slightly lower."
25353,B - Mining and quarrying,07 - Mining of metal ores,072 - Mining of non-ferrous metal ores,0721 - Mining of gold ores,0.99,0.99,0.9,0.85,2 - Professionals,21 - Science and engineering professionals,"214 - Architects, planners and surveyors",2143 - Surveyors,0.95,0.9,0.9,0.85,"This is an extraction (open-cut gold mine) role: the employer operates a gold mine so ISIC classification B / 07 (mining of metal ores) is appropriate. The job is a professional surveying role requiring a tertiary degree in surveying and use of total stations, GPS and UAVs, which maps to ISCO unit group for surveyors (2143) with high confidence."
24156,B - Mining and quarrying,07 - Mining of metal ores,072 - Mining of non-ferrous metal ores,,0.95,0.92,0.88,0.3,7 - Craft and related trades workers,74 - Electrical and electronic trades workers,741 - Electrical and electronic equipment mechanics and fitters,,0.95,0.92,0.88,0.3,"This posting is clearly for a high-voltage electrical technician working at a gold mining operation, so classification to Mining (ISIC B / 07) and to electrical/electronic trades (ISCO major group 7, sub-major 74) is appropriate and highly confident. Specific 4-digit ISIC and ISCO unit-group assignments (e.g., precise class for gold ore mining or exact ISCO unit-group for the technician title) are not provided due to uncertainty in mapping to the exact 4-digit codes from the job text alone."
24738,B - Mining and quarrying,07 - Mining of metal ores,072 - Mining of non-ferrous metal ores,0729 - Mining of other non-ferrous metal ores,0.99,0.98,0.96,0.92,2 - Professionals,21 - Science and engineering professionals,214 - Engineering professionals,2146 - Mining engineers,0.99,0.98,0.96,0.88,"This posting is clearly for a professional engineering role within a metal-mining company (gold underground operations), so ISIC classification under Mining of metal ores (non‑ferrous) is appropriate. The occupational classification as an engineering professional — specifically a mining engineer responsible for mine planning and operations — is well supported by the job description, though the exact 4-digit ISCO unit group mapping (mining engineers) carries slightly less certainty due to variation in sub‑unit labelling across versions."
25290,B - Mining and quarrying,07 - Mining of metal ores,072 - Mining of non-ferrous metal ores,0729 - Mining of other non-ferrous metal ores,0.98,0.97,0.95,0.9,2 - Professionals,24 - Business and administration professionals,"243 - Advertising, marketing and public relations professionals",2433 - Public relations professionals,0.95,0.9,0.85,0.75,"This position is clearly situated in the mining industry (Newmont Lihir operation), so ISIC classification as Mining and quarrying (B), Mining of metal ores (07), Mining of non‑ferrous metal ores (072), and Mining of other non‑ferrous metal ores (0729) is appropriate. The occupation is a senior corporate affairs / government relations specialist whose duties align with ISCO-08's public relations professionals (2433) within Business and administration professionals (24), though there is modest uncertainty at the 4-digit level because corporate/government affairs roles can also be classified under adjacent professional unit groups (e.g., corporate affairs or policy specialists)."
25334,B - Mining and quarrying,07 - Mining of metal ores,,,0.95,0.9,0.2,0.1,3 - Technicians and associate professionals,31 - Physical and engineering science technicians,311 - Physical and engineering science technicians,3115 - Mechanical engineering technicians,0.9,0.85,0.7,0.6,"The employer and role are clearly located in the mining sector (open-pit mine maintenance), so ISIC classification at the Section and Division levels as Mining and quarrying / Mining of metal ores is high confidence. The occupation is best mapped to the technical/associate professional band (mechanical/maintenance planning technician); this fit is good at the major/sub-major level but less certain at the most detailed unit-group level because job titles and formal qualifications vary across organisations."
24578,"M - Professional, scientific and technical activities",71 - Architectural and engineering activities; technical testing and analysis,71.1 - Architectural and engineering activities and related technical consultancy,71.11 - Architectural activities,0.95,0.95,0.95,0.9,2 - Professionals,21 - Science and engineering professionals,"216 - Architects, town and traffic planners and surveyors",2161 - Architects,0.98,0.95,0.95,0.93,"This vacancy is best classified as professional architectural services (ISIC M → 71 → 71.1 → 71.11) because the role is an architect position focused on design, BIM modeling and project delivery rather than construction contracting. The occupational match to ISCO-08 is strong: the duties and seniority align with the 'Architects' unit group (2161) within science and engineering professionals."
25309,P - Education,85 - Education,853 - Higher education,8530 - Higher education,0.98,0.98,0.97,0.95,2 - Professionals,23 - Teaching professionals,231 - University and higher education teaching professionals,2310 - University and higher education teachers,0.98,0.97,0.96,0.95,"The job posting is explicitly for a Senior Lecturer/Lecturer in Geology at PNG University of Technology, so it clearly belongs to the Higher education sector (ISIC Section P, Division 85, Group/Class 853/8530). The occupation maps directly to university/higher education teaching professionals (ISCO major group 2, teaching subgroup 23, unit group 2310) with high confidence given the explicit employer and job title, though detailed duties were not provided."
25267,N - Administrative and support service activities,78 - Employment activities,781 - Activities of employment placement agencies,7810 - Activities of employment placement agencies,0.9,0.85,0.65,0.6,2 - Professionals,24 - Business and administration professionals,242 - Administration professionals,2423 - Human resource professionals,0.95,0.9,0.8,0.7,"This posting is for an HR Project Officer — a professional human resources role focused on HR project delivery, policy, change management and stakeholder engagement — which maps well to ISCO human resource professionals (major group 2, business & administration professionals). The employer/industry is described as HR and recruitment, so the best ISIC match is N (Administrative and support service activities) / 78 (Employment activities), but there is moderate uncertainty at the detailed (3–4 digit) ISIC level because the employer may be an internal HR function of a broader multi-faceted company rather than a dedicated employment/recruitment agency."
25076,C - Manufacturing,10 - Manufacture of food products,,,0.9,0.8,0.3,0.2,3 - Technicians and associate professionals,35 - Information and communications technicians,351 - Information and communications technicians,3511 - Information and communications technology user support / service desk technicians,0.95,0.95,0.92,0.9,"The employer (Trukai Industries Limited) is primarily a food-products manufacturer, so at the industry (ISIC) level this posting best fits Section C (Manufacturing), specifically Division 10 (Manufacture of food products) though the specific 3- and 4-digit manufacturing class is not clearly stated in the ad. The occupation is clearly an IT service/helpdesk role (first- to second-level support) and maps confidently to ISCO-08 3511 (ICT user support / service desk technicians) within Major Group 3."
24898,K - Financial and insurance activities,"64 - Financial service activities, except insurance and pension funding",641 - Monetary intermediation,6419 - Other monetary intermediation,0.95,0.9,0.85,0.6,1 - Managers,12 - Administrative and commercial managers,121 - Business services and administration managers,,0.95,0.9,0.9,0.2,"This vacancy is for a senior Human Resources executive (General Manager - People & Culture) within a financial services institution, so the economic activity is best classified under ISIC section K (Financial and insurance activities), division 64 (financial service activities). The occupation clearly falls under ISCO Major Group 1 (Managers) and specifically business services and administration managers (HR leadership), though the exact 4-digit ISCO unit group is not specified in the posting and thus was left null with low confidence."
24255,H - Transportation and storage,51 - Air transport,511 - Passenger air transport,5110 - Passenger air transport,0.95,0.98,0.95,0.9,8 - Plant and machine operators and assemblers,83 - Drivers and mobile-plant operators,833 - Drivers and mobile-plant operators,"8331 - Car, taxi and van drivers",0.9,0.9,0.85,0.8,"The employer is an airline and the role sits within ground/facilities services supporting air transport operations, so ISIC H / 51 / 511 / 5110 (Passenger air transport) is the best industry fit. The job is primarily a motor-vehicle driver (transporting personnel and documents) with light administrative duties, matching ISCO-08 Major Group 8 → Sub-major 83 and unit group 8331 (car/taxi/van drivers) with high confidence."
25163,B - Mining and quarrying,07 - Mining of metal ores,072 - Mining of non-ferrous metal ores,0729 - Mining of other non-ferrous metal ores,0.99,0.98,0.97,0.95,1 - Managers,12 - Administrative and commercial managers,"122 - Sales, marketing and development managers",1221 - Sales and marketing managers,0.95,0.85,0.8,0.6,"The employer is an operating gold mine, so the economic activity clearly maps to ISIC Section B and Division 07, specifically non‑ferrous metal ore mining (0729 for other non‑ferrous metal ores such as gold). The role is a senior business development/procurement manager within a mining company and best fits ISCO Major Group 1 (Managers) under administrative/commercial management and sales/marketing & development managers, though the exact unit‑group mapping is approximate because the position spans procurement, supplier development and community/enterprise development functions."
25274,P - Education,85 - Education,853 - Higher education,8530 - Higher education,0.95,0.95,0.9,0.9,2 - Professionals,23 - Teaching professionals,231 - University and higher education teachers,2310 - University and higher education teachers,0.95,0.95,0.95,0.98,"This posting is clearly for a senior academic role at a tertiary institution and maps to ISIC Section P (Education), specifically higher education (853/8530). Occupationally it corresponds to ISCO-08 university and higher education teachers (2310) — the job duties (postgraduate teaching, supervision, research) strongly support this classification."
24953,N - Administrative and support service activities,78 - Employment activities,781 - Employment placement agencies,7810 - Employment placement agencies,0.9,0.9,0.8,0.6,1 - Managers,12 - Administrative and commercial managers,121 - Business services and administration managers,,0.95,0.9,0.85,0.2,"The posting is for a senior corporate services manager role (General Manager Corporate Services) which clearly fits within ISCO's managers, specifically business services and administration managers. The industry mapping is assigned to administrative and support service activities (employment/recruitment services) because the posting was published by a recruitment/HR services employer (PeopleConnexion) even though the role is placed with a client organisation that provides critical infrastructure services."
25340,G - Wholesale and retail trade; repair of motor vehicles and motorcycles,45 - Wholesale and retail trade and repair of motor vehicles and motorcycles,453 - Sale of motor vehicle parts and accessories,4530 - Sale of motor vehicle parts and accessories,0.9,0.85,0.75,0.65,1 - Managers,"11 - Chief executives, senior officials and legislators","111 - Chief executives, senior officials and legislators","1110 - Chief executives, senior officials and legislators",0.95,0.9,0.88,0.8,"The employer and role (country General Manager for Bridgestone operating in automotive, heavy equipment and parts distribution) most closely match ISIC section G, Division 45, Group 453 (sale of motor vehicle parts and accessories) though some operations could also involve wholesale or manufacturing activities. The occupation is clearly a top-level managerial/executive role (ISCO Major Group 1, specifically chief executive/senior official), so the occupational classification is high-confidence while the precise 4-digit industry class is somewhat less certain due to limited detail about whether the business activity is primarily retail, wholesale or manufacturing."
25110,F - Construction,42 - Civil engineering,422 - Construction of utility projects,4220 - Construction of utility projects,0.9,0.85,0.8,0.75,7 - Craft and related trades workers,"72 - Metal, machinery and related trades workers",723 - Machinery mechanics and repairers,,0.95,0.9,0.85,0.3,"The employer operates as an EPC/engineering firm delivering energy-related infrastructure (fuel storage, aviation facilities, oil & gas projects), which most closely aligns with ISIC class 4220 (construction of utility projects), though the firm also provides engineering consulting. The role is a craft/technician-level position assisting a mechanic in vehicle and equipment maintenance and best fits ISCO-08 within machinery mechanics and repairers (major group 7), with some uncertainty at the specific 4-digit unit-group level."
25035,P - Education,85 - Education,853 - Higher education,8530 - Higher education,0.95,0.95,0.9,0.85,2 - Professionals,22 - Health professionals,222 - Nursing and midwifery professionals,2221 - Nursing professionals,0.98,0.98,0.97,0.95,"The employer is a university (higher education institution) so the establishment-level economic activity is classified under ISIC as Higher education (Section P, Division 85, Group 853, Class 8530). The role itself is clearly a nursing position and maps to ISCO-08 Nursing professionals (2221) with high confidence; there is minor ambiguity only because the nursing services are provided within a university clinic rather than a dedicated health-care establishment."
24840,C - Manufacturing,,,,0.9,0.2,0.1,0.05,3 - Technicians and associate professionals,31 - Science and engineering technicians,315 - Safety and quality inspectors,,0.9,0.8,0.75,0.2,"The employer is described as a manufacturing and operations company, so the job is best classified at the ISIC Section level as C - Manufacturing, but the posting does not specify the manufacturing division or product type so lower-level ISIC codes cannot be determined with confidence. The role is clearly an occupational health & safety supervisory position and aligns well with ISCO technician/associate-professional groups for safety and quality inspectors, though the precise 4-digit unit group cannot be confirmed from the information provided."
23398,H - Transportation and storage,51 - Air transport,511 - Passenger air transport,5110 - Passenger air transport,0.98,0.98,0.95,0.9,3 - Technicians and associate professionals,35 - Information and communications technicians,351 - Information and communications technicians,3512 - Computer network and systems technicians,0.95,0.92,0.9,0.85,"The employer is an airline, so the economic activity is classified under H - Transportation and storage, Division 51 (Air transport), specifically passenger air transport (5110). The role is an IT support / cybersecurity position providing 2nd/3rd level assistance and systems/network administration, which best maps to ISCO as an information and communications technician (computer network and systems technician) with high confidence."
25099,B - Mining and quarrying,09 - Mining support service activities,099 - Support activities for other mining and quarrying,0990 - Support activities for other mining and quarrying,0.8,0.85,0.8,0.8,2 - Professionals,24 - Business and administration professionals,242 - Administration professionals,2423 - Personnel and careers professionals,0.95,0.95,0.9,0.9,"The employer operates equipment-hire, haulage, road construction and other services for the mining sector; the best ISIC match is Section B, Division 09 (support activities for mining). The advertised role is clearly an HR Advisor and maps to ISCO-08 2423 (Personnel and careers professionals) with high confidence."
25355,B - Mining and quarrying,07 - Mining of metal ores,072 - Mining of non-ferrous metal ores,0729 - Mining of other non-ferrous metal ores,0.99,0.99,0.98,0.95,2 - Professionals,21 - Science and engineering professionals,214 - Engineering professionals,2149 - Other engineering professionals,0.99,0.95,0.9,0.65,"This posting is clearly for a mining (open-pit gold) operation and maps to ISIC section B, division 07 (mining of metal ores) and class 0729 (other non-ferrous metal ores). The role is a professional engineering position (mine engineer) and fits within ISCO-08 engineering professionals (214); the exact 4-digit unit group is less certain, so it is assigned to 'other engineering professionals' with moderate confidence."
25381,S - Other service activities,94 - Activities of membership organisations,94.9 - Activities of other membership organisations,94.91 - Activities of religious organisations,0.65,0.6,0.55,0.5,4 - Clerical support workers,41 - Office clerks,411 - General office clerks,4110 - General office clerks,0.85,0.8,0.75,0.7,"The employer is a religious/non-governmental organisation whose activities span language development, literacy and publication of vernacular educational materials; economically this maps best to 'Activities of religious organisations' within ISIC S (Other service activities), though publishing/education aspects create some ambiguity. The specific role is primarily clerical and production-support (desktop publishing, archiving, office tasks), so it maps best to ISCO as a general office/clerical support worker rather than a specialised publishing professional."
24999,J - Information and communication,"62 - Computer programming, consultancy and related activities",620 - Computer consultancy and related activities,6209 - Other information technology and computer service activities,0.65,0.6,0.55,0.5,2 - Professionals,25 - Information and communications technology professionals,252 - Database and network professionals,2522 - Systems administrators,0.9,0.92,0.95,0.96,"The occupation is clearly an ICT role and maps well to ISCO-08 2522 (Systems administrators) with high confidence. The ISIC assignment to J (Information and communication) / Division 62 follows the job's IT function as described, but confidence is lower because the employer is a shipping agency (transport sector) and the economic activity could alternatively be classified under transportation if employer-level activity is prioritized."
25303,F - Construction,43 - Specialised construction activities,"43.2 - Electrical, plumbing and other construction installation","43.22 - Plumbing, heat and air-conditioning installation",0.95,0.95,0.9,0.98,7 - Craft and related trades workers,71 - Building and related trades workers,712 - Building finishers and related trades workers,7122 - Plumbers and pipe fitters,0.98,0.96,0.85,0.95,"This posting is clearly for a plumber performing installation, repair and maintenance of plumbing systems, which maps directly to ISIC class 43.22 (Plumbing, heat and air-conditioning installation). The occupational match to ISCO unit group 7122 (Plumbers and pipe fitters) is strong based on the duties and required trade certification."
13420,H - Transportation and storage,52 - Warehousing and support activities for transportation,522 - Support activities for transportation,5220 - Support activities for transportation,0.95,0.95,0.9,0.85,8 - Plant and machine operators and assemblers,83 - Drivers and mobile-plant operators,834 - Mobile-plant operators,8344 - Fork-lift truck drivers (mobile-plant operators),0.95,0.92,0.9,0.75,"This posting describes an on-site container/terminal vehicle operator supporting freight/warehousing operations and best fits ISIC Section H, Division 52 (warehousing and support activities for transportation). For occupation, the role is clearly a mobile-plant operator (reach-stacker = container-handling vehicle), mapped to ISCO major group 8 and subgroups for mobile-plant/fork-lift operators; the exact 4-digit unit group is a close but not certain match given taxonomy variations."
24525,H - Transportation and storage,51 - Air transport,511 - Passenger air transport,5110 - Passenger air transport,0.98,0.97,0.95,0.95,4 - Clerical support workers,42 - Customer services clerks,422 - Client information workers,4222 - Travel consultants / Travel clerks,0.9,0.8,0.7,0.5,"This vacancy is clearly within the air transport industry (passenger airline) so ISIC classification at section/division/group/class levels is highly certain. The occupation is a clerical/customer‑service travel and accommodation role (travel booking, hotel liaison and administrative reporting); mapping to ISCO as a client information / travel-clerk type role is appropriate but the exact 4‑digit unit may vary by country/ISCO interpretation, so confidence falls at the most detailed occupation level."
25045,S - Other service activities,94 - Activities of membership organisations,94.9 - Activities of other membership organisations,94.99 - Activities of other membership organisations n.e.c.,0.85,0.85,0.75,0.7,2 - Professionals,24 - Business and administration professionals,242 - Administration professionals,"2423 - Personnel, training and staff development professionals",0.9,0.88,0.78,0.65,"The employer is an NGO delivering WASH and development services and is best classified under ISIC as activities of other membership organisations (Section S, Division 94). The role is an HR/People & Safeguarding professional position (business/administration professional), mapping to ISCO as a personnel/training/staff development professional, though the exact 4-digit unit may vary by national interpretation."
25394,"M - Professional, scientific and technical activities",73 - Advertising and market research,731 - Advertising,7310 - Advertising,0.9,0.85,0.8,0.75,5 - Service and sales workers,52 - Sales workers,522 - Shop sales assistants and stallholders,5221 - Shop sales assistants,0.95,0.9,0.7,0.6,"The employer provides in‑store merchandising and promotional services to FMCG brands, which best aligns the economic activity with Advertising and market research (ISIC 73), rather than with retail trade. The job tasks (shelf stocking, display setup, stock counts, retailer liaison) are typical of sales/retail field staff and map to Sales workers, most closely to shop sales assistants/retail sales worker categories within ISCO‑08."
25070,H - Transportation and storage,49 - Land transport and transport via pipelines,492 - Freight transport by road and removal services,4920 - Freight transport by road,0.95,0.92,0.9,0.85,8 - Plant and machine operators and assemblers,83 - Drivers and mobile plant operators,833 - Heavy truck and bus drivers,8332 - Heavy truck and lorry (truck) drivers,0.95,0.94,0.88,0.75,"This vacancy is best classified in ISIC H (Transportation and storage), specifically land freight transport by road (division 49 / class 4920), because the role is centered on operating fuel tankers and managing deliveries. The occupation maps to ISCO major group 8 and the drivers/mobile machinery subgroup (83), with the best-fit unit group being heavy truck/lorry drivers (833/8332); the training/mentoring aspect is noted but the primary function is driving, so the 4-digit occupational code is assigned with somewhat lower confidence."
25319,P - Education,85 - Education,853 - Higher education,8530 - Higher education,0.95,0.95,0.98,0.98,1 - Managers,12 - Administrative and commercial managers,"122 - Sales, marketing and development managers",1221 - Sales and marketing managers,0.95,0.9,0.85,0.7,"The employer is clearly a university (PNG University of Technology), so the economic activity is best classified as Higher education (ISIC Section P, Division 85, Group 853, Class 8530) with high confidence. The job title 'Business Development Manager' maps well to managerial roles in sales/marketing and business development (ISCO major group 1, sub-major 12, minor 122), but the posting lacks detailed duties so the 4-digit unit-group assignment (sales/marketing manager) is somewhat less certain."
24601,J - Information and communication,"62 - Computer programming, consultancy and related activities","620 - Computer programming, consultancy and related activities",62.09 - Other information technology service activities,0.9,0.85,0.83,0.78,1 - Managers,13 - Production and specialised services managers,133 - Information and communications technology service managers,1330 - Information and communications technology service managers,0.95,0.9,0.88,0.85,"The role is a managerial position responsible for IT and office-automation service operations (service contracts, IT service desk, and technical team), so ISIC J (Information and communication) — specifically 62.09 (other IT service activities) — is the best fit. The occupation maps to ISCO-08 as an Information and communications technology service manager (1330) with high confidence; slight ambiguity exists because the role also covers photocopier/office-equipment servicing which could, in isolation, fall under equipment repair classifications but here is offered by an IT/office-automation services firm."
25380,C - Manufacturing,10 - Manufacture of food products,"106 - Manufacture of grain mill products, starches and starch products",1061 - Manufacture of grain mill products,0.9,0.8,0.6,0.5,7 - Craft and related trades workers,"72 - Metal, machinery and related trades workers","721 - Metal moulders, welders, sheet-metal and structural-metal preparers and related trades workers",7212 - Welders and flamecutters,0.95,0.9,0.9,0.75,"The employer is described as an FMCG/manufacturing company (Trukai Industries — rice/food manufacturing), so classifying the establishment under ISIC Section C, Division 10 (manufacture of food products) is the best fit, though the exact 4-digit class assumes grain-milling activity. The job is a Tradesman Welder performing maintenance and fabrication work, which maps clearly to ISCO major group 7 and the welder unit group (welders and flamecutters), with high confidence at the major/sub-major/minor levels and moderate confidence at the most detailed unit levels."
24924,H - Transportation and storage,52 - Warehousing and support activities for transportation,522 - Support activities for transportation,5229 - Other transportation support activities,0.9,0.85,0.8,0.75,2 - Professionals,24 - Business and administration professionals,242 - Administration professionals,2422 - Management consultants and business analysts,0.9,0.85,0.8,0.7,"The role is an internal ESG/sustainability specialist focused on logistics operations, so ISIC H (Transportation and storage) and Division 52 (warehousing/support activities for transportation) best represent the economic activity. The occupation fits within ISCO Professionals, specifically business/administration professionals (unit group 2422 Management consultants and business analysts) because the tasks emphasize strategy, analysis, reporting and advising on organisational ESG practices; there is some uncertainty as the role overlaps environmental technical specialists and corporate sustainability/management advisory functions."
25288,C - Manufacturing,10 - Manufacture of food products,106 - Manufacture of grain mill products,1062 - Manufacture of grain mill products,0.95,0.9,0.85,0.8,9 - Elementary occupations,91 - Cleaners and helpers,"911 - Cleaners and helpers in offices, hotels and other establishments",9112 - Office cleaners,0.98,0.95,0.95,0.8,"The employer appears to be a food-manufacturing (FMCG) company, so classifying the establishment under ISIC section C, division 10 (manufacture of food products), and more specifically grain mill products (1062) is appropriate though not certain from this posting alone. The job itself is clearly a cleaner/hygiene role in a corporate office and fits well into ISCO-08 as an office cleaner (elementary occupations), with high confidence at major/sub-major levels and slightly lower confidence at the most detailed unit-group level."
25123,C - Manufacturing,11 - Manufacture of beverages,110 - Manufacture of beverages,1105 - Manufacture of beer,0.98,0.96,0.95,0.93,3 - Technicians and associate professionals,31 - Science and engineering technicians,314 - Mechanical engineering technicians,3141 - Mechanical engineering technicians,0.97,0.94,0.92,0.88,"This is a maintenance technician role at a brewery (SP Brewery Ltd) so ISIC classification as Manufacturing → Manufacture of beverages → Manufacture of beer (1105) is highly appropriate. The occupational tasks (planned/unplanned maintenance, CMMS updates, root-cause analysis, workshop skills) align well with ISCO-08 Mechanical Engineering Technicians (314 / 3141), giving high confidence in the occupational match."
25041,O - Public administration and defence; compulsory social security,84 - Public administration and defence; compulsory social security,,,0.95,0.9,0.2,0.1,2 - Professionals,"26 - Legal, social and cultural professionals",261 - Legal professionals,2611 - Lawyers,0.95,0.9,0.9,0.85,"The job is clearly for a senior legal leadership role within the Independent Commission Against Corruption (a government agency), so the industry best fits Public administration and defence (ISIC Section O / Division 84). The occupation is a high-confidence match to legal professionals — specifically a lawyer/general counsel role (ISCO 2611) given the prosecutorial, litigation and chief legal advisor duties described."
25095,Q - Human health and social work activities,88 - Social work activities without accommodation,889 - Other social work activities without accommodation,8890 - Other social work activities without accommodation,0.95,0.95,0.92,0.9,2 - Professionals,"26 - Legal, social and cultural professionals",263 - Social and religious professionals,2634 - Counsellors,0.92,0.9,0.9,0.8,"This role is best classified under ISIC Section Q (Human health and social work activities), specifically Division 88 and Class 8890 for social work activities without accommodation, since it provides telephone-based counselling and referrals. Occupationally it fits within ISCO-08 Professionals (sub-area 26), and most closely matches unit group 2634 (Counsellors) given the crisis/telephone counselling duties, though the exact 4-digit match has slightly lower confidence due to variation in national coding practices for telephone helpline counsellors."
25025,P - Education,85 - Education,853 - Higher education,8530 - Higher education,0.99,0.98,0.97,0.95,1 - Managers,12 - Administrative and commercial managers,"122 - Sales, marketing and development managers",1223 - Advertising and public relations managers,0.98,0.95,0.93,0.9,"The employer is a university and the role is centrally aligned with higher education administration, so ISIC classification P / 85 / 853 / 8530 (Higher education) is appropriate with high confidence. The job is a managerial communications/PR role and maps well to ISCO-08 unit group 1223 (Advertising and public relations managers) under Managers (1), with high confidence given the specified responsibilities and senior reporting line."
24189,H - Transportation and storage,52 - Warehousing and support activities for transportation,522 - Support activities for transportation,5220 - Support activities for transportation,0.99,0.95,0.9,0.85,3 - Technicians and associate professionals,31 - Physical and engineering science associate professionals,,,0.95,0.75,0.3,0.2,"The employer operates in freight, transport and logistics so the ISIC mapping to Transportation and storage (H) and specifically Warehousing and support activities for transportation (52 / 522) is a close fit. The role is an occupational health, safety, environment and quality (OHSEQ) supervisory position best placed in ISCO major group 3 (Technicians and associate professionals), though a precise 3- or 4-digit ISCO code is uncertain from the posting alone."
25073,H - Transportation and storage,49 - Land transport and transport via pipelines,493 - Freight transport by road,4930 - Freight transport by road,0.98,0.95,0.93,0.9,8 - Plant and machine operators and assemblers,83 - Drivers and mobile plant operators,833 - Heavy truck and bus drivers,8332 - Heavy truck and lorry drivers,0.95,0.92,0.9,0.88,"This is a clear match to freight transport by road (ISIC 4930) because the role is operating rigid/semi fuel tankers for deliveries; it therefore belongs in Transportation and storage (Section H). Occupation-wise the duties and vehicle type identify this as a heavy truck/lorry driver (ISCO unit group for heavy truck drivers), so the ISCO mapping is highly confident with only minor uncertainty at the most specific unit-group level due to national/terminology variations."
24979,F - Construction,43 - Specialized construction activities,439 - Other specialized construction activities,4390 - Other specialized construction activities,0.9,0.7,0.5,0.3,7 - Craft and related trades workers,"72 - Metal, machinery and related trades workers",723 - Machinery mechanics and repairers,,0.95,0.9,0.85,0.3,"The employer and informal industry description indicate this role sits within the construction sector (ISIC F), but the job itself is a specialized heavy-equipment maintenance function supporting construction operations. Occupationally, the role clearly maps to machinery mechanics and repairers (ISCO major group 7, sub-major 72, minor 723) though the exact ISCO 4-digit unit group was not determinable from the posting alone."
24703,I - Accommodation and food service activities,56 - Food and beverage service activities,561 - Restaurants and mobile food service activities,5610 - Restaurants and mobile food service activities,0.98,0.97,0.95,0.95,5 - Service and sales workers,51 - Personal service workers,"513 - Waiters, bartenders and other catering service workers",5131 - Waiters and waitresses,0.99,0.96,0.95,0.96,"This posting is clearly for front-of-house restaurant service staff (waiter/waitress) and fits well within ISIC's Restaurants and mobile food service activities (5610) and ISCO's Waiters and waitresses (5131). Classification confidence is high because the duties, employer industry and job title explicitly match standard definitions for restaurant waiting staff."
25087,B - Mining and quarrying,07 - Mining of metal ores,072 - Mining of non-ferrous metal ores,0729 - Mining of other non‑ferrous metal ores,0.99,0.98,0.95,0.9,7 - Craft and related trades workers,"72 - Metal, machinery and related trades workers",723 - Machinery mechanics and repairers,7232 - Agricultural and industrial machinery mechanics and repairers,0.95,0.93,0.9,0.85,"This is a heavy-equipment/mechanical fitter role based on-site at a gold mining operation (Newmont Lihir), so the economic activity clearly falls under Mining and quarrying (metal ores, non‑ferrous). The occupation matches ISCO machinery mechanics/repairers (working on mobile mining fleet and drills); confidence is high for the broad categories and slightly lower at the most specific 4-digit levels due to some overlap between mining-site trades and mining support service classifications."
25281,C - Manufacturing,10 - Manufacture of food products,108 - Manufacture of other food products,,0.99,0.99,0.86,0.3,2 - Professionals,21 - Science and engineering professionals,"211 - Physicists, chemists and related professionals",,0.98,0.95,0.92,0.35,"This posting is clearly for a laboratory/quality role within food manufacturing (Nestlé), so ISIC classification as Manufacture of food products (division 10, group 108) is appropriate. The role requires a chemistry/food-science bachelor's and performs professional laboratory analysis and QA duties, so it maps well to ISCO science professionals (chemists); the exact 4-digit class is left unspecified due to limited detail about specialization and internal job coding."
25175,P - Education,85 - Education,853 - Higher education,8530 - Higher education,0.95,0.95,0.95,0.95,1 - Managers,13 - Production and specialised services managers,134 - Other services managers,1349 - Other services managers (not elsewhere classified),0.95,0.7,0.6,0.5,"The employer is a university, so the appropriate ISIC classification is within Section P — Education, specifically class 8530 (Higher education). The position is a managerial security role (Assistant Chief Security Officer) within that educational establishment, so it best fits ISCO-08 under Managers, mapped to Other services managers (1349) as the closest unit group, though exact unit-group mapping is somewhat uncertain because ISCO has no dedicated unit for institutional security managers."
25238,B - Mining and quarrying,07 - Mining of metal ores,,,0.99,0.97,0.2,0.15,3 - Technicians and associate professionals,33 - Business and administration associate professionals,332 - Business and administration associate professionals,3322 - Purchasing and supply officers,0.95,0.9,0.88,0.85,"The employer is a mining company (K92 Mining), so the economic activity is confidently classed under ISIC Section B and Division 07 (mining of metal ores). The role is a procurement/expediting (purchasing and supplier management) position and maps well to ISCO as Purchasing and Supply Officers (associate professional in business and administration)."
25301,F - Construction,41 - Construction of buildings,412 - Construction of buildings,4120 - Construction of residential and non-residential buildings,0.98,0.97,0.95,0.93,7 - Craft and related trades workers,74 - Electrical and electronic trades workers,741 - Electrical and electronic equipment mechanics and fitters,7411 - Electricians and electrical fitters,0.99,0.98,0.95,0.94,"This posting describes a Building Electrician performing installation, maintenance and repair of electrical systems on buildings, which fits squarely within Construction (ISIC Section F, Division 41) and the ISCO electricians category. Classification is high-confidence at the major/sub-major levels and slightly lower at the most detailed class/unit levels due to potential variation in employer activity (residential vs. commercial/industrial) and local job-title conventions."
25188,C - Manufacturing,10 - Manufacture of food products,"106 - Manufacture of grain mill products, starches and starch products",1061 - Manufacture of grain mill products,1.0,0.98,0.95,0.9,3 - Technicians and associate professionals,31 - Science and engineering technicians,311 - Physical and engineering science technicians,3112 - Chemical and physical science technicians,0.9,0.8,0.6,0.5,"Industry classification is clear: the employer is a food manufacturer (grain/rice milling and FMCG), matching ISIC section C, division 10 and class 1061. The occupation fits a quality-control/technical supervisor role in food manufacturing (technicians and associate professionals in science/quality control); the exact 4-digit ISCO match is somewhat uncertain because supervisory titles may map either to technician/associate-professional groups or to lower-level management categories depending on national interpretation."
24793,F - Construction,41 - Construction of buildings,412 - Construction of residential and non-residential buildings,4120 - Construction of residential and non-residential buildings,0.9,0.75,0.65,0.55,4 - Clerical support workers,41 - General and keyboard clerks,411 - General office clerks,4110 - General office clerks,0.95,0.8,0.7,0.6,"The employer and job description clearly place this role within the construction sector (project document control for design and construction), so an ISIC classification under Section F (Construction) is appropriate though the exact 4-digit class (building construction vs specialized activities) is slightly uncertain. The occupation is well described as a clerical/document control role supporting construction projects, fitting the ISCO clerical support/office clerk categories with moderate-to-high confidence."
25217,P - Education,85 - Education,85.3 - Higher education,85.30 - Higher education,0.98,0.98,0.96,0.95,1 - Managers,13 - Production and specialized services managers,134 - Other specialist managers,1343 - Education managers,0.95,0.85,0.8,0.86,"The employer is a private higher-education institution (university-level), so the economic activity cleanly maps to ISIC Section P, Division 85 and specifically class 85.30 (Higher education). The role is a managerial position focused on quality assurance within an educational institution, best mapped to ISCO-08 as an education manager (1343), though some overlap with general quality/compliance management exists which slightly reduces sub-major/minor-group confidence."
25103,I - Accommodation and food service activities,55 - Accommodation,551 - Hotels and similar accommodation,5510 - Hotels and similar accommodation,0.95,0.95,0.9,0.9,9 - Elementary occupations,"91 - Cleaners and helpers in offices, hotels and other establishments","911 - Cleaners and helpers in offices, hotels and other establishments",9112 - Kitchen helpers and related workers,0.95,0.9,0.9,0.85,"The employer is a Holiday Inn hotel, so the economic activity is confidently classed under ISIC section I, division 55 (Hotels and similar accommodation). The posted role (Kitchen Hand) clearly matches an elementary occupation performing kitchen cleaning and dishwashing duties and is therefore best mapped to ISCO-08 elementary occupations for kitchen helpers, though exact unit-group wording/numbering for kitchen helper variants may vary across catalogs so the unit-group-level confidence is slightly lower."
25098,F - Construction,42 - Civil engineering,429 - Construction of other civil engineering projects,"4290 - Construction of other civil engineering projects, n.e.c.",0.95,0.7,0.65,0.6,2 - Professionals,24 - Business and administration professionals,241 - Finance professionals,2411 - Accountants,0.95,0.9,0.9,0.95,"The employer is explicitly described as a major construction company, so the economic activity is classified under ISIC Section F (Construction) with moderate confidence for a civil-engineering subclass. The role is clearly a Management Accountant position involving financial reporting, inventory/WIP reconciliation and accounting software use, which maps directly to ISCO-08 unit group 2411 (Accountants) with high confidence."
25338,G - Wholesale and retail trade; repair of motor vehicles and motorcycles,45 - Wholesale and retail trade and repair of motor vehicles and motorcycles,453 - Sale of motor vehicle parts and accessories,4530 - Sale of motor vehicle parts and accessories,0.9,0.85,0.75,0.6,1 - Managers,"11 - Chief executives, senior officials and legislators",112 - Managing directors and chief executives,1120 - Managing directors and chief executives,0.95,0.9,0.9,0.9,"This is a senior country-level general manager role for Bridgestone operating in the automotive/heavy equipment space; the industry best matches ISIC G (wholesale/retail and repair of motor vehicles and motorcycles), specifically sale/distribution of vehicle parts and accessories (tyres). The occupation is clearly a top executive role and maps to ISCO-08 unit group 1120 (Managing directors and chief executives); uncertainty remains at the ISIC 3-4 digit level because the posting does not specify whether activities are manufacturing (tyre production) or distribution/retail."
25350,B - Mining and quarrying,09 - Mining support service activities,099 - Support activities for other mining and quarrying,0990 - Support activities for other mining and quarrying,0.95,0.92,0.9,0.88,2 - Professionals,21 - Science and engineering professionals,211 - Physical and earth science professionals,"2112 - Geologists, geophysicists and related professionals",0.99,0.98,0.95,0.92,"The employer and role are clearly in the mining sector focused on mineral exploration, so ISIC classification under 'Mining and quarrying' and specifically support activities for mining is appropriate. The occupation is clearly a senior exploration geologist and maps well to ISCO as geologists/geophysicists (science professionals), with high confidence at all digit levels."
25357,H - Transportation and storage,52 - Warehousing and support activities for transportation,522 - Support activities for transportation,5222 - Service activities incidental to water transportation,0.95,0.9,0.9,0.8,4 - Clerical support workers,42 - Customer services clerks,422 - Client information workers,4221 - Client information clerks,0.9,0.8,0.7,0.6,"This is a sales-support / customer-service role embedded in a shipping/agency company; the economic activity best fits Transportation and storage (support activities for transportation), specifically services incidental to water transportation. The occupation aligns with clerical customer-service work (client information / sales support), though some ambiguity remains about whether to code it as sales (major group 5) or clerical customer service (major group 4), so deeper ISCO digits are given with moderate confidence."
25317,C - Manufacturing,C 23 - Manufacture of other non-metallic mineral products,C 239 - Manufacture of other non-metallic mineral products,"C 2393 - Manufacture of articles of concrete, cement and plaster",0.95,0.85,0.8,0.7,1 - Managers,12 - Administrative and commercial managers,121 - Business services and administration managers,1212 - Human resource managers,0.95,0.9,0.85,0.8,"Employer is a manufacturer of construction/building materials, so ISIC classification is best mapped to Manufacture of other non-metallic mineral products (likely concrete/cement/building articles). The role is explicitly a Human Resources Manager and maps clearly to ISCO-08 Business services/administration managers with the unit group for Human Resource Managers."
24929,B - Mining and quarrying,07 - Mining of metal ores,072 - Mining of non‑ferrous metal ores,,0.99,0.98,0.95,0.2,1 - Managers,12 - Administrative and commercial managers,121 - Business services and administration managers,,0.9,0.85,0.8,0.3,"The employer is a mining company (K92 Mining) so the economic activity is confidently classified under ISIC Section B, Division 07 (mining of metal ores) and more specifically the non‑ferrous metal ores group. The role is a senior contracts/procurement team lead (commercial/administrative management) and is best represented in ISCO as a business services and administration manager; the exact 4‑digit ISCO and ISIC class could not be determined with high confidence from the posting text alone."
25308,K - Financial and insurance activities,"64 - Financial service activities, except insurance and pension funding",64.1 - Monetary intermediation,64.19 - Other monetary intermediation,0.95,0.9,0.75,0.65,2 - Professionals,24 - Business and administration professionals,242 - Administration and organisation professionals,2423 - Human resource professionals,0.95,0.9,0.85,0.9,"The employer (Credit Corporation) is clearly a financial services provider, so classification under ISIC Section K and Division 64 is highly confident; finer 3- and 4-digit ISIC coding is somewhat less certain from the posting alone because the ad focuses on an HR role rather than detailed business activities. The advertised role is explicitly a People & Culture / Talent Acquisition position (recruitment, employer branding, onboarding), so mapping to ISCO-08 human resource professionals is highly confident."
25043,O - Public administration and defence; compulsory social security,84 - Public administration and defence; compulsory social security,841 - Administration of the State and the economic and social policy of the community,"8411 - Executive and legislative organs, financial and fiscal affairs, external affairs (central government administration)",0.95,0.95,0.9,0.75,1 - Managers,"11 - Chief executives, senior officials and legislators",111 - Legislators and senior officials / Senior government officials,1110 (or equivalent) - Senior government executive / Executive Director (public administration),0.95,0.9,0.85,0.7,"This role is a senior public-sector executive position leading an anti‑corruption commission’s prevention, communications and stakeholder engagement functions, which fits squarely within public administration (ISIC Section O, Division 84). The occupational fit is as a top-level manager/chief executive in the public sector (ISCO major group 1, chief executive / senior government official); the industry assignment is high-confidence while the most specific 4-digit class and unit-group mappings are slightly less certain due to variation in national agency classifications and ISCO/ISIC mapping granularity."
24994,Q - Human health and social work activities,88 - Social work activities without accommodation,889 - Other social work activities without accommodation,8890 - Other social work activities without accommodation (incl. community-based child welfare / social protection NGOs),0.95,0.85,0.75,0.6,2 - Professionals,22 - Health professionals,226 - Other health professionals,2269 - Other health professionals (nutrition / community health officer type),0.95,0.9,0.8,0.7,"This role is best classified in ISIC as human health and social work activities (Section Q), specifically social work activities without accommodation because it delivers community-based nutrition and child-focused social protection services through an NGO. For occupation, the post fits within ISCO as a health professional (nutrition/community health officer) rather than a clinical practitioner, but precise unit-group assignment is somewhat uncertain because the position combines public-health programming, training and social-protection duties rather than pure clinical or purely research tasks."
25162,B - Mining and quarrying,07 - Mining of metal ores,072 - Mining of non-ferrous metal ores,0729 - Mining of other non-ferrous metal ores,0.99,0.98,0.95,0.9,7 - Craft and related trades workers,74 - Electrical and electronic trades workers,741 - Electrical and electronic equipment mechanics and fitters,7411 - Electricians and electrical fitters,0.95,0.9,0.85,0.75,"The employer is a gold-mining company and the role is field/underground electrical maintenance for a mine, so ISIC classification under Mining of non‑ferrous metal ores (gold) is appropriate with high confidence. The vacancy describes a trades-level electrician/electrical mechanic working on power distribution and mobile equipment, which maps well to ISCO craft/electrical trades (electricians/electrical fitters); the 4-digit unit group is slightly less certain because the job title uses 'Technician' and duties overlap with maintenance/mechanic responsibilities."
24868,H - Transportation and storage,52 - Warehousing and support activities for transportation,522 - Support activities for transportation,5229 - Other transportation support activities,0.95,0.9,0.8,0.6,1 - Managers,13 - Production and specialised services managers,,,1.0,0.85,0.2,0.1,"The employer operates in logistics/warehousing and support activities for transportation, so ISIC Section H (Division 52) is the best fit. The role is clearly a managerial facilities/maintenance position (ISCO major group 1), but mapping to a precise lower-level ISCO unit group is less certain from the posting alone."
25258,G - Wholesale and retail trade; repair of motor vehicles and motorcycles,45 - Wholesale and retail trade and repair of motor vehicles and motorcycles,452 - Maintenance and repair of motor vehicles,4520 - Maintenance and repair of motor vehicles,0.95,0.96,0.97,0.98,7 - Craft and related trades workers,"72 - Metal, machinery and related trades workers",723 - Motor vehicle mechanics and repairers,7231 - Motor vehicle mechanics and repairers,0.94,0.95,0.97,0.98,"This posting is for a Motor Vehicle Technician whose duties are routine servicing, diagnosis and repair of vehicles—a clear fit to ISIC class 4520 (maintenance and repair of motor vehicles) and ISCO unit group 7231 (motor vehicle mechanics and repairers). Confidence is high because the role description and employer (automotive company/Boroko Motors) explicitly focus on vehicle maintenance and repair; minor ambiguity could remain if the role were specialized (e.g., auto-electrician) but the provided tasks are general mechanic duties."
25067,H - Transportation and storage,51 - Air transport,51.1 - Passenger air transport,51.10 - Passenger air transport,0.95,0.95,0.9,0.8,4 - Clerical support workers,43 - Numerical and material recording clerks,432 - Material-recording clerks,4321 - Stock clerks and order fillers (storepersons / storekeepers),0.9,0.85,0.85,0.7,"This vacancy is for a stores person working in the MRO (maintenance) department of a scheduled passenger airline — the employer activity is best classified as Passenger air transport (ISIC 51.10) with high confidence. The occupation maps to material-recording / stock clerk roles (ISCO 4321) — a good fit given the inventory, issuing and record-keeping duties, though exact unit-group assignment is moderately certain due to variations in national job titling (e.g., 'storekeeper', 'warehouse clerk', or specialized aviation stores roles)."
25260,C - Manufacturing,10 - Manufacture of food products,105 - Manufacture of dairy products,1050 - Manufacture of dairy products,0.95,0.95,0.75,0.6,1 - Managers,12 - Administrative and commercial managers,122 - Sales and marketing managers,1221 - Sales and marketing managers,0.95,0.9,0.9,0.95,"The employer is a fast-moving consumer goods (FMCG) company (Nestlé), so classifying the economic activity under Manufacturing — Manufacture of food products (and more specifically dairy/other food products) is appropriate though 3- and 4-digit ISIC assignments are approximate given Nestlé's diversified product range. The occupation is clearly a Sales and Marketing Manager role (area/field sales management), so ISCO placement under 1221 Sales and marketing managers is high-confidence."
25114,G - Wholesale and retail trade; repair of motor vehicles and motorcycles,"46 - Wholesale trade, except of motor vehicles and motorcycles","466 - Wholesale of solid, liquid and gaseous fuels and related products","4663 - Wholesale of solid, liquid and gaseous fuels and related products",0.98,0.97,0.95,0.88,1 - Managers,"14 - Hospitality, retail and other services managers",142 - Retail and wholesale trade managers,1421 - Retail and wholesale trade managers,0.98,0.95,0.92,0.9,"This vacancy is best classified under ISIC G (Wholesale and retail trade) and specifically wholesale distribution of fuels (ISIC 466/4663) because the role manages depot operations for fuel and lubricants distribution. The occupation fits ISCO as a retail/wholesale trade manager (1421) since it is a supervisory/managerial position responsible for sales, inventory, staff and operational performance at a distribution depot."
25094,Q - Human health and social work activities,88 - Social work activities without accommodation,88.9 - Other social work activities without accommodation,88.99 - Other social work activities without accommodation n.e.c.,0.95,0.95,0.9,0.8,1 - Managers,13 - Production and specialised services managers,134 - Other specialised services managers,1349 - Other specialised services managers n.e.c.,0.95,0.7,0.6,0.5,"The employer is an NGO providing child protection helpline services, which fits well under ISIC Q (Human health and social work activities) and specifically division 88 (social work activities without accommodation). The role is a managerial position overseeing a specialised social service (helpline/call-centre) so it maps to ISCO Managers (major group 1) though pinpointing the exact unit-group is less certain because ISCO has several 'specialised services managers' and social service manager codes may vary by national practice."
25208,C - Manufacturing,"25 - Manufacture of fabricated metal products, except machinery and equipment",25.7 - Manufacture of metal structures and parts of structures,25.71 - Manufacture of metal structures and parts of structures,0.9,0.85,0.8,0.75,4 - Clerical support workers,43 - Numerical and material-recording clerks,431 - Numerical clerks,4312 - Payroll clerks,0.95,0.85,0.75,0.7,"The employer is described as a steel fabrication and construction company; the most appropriate economic activity classification is Manufacturing (manufacture of metal structures and parts). The job itself is clearly a payroll/clerical role (payroll trainee supervising payroll operations), so it maps well to ISCO clerical support (numerical clerks / payroll clerks) with high confidence for the major groups and slightly lower confidence at the most specific levels."
25192,I - Accommodation and food service activities,56 - Food and beverage service activities,563 - Beverage serving activities,5630 - Beverage serving activities,0.95,0.95,0.95,0.9,5 - Service and sales workers,51 - Personal service workers,512 - Housekeeping and restaurant services workers,5122 - Waiters and bartenders,0.95,0.9,0.88,0.75,"This posting clearly fits ISIC section I (Accommodation and food service activities), specifically beverage serving activities (5630), because the role is to operate and supervise a bar. Occupationally, the duties align with ISCO's waiters and bartenders group (5122) though the supervisory title introduces some uncertainty vs. hospitality/restaurant managerial classifications."
25167,B - Mining and quarrying,07 - Mining of metal ores,072 - Mining of non-ferrous metal ores,0729 - Mining of other non‑ferrous metal ores n.e.c.,0.99,0.95,0.9,0.6,3 - Technicians and associate professionals,,,,0.9,0.3,0.2,0.2,"The employer is clearly a metal/gold mining company so the ISIC classification is confidently within Section B, Division 07 (mining of metal ores) and most likely the non‑ferrous metal ores group (gold). The occupation is a site Safety (HSE) Coordinator for mining operations; it best fits within ISCO major group 3 (Technicians and associate professionals) but the posting lacks degree-level detail and an exact ISCO sub-group/unit cannot be determined with high confidence from the text alone."
24977,N - Administrative and support service activities,81 - Services to buildings and landscape activities,813 - Landscape service activities,8130 - Landscape service activities,0.95,0.92,0.9,0.9,"6 - Skilled agricultural, forestry and fishery workers",61 - Market-oriented skilled agricultural workers,611 - Market gardeners and crop growers,"6112 - Gardeners, horticultural and nursery workers",0.85,0.8,0.7,0.88,"This vacancy is best classified under ISIC section N, Division 81 (Services to buildings and landscape activities), specifically Landscape service activities (813/8130), because the role is focused on grounds maintenance and landscape upkeep for properties. Occupationally, the role maps to ISCO major group 6 and the unit group for gardeners/horticultural workers (6112) since the job centers on horticulture, planting, pruning and groundskeeping, though some mapping uncertainty exists because landscaping roles sometimes fall into other local/elementary occupation categories."
25245,B - Mining and quarrying,07 - Mining of metal ores,072 - Mining of non-ferrous metal ores,0729 - Mining of other non-ferrous metal ores,0.99,0.98,0.95,0.9,2 - Professionals,21 - Science and engineering professionals,214 - Engineering professionals,2141 - Civil engineers,0.98,0.96,0.95,0.93,"This is a geotechnical design engineering supervisory role located within an open‑pit gold mining operation, so the economic activity is best classified under ISIC Section B (Mining and quarrying), Division 07 (Mining of metal ores), Group 072 (Mining of non‑ferrous metal ores), Class 0729. The occupation is a professional civil/geotechnical engineer in a supervisory capacity and maps well to ISCO‑08 Major Group 2, Sub‑major 21, Minor 214, Unit 2141 (Civil engineers) with high confidence."
25270,H - Transportation and storage,52 - Warehousing and support activities for transportation,522 - Support activities for transportation,5229 - Other transportation support activities,0.8,0.75,0.65,0.5,2 - Professionals,24 - Business and administration professionals,241 - Accountants and auditors,2411 - Accountants,0.98,0.95,0.9,0.9,"The vacancy is clearly for an Accountant (ISCO: 2411) — the occupation classification is high confidence given the explicit duties and qualifications. The industry classification is assigned to Transportation and storage (ISIC H), specifically transportation support activities (52.2/5229) because the role is within Steamships Logistics; however, this is somewhat uncertain since the posting emphasizes an accounting function and the employer operates across trading/logistics activities."
25255,B - Mining and quarrying,07 - Mining of metal ores,072 - Mining of non-ferrous metal ores,0721 - Mining of gold ores,0.99,0.95,0.9,0.85,7 - Craft and related trades workers,74 - Electrical and electronic trades workers,741 - Electrical mechanics and fitters,7412 - Electricians and electrical fitters,0.95,0.9,0.88,0.85,"This posting is clearly for a mining (gold) operation and aligns with ISIC section B / division 07, specifically mining of non‑ferrous metal ores (gold). The role is a licensed/registered electrician working in a mine site in a safety/advisory capacity, best mapped to ISCO craft occupations for electricians (unit group for electricians and electrical fitters); confidence is high at broad levels with some uncertainty at the most granular 4-digit classes."
24481,B - Mining and quarrying,07 - Mining of metal ores,072 - Mining of non‑ferrous metal ores,0721 - Mining of gold and silver (class),0.98,0.96,0.9,0.75,8 - Plant and machine operators and assemblers,81 - Stationary plant and machine operators,811 - Mining and quarrying plant operators,8112 - Drillers and borers (mining),0.9,0.85,0.8,0.65,"The vacancy is clearly for a mining-sector role (owner/operator of a gold mine) responsible for underground diamond drilling operations, so ISIC classification as Mining of metal ores (gold) is appropriate. Occupationally, the role functions as a drilling supervisor/coordinator (machine operator & crew supervisor), so classification under plant and machine operators — specifically mining drill operators/supervisors — is the best fit; the ISCO unit-group assignment is somewhat less certain because the job title is generic ('Coordinator') and supervisory/training duties overlap with other supervisory/technical categories."
25165,B - Mining and quarrying,07 - Mining of metal ores,072 - Mining of non-ferrous metal ores,0729 - Mining of other non-ferrous metal ores,0.99,0.95,0.9,0.85,8 - Plant and machine operators and assemblers,81 - Stationary plant and machine operators,811 - Mining and mineral processing plant operators (stationary),8113 - Drillers and borers / Mining drill operators,0.9,0.85,0.7,0.6,"The posting clearly belongs to the mining sector (ISIC Section B), specifically metal ore mining (gold), so classification under Division 07 and non‑ferrous metal mining is appropriate. The occupation is a hands-on drill rig operator (diamond drill operator) and best maps to ISCO as a stationary mining drill operator; exact 4‑digit mapping is somewhat uncertain because drillers can be categorized either as plant/machine operators or as craft/mining workers depending on national implementations."
25326,B - Mining and quarrying,09 - Support activities for mining and quarrying,099 - Support activities for other mining and quarrying,0990 - Support activities for other mining and quarrying n.e.c.,0.95,0.9,0.7,0.6,7 - Craft and related trades workers,"72 - Metal, machinery and related trades workers",,,0.95,0.9,0.25,0.2,"This posting is best classified as mining support activity (ISIC section B, division 09) because it describes on-site maintenance of mining shovels by a contractor. The occupation clearly falls in craft/trades (ISCO major group 7, sub-major group 72) as a heavy equipment/diesel/mechanical fitter, but the posting does not provide the exact unit-group title/number needed for a confident 3- or 4-digit ISCO assignment."
25371,K - Financial and insurance activities,"64 - Financial service activities, except insurance and pension funding",641 - Monetary intermediation,6419 - Other monetary intermediation,0.98,0.96,0.92,0.88,1 - Managers,12 - Administrative and commercial managers,121 - Business services and administration managers,1212 - Finance managers,0.98,0.92,0.75,0.6,"This posting is clearly for a senior compliance role within a banking/financial institution, so the ISIC classification as financial services (Section K, Division 64, Monetary intermediation) is highly confident. The occupational mapping to Managers (ISCO major group 1) and administrative/financial management is appropriate, though exact mapping at the most detailed ISCO unit-group level is less certain because AML/CTF heads combine compliance, risk and specialized functions that may fall under different specific unit groups."
25214,C - Manufacturing,10 - Manufacture of food products,,,0.95,0.9,0.3,0.2,5 - Service and sales workers,52 - Sales workers,,,0.95,0.9,0.25,0.15,"The employer (Nestlé PNG Ltd, FMCG) is best classified in ISIC Section C, Division 10 (Manufacture of food products) with high confidence; more specific 3- and 4-digit class assignment is not made because the posting is for a sales role rather than a specific manufacturing process. The occupation is clearly a sales role and fits ISCO major group 5 and sub-major 52 (Sales workers) with high confidence, but the exact 3- and 4-digit ISCO unit group (e.g., retail shop salesperson vs. wholesale/manufacturing sales representative) cannot be determined from the posting and is left unspecified."
24967,P - Education,85 - Education,853 - Higher education,8530 - Higher education,0.98,0.98,0.98,0.98,1 - Managers,13 - Production and specialised services managers,134 - Other specialist managers,1345 - Education managers,0.9,0.7,0.65,0.75,"The employer is a higher education institution (School of Nursing) so the ISIC classification maps clearly to Section P, Division 85, Group 853, Class 8530 (Higher education) with high confidence. The occupation is best classified as an education manager (principal of a higher education nursing school) under ISCO-08 as a managerial post in education (unit group for education managers); there is some overlap with higher-education teaching professions if the role were primarily academic rather than managerial, which is why occupation-level confidences are slightly lower."
25279,C - Manufacturing,11 - Manufacture of beverages,110 - Manufacture of beverages,1105 - Manufacture of beer,0.95,0.95,0.9,0.9,1 - Managers,13 - Production and specialised services managers,"131 - Manufacturing, mining, construction and distribution managers",1311 - Manufacturing managers,0.85,0.82,0.8,0.75,"The role is clearly in beverage manufacturing (brewing), so the ISIC classification at all levels can be assigned with high confidence (Manufacture of beer). The occupational mapping places the Brewing Supervisor among production/manufacturing managers/supervisors — this is appropriate but slightly less certain at the most detailed ISCO unit-group level because titles and responsibilities for 'supervisor' vs. 'manager' can vary by employer and jurisdiction."
25125,H - Transportation and storage,52 - Warehousing and support activities for transportation,522 - Support activities for transportation,5224 - Cargo handling,0.98,0.92,0.88,0.75,1 - Managers,12 - Administrative and commercial managers,121 - Business services and administration managers,1212 - Human resource managers,0.98,0.92,0.9,0.88,"The employer operates in maritime logistics and port services, so ISIC classification under H (Transportation and storage) -> 52 (Warehousing and support activities for transportation) -> 522 (Support activities for transportation) with a class of cargo handling is the best fit. The job is clearly a Human Resources Manager role and maps directly to ISCO-08 managers (business services/administration managers -> human resource managers) with high confidence."
25272,,,,,0.05,0.05,0.05,0.05,3 - Technicians and associate professionals,31 - Physical and engineering science technicians,,,0.9,0.7,0.2,0.1,"The job is best classified as an occupational health, safety and environment technician/associate-professional (ISCO major group 3), since duties focus on HSSE system implementation, incident investigation, training and compliance. The employer's economic activity (ISIC) is not stated in the posting, so industry classification cannot be determined from the available information."
25332,B - Mining and quarrying,06 - Extraction of crude petroleum and natural gas,061 - Extraction of crude petroleum and natural gas,0610 - Extraction of crude petroleum,0.95,0.95,0.9,0.85,2 - Professionals,23 - Teaching professionals,235 - Other teaching professionals,2353 - Vocational education teachers,0.9,0.85,0.8,0.6,"The employer and job duties clearly place this role in the extractive (oil & gas) industry, best matched to ISIC division 06 and class 0610 (extraction of crude petroleum). The role is a vocational/training position (providing hands-on mechanical training and competency assessments for apprentices/maintenance staff) and maps to ISCO as a teaching professional in vocational education, though unit-group level mapping (2353) is somewhat less certain because this is an on-the-job corporate trainer rather than a formal school-based vocational teacher."
25118,B - Mining and quarrying,07 - Mining of metal ores,072 - Mining of other non‑ferrous metal ores,,0.98,0.97,0.85,0.2,3 - Technicians and associate professionals,31 - Science and engineering technicians,311 - Physical and engineering science technicians,3119 - Physical and engineering science technicians not elsewhere classified,0.9,0.88,0.8,0.7,"The posting is clearly for a maintenance planner at a gold mining operation, so the ISIC classification is confidently within Section B and Division 07 (mining of metal ores), with the most likely 3‑digit placement under non‑ferrous metal ore mining. The occupation aligns with science/engineering technician roles (maintenance/reliability planning and CMMS work), so ISCO placement as a physical and engineering science technician is a good fit though an exact 4‑digit match is less certain without a formal occupational title mapping."
20735,H - Transportation and storage,51 - Air transport,51.1 - Passenger air transport,51.10 - Passenger air transport,0.95,0.95,0.9,0.9,7 - Craft and related trades workers,"72 - Metal, machinery and related trades workers",723 - Machinery mechanics and repairers,7231 - Aircraft engine mechanics and repairers,0.95,0.9,0.75,0.65,"The employer is an airline and the vacancy is for an engineering/MRO workshop role servicing aircraft wheels and brakes, so classifying the activity under ISIC H → 51 (Air transport, passenger air transport) is appropriate. The occupation aligns with craft/technician-level aircraft maintenance (an aircraft maintenance/mechanic trade), though exact assignment to a specific ISCO unit group for aircraft mechanics has some uncertainty because the title is 'assistant' and duties are semiskilled/authorised component servicing rather than higher-level licensed engineer work."
25016,G - Wholesale and retail trade; repair of motor vehicles and motorcycles,45 - Wholesale and retail trade and repair of motor vehicles and motorcycles,451 - Sale of motor vehicles,4510 - Sale of motor vehicles,0.99,0.99,0.98,0.97,3 - Technicians and associate professionals,33 - Business and administration associate professionals,332 - Sales and marketing associate professionals,3322 - Commercial sales representatives,0.9,0.88,0.86,0.8,"The employer is clearly a motor vehicle dealership, so the ISIC classification maps cleanly to Section G, Division 45, Group 451 (Sale of motor vehicles). The occupation best fits ISCO-08 unit group 3322 (Commercial sales representatives) for vehicle sales consultants who build pipelines and close deals, though a retail-sales classification (e.g., shop sales assistants under major group 5) could be considered in some statistical contexts."
24917,"M - Professional, scientific and technical activities",73 - Advertising and market research,731 - Advertising,7310 - Advertising,0.9,0.85,0.8,0.7,5 - Service and sales workers,52 - Sales workers,522 - Shop sales assistants and demonstrators,,0.95,0.9,0.85,0.3,"Employer provides merchandising, marketing and promotions services so the economic activity best matches Advertising and market research (ISIC 73 / class 7310), though some aspects resemble retail support. The occupation is clearly a sales/merchandising field (ISCO major group 5, sales workers), but the exact 4-digit unit group is uncertain from the posting so a more general sales/shop-sales classification is given."
24976,J - Information and communication,"62 - Computer programming, consultancy and related activities","620 - Computer programming, consultancy and related activities",6203 - Computer facilities management activities,0.95,0.9,0.85,0.8,1 - Managers,13 - Information and communications technology service managers,133 - Information and communications technology service managers,1330 - Information and communications technology service managers,0.98,0.95,0.92,0.9,"This posting is best classified in ISIC Section J (Information and communication), Division 62, specifically class 6203 (computer facilities management) because the role focuses on managing ICT infrastructure, operations, ERP deployments and IT team performance. Occupationally it clearly matches ISCO-08 ICT service manager (unit group 1330) as an ICT Manager responsible for project delivery, infrastructure uptime and team leadership."
24939,P - Education,85 - Education,853 - Higher education,8530 - Higher education,0.95,0.95,0.9,0.85,3 - Technicians and associate professionals,31 - Science and engineering associate professionals,311 - Physical and engineering science technicians,3113 - Chemical and physical science technicians,0.95,0.9,0.8,0.6,"The employer is a university and the role provides technical support for teaching and research laboratories, so the economic activity is best classified as Education (Higher education). The occupational fit is a laboratory/technical support role in food science, which aligns with ISCO-08 technician categories (science/engineering associate professionals), though the precise 4-digit unit group is less certain because ISCO groups for lab technicians overlap across chemical, physical and life sciences."
25374,F - Construction,43 - Specialized construction activities,439 - Other specialised construction activities,4390 - Other specialised construction activities n.e.c.,0.95,0.9,0.85,0.8,8 - Plant and machine operators and assemblers,81 - Stationary plant and machine operators,,,0.95,0.85,0.2,0.1,"This vacancy is clearly within the construction sector (ready-mix/concrete batching for a construction contractor), so ISIC F → 43 → 4390 (other specialised construction activities) is an appropriate classification. The occupation is unambiguously a stationary plant/machine operator (ISCO major group 8, sub-major 81), but the job description does not provide enough detail to assign a specific ISCO 3- or 4-digit unit group with high confidence."
25331,"M - Professional, scientific and technical activities","74 - Other professional, scientific and technical activities",741 - Specialised design activities,7410 - Specialised design activities,0.9,0.88,0.85,0.8,2 - Professionals,21 - Science and engineering professionals,"216 - Architects, planners and surveyors",2166 - Graphic and multimedia designers,0.95,0.8,0.75,0.9,"The role is best classified as a graphic/multimedia designer (ISCO-08 2166) and the employer's activity most closely matches specialised design activities (ISIC 7410) because the job focuses on producing visual designs for print and digital media. There is minor ambiguity at the industry level since the company may operate in printing or advertising (ISIC 18 or 73) given the mention of working with a Printing Manager, which reduces certainty for the most specific ISIC class."
24797,I - Accommodation and food service activities,56 - Food and beverage service activities,561 - Restaurants and mobile food service activities,5610 - Restaurants and mobile food service activities,0.98,0.96,0.95,0.93,5 - Service and sales workers,51 - Personal service workers,"513 - Waiters, bartenders and other service workers",5132 - Waiters and bartenders,0.98,0.9,0.75,0.65,"This vacancy is clearly for a role in the restaurant/food service industry and maps directly to ISIC Division 56, Class 5610 (restaurants and mobile food service activities). The occupation is a front-of-house supervisory role overseeing waitstaff and cashiers, which places it within ISCO-08 major group 5 (service and sales workers) and most closely aligns with the waiters/bartenders/personal service worker groups at finer ISCO levels (assignment to specific 3- and 4-digit codes is moderately confident because it is a supervisory rather than a frontline waiter role)."
25216,G - Wholesale and retail trade; repair of motor vehicles and motorcycles,"47 - Retail trade, except of motor vehicles and motorcycles",,,0.9,0.85,0.3,0.2,3 - Technicians and associate professionals,33 - Business and administration associate professionals,"332 - Sales, marketing and development associate professionals",3322 - Buyers / Purchasing officers,0.75,0.8,0.45,0.55,"The employer appears to be a retail/property company so the economic activity is best classified under ISIC Section G and Division 47 (retail trade) with high confidence, but the exact retail subclass is not specified and therefore lower-level ISIC codes are uncertain. The job is clearly a procurement/purchasing role and maps to ISCO as a buyer/purchasing officer within Business and Administration associate professionals, though the precise 3- and 4-digit unit-group mapping is somewhat uncertain from the posting alone."
25388,I - Accommodation and food service activities,55 - Accommodation,551 - Hotels and similar accommodation,5510 - Hotels and similar accommodation,0.95,0.9,0.85,0.8,1 - Managers,"14 - Hospitality, retail and other services managers",142 - Retail and wholesale trade managers,1421 - Retail store and shop managers (unit group: retail store managers),0.9,0.85,0.75,0.6,"The vacancy is best classified under ISIC as accommodation (a hotel-operated shop), since the Wantok Shop is embedded within a hotel operation. For ISCO-08, the role functions as a retail/shop manager/supervisor (responsible for stock, promotions and sales), but there is some ambiguity between a frontline sales supervisor and a small retail manager so the unit-group assignment is given with moderate confidence."
25251,C - Manufacturing,10 - Manufacture of food products,"106 - Manufacture of grain mill products, starches and starch products",1061 - Manufacture of grain mill products,0.9,0.9,0.85,0.85,4 - Clerical support workers,42 - Customer services clerks,422 - Client information workers,4221 - Client information workers,0.95,0.9,0.85,0.7,"The employer (Trukai Industries Ltd.) is best classified in Manufacturing (food products), specifically manufacture of grain mill products, since the company is a rice/food producer and the role sits in its supply chain. The occupation is a clerical Customer Service Clerk handling order coordination and customer liaison, matching ISCO-08 customer services/client information clerk categories with high confidence, though the exact 4-digit unit group is slightly less certain due to variation in national job titling."
25047,G - Wholesale and retail trade; repair of motor vehicles and motorcycles,45 - Wholesale and retail trade and repair of motor vehicles and motorcycles,453 - Sale of motor vehicle parts and accessories,4530 - Sale of motor vehicle parts and accessories,1.0,0.98,0.96,0.92,1 - Managers,"14 - Hospitality, retail and other services managers",142 - Retail and wholesale trade managers,1420 - Retail and wholesale trade managers,0.98,0.92,0.9,0.86,"This posting is clearly for a parts-management role within an automotive sales/after-sales business, so the ISIC classification is confidently in Section G (Division 45), specifically class 4530 (sale of motor vehicle parts and accessories). The occupation fits best under ISCO code for retail and wholesale trade managers (managing a parts department and driving parts sales), though precise 4-digit placement assumes a retail/wholesale management unit group rather than a broader production or logistics manager classification."
25391,Q - Human health and social work activities,86 - Human health activities,869 - Other human health activities,8690 - Other human health activities,0.9,0.88,0.8,0.75,1 - Managers,13 - Business services and administration managers,132 - Business services and administration managers,"1321 - Supply, distribution and related managers",0.85,0.8,0.75,0.85,"The job is clearly situated within the health sector (a health-program supply chain role run by an NGO), so classifying the economic activity under ISIC Q (Human health activities) — specifically Other human health activities — is appropriate. The occupational classification best fits a supply/distribution manager (ISCO supply, distribution and related managers) because the role focuses on coordinating logistics, inventory, warehousing and distribution of medical commodities, though overlap with professional pharmacy duties introduces some uncertainty."
25120,B - Mining and quarrying,07 - Mining of metal ores,072 - Mining of non-ferrous metal ores,0729 - Mining of other non-ferrous metal ores,0.99,0.98,0.95,0.7,2 - Professionals,21 - Science and engineering professionals,214 - Engineering professionals,"2146 - Mining engineers, metallurgists and related professionals",0.99,0.97,0.95,0.9,"This is clearly a mining-sector role (gold open-pit operation) and fits ISIC Section B and Division 07 (mining of metal ores); the 3-digit grouping for non‑ferrous metal ores is highly appropriate and the 4-digit class chosen (other non‑ferrous metal ores) is the best fit given publicly-available ISIC granularity for gold mining. The occupation is unambiguously a mining engineering professional role (graduate mine engineer) and maps well to ISCO-08 unit group 2146 (mining engineers, metallurgists and related professionals)."
25000,K - Financial and insurance activities,"64 - Financial service activities, except insurance and pension funding","649 - Other financial service activities, except insurance and pension funding","6499 - Other financial service activities, except insurance and pension funding n.e.c.",0.95,0.95,0.9,0.8,1 - Managers,"11 - Chief executives, senior officials and legislators",111 - Chief executives,1110 - Chief executives and senior officials (executive management),0.95,0.9,0.85,0.7,"This posting is for a senior executive (COO) at a finance/lending institution and clearly fits within ISIC section K (financial and insurance activities), most appropriately in division 64 (financial service activities, except insurance). Occupationally it is best classified among ISCO managers (chief executives / senior executives), though mapping to a specific 4-digit unit group has modest uncertainty because COOs can be recorded either as chief executives or as high-level functional/administrative managers depending on classification conventions."
25240,B - Mining and quarrying,07 - Mining of metal ores,072 - Mining of non-ferrous metal ores,0729 - Mining of other non-ferrous metal ores,0.95,0.92,0.85,0.7,3 - Technicians and associate professionals,35 - Information and communications technicians,351 - Information and communications technicians,3513 - Computer network and systems technicians,0.9,0.88,0.78,0.72,"This is an IT support/administration role embedded within a mining operation, so the economic activity is clearly mining (ISIC section B, division 07). The occupation is best mapped to an ICT technician/network & systems role (ISCO major group 3, information and communications technicians), reflecting the hands-on systems, network, server and user-support duties and the diploma-level requirement."
25239,B - Mining and quarrying,07 - Mining of metal ores,072 - Mining of non-ferrous metal ores,0729 - Mining of other non-ferrous metal ores,0.95,0.95,0.9,0.85,2 - Professionals,24 - Business and administration professionals,241 - Business professionals,2411 - Accountants,0.9,0.9,0.8,0.75,"The industry classification is straightforward and high-confidence: the employer operates a gold mine, so ISIC section B, division 07 (mining of metal ores) and class 0729 (other non‑ferrous metal ores) are appropriate. The occupation maps well to business/finance professionals — a cost controller performs accounting, forecasting and cost-analysis tasks consistent with ISCO accountancy (2411), though in some organisations the role may be coded as an accounting associate (lower ISCO level), hence a slightly lower confidence at the most detailed occupation level."
24731,B - Mining and quarrying,07 - Mining of metal ores,072 - Mining of non-ferrous metal ores,0720 - Mining of non-ferrous metal ores,0.99,0.99,0.98,0.95,2 - Professionals,21 - Science and engineering professionals,214 - Engineering professionals,"2146 - Mining engineers, metallurgists and related professionals",0.99,0.97,0.95,0.96,"This posting is a clear match to the mining industry (metal ores — gold) and to the mining engineering occupation: it describes an experienced underground mine planning/engineering role requiring a mining engineering degree and hands-on underground production planning. Classification confidence is high at industry and occupation major levels, with slightly lower but still strong confidence at the most detailed (4-digit) ISIC/ISCO levels."
25300,H - Transportation and storage,51 - Air transport,511 - Passenger air transport,5110 - Passenger air transport,0.95,0.95,0.9,0.85,3 - Technicians and associate professionals,31 - Physical and engineering science technicians,311 - Physical and engineering science technicians,3119 - Physical and engineering science technicians not elsewhere classified,0.9,0.8,0.7,0.6,"This posting is for a composite (aircraft) engineer within an airline maintenance organisation, so classifying the industry as air transport (ISIC H / 51 / 511 / 5110) is highly confident. The occupational mapping to ISCO Major Group 3 (technicians and associate professionals) is appropriate for an aircraft maintenance technician/certifying AME; the exact 4-digit ISCO unit group is less certain because ISCO does not have a single clearly matching unit for specialist aircraft composite repairers."
25385,I - Accommodation and food service activities,55 - Accommodation,551 - Short-term accommodation activities,5510 - Hotels and similar accommodation,0.99,0.99,0.98,0.95,4 - Clerical support workers,42 - Customer services clerks,422 - Client information clerks,4221 - Receptionists,0.9,0.88,0.8,0.7,"This vacancy is for a hotel-based role at Crowne Plaza Residences and maps clearly to ISIC 5510 (Hotels and similar accommodation). The occupation blends front-desk/concierge and administrative/project coordination tasks and is best represented under ISCO as a client information/receptionist role (4221), though part-administrative responsibilities introduce some uncertainty at the detailed unit-group level."
25129,P - Education,85 - Education,853 - Higher education,8530 - Higher education,0.95,0.95,0.9,0.9,4 - Clerical support workers,42 - Customer services clerks,,,0.85,0.6,0.3,0.2,"The employer is a university so the economic activity is confidently classified as Education (ISIC P / Division 85, specifically Higher education 8530). The occupational classification is less certain: the role is an administrative/alumni relations position best placed among clerical/customer-service occupations (ISCO major group 4 and sub-major 42), but the posting lacks detailed duties to assign a precise 3- or 4-digit ISCO unit group with high confidence."
25361,F - Construction,42 - Civil engineering,429 - Construction of other civil engineering projects,"4290 - Construction of other civil engineering projects, n.e.c.",0.98,0.95,0.85,0.75,2 - Professionals,24 - Business and administration professionals,"241 - Accountants, auditors and tax consultants",2411 - Accountants,0.99,0.97,0.95,0.93,"The employer is a civil engineering contractor so the economic activity best matches ISIC Section F, Division 42 (Civil engineering), classed to 4290 as a general civil engineering contractor. The job is a Senior Accountant role and clearly maps to ISCO-08 unit group 2411 (Accountants) within Business and administration professionals."
25050,B - Mining and quarrying,07 - Mining of metal ores,072 - Mining of non‑ferrous metal ores,,0.95,0.95,0.85,0.4,3 - Technicians and associate professionals,33 - Business and administration associate professionals,,,0.9,0.85,0.4,0.2,"The role is clearly based in the mining sector (gold open‑cut operation), so ISIC Section B and Division 07 (mining of metal ores), specifically non‑ferrous metal ore mining, are appropriate. The occupation is best placed among business and administration associate professionals (ISCO major/sub-major groups) — the posting describes contracts/ procurement administration rather than a senior manager or purely legal role, so precise ISCO unit‑group assignment is ambiguous from the text."
25085,C - Manufacturing,33 - Repair and installation of machinery and equipment,"331 - Repair of fabricated metal products, machinery and equipment",3312 - Repair of machinery,0.6,0.95,0.85,0.8,7 - Craft and related trades workers,"72 - Metal, machinery and related trades workers",723 - Machinery mechanics and fitters,7232 - Mobile heavy equipment mechanics and fitters,0.95,0.95,0.9,0.85,"This job is best classified as repair and installation of machinery and equipment (ISIC 33), since the role focuses on maintenance, repair and reconditioning of large earth‑moving equipment. Occupationally it maps to craft/trades workers (ISCO major group 7), specifically machinery mechanics and fitters (ISCO 723 and a unit group for mobile heavy equipment mechanics), with high confidence in occupation and division-level assignments and modest uncertainty only at the most granular ISIC/ISCO class labels."
24359,B - Mining and quarrying,07 - Mining of metal ores,072 - Mining of non‑ferrous metal ores,0729 - Mining of other non‑ferrous metal ores,0.99,0.98,0.96,0.87,4 - Clerical support workers,43 - Numerical and material-recording clerks,432 - Material-recording and transport clerks,4321 - Stock clerks and order fillers,0.92,0.9,0.88,0.82,"The employer is clearly a mining company operating a gold mine, so ISIC classification under Mining and quarrying → Mining of metal ores → Mining of non‑ferrous metal ores is highly certain. The role is a logistics/materials support position (handling import/export freight, registering deliveries, warehouse/ forklift work) and best fits ISCO as a material-recording/warehouse clerk (stock clerk), although the job title 'Officer' is generic which reduces unit-group certainty slightly."
25229,G - Wholesale and retail trade; repair of motor vehicles and motorcycles,"47 - Retail trade, except of motor vehicles and motorcycles",474 - Retail sale of information and communication equipment in specialised stores,,0.95,0.9,0.65,0.25,5 - Service and sales workers,52 - Sales workers,522 - Shop sales assistants and demonstrators,,0.95,0.9,0.7,0.25,"This posting is best classified in retail trade (ISIC Section G, Division 47) because it describes in-store/frontline sales support, order processing and customer service. The occupation fits within sales workers (ISCO major group 5, sub-major 52, minor group 522) as a shop-based sales/support role; finer-grained 4-digit class assignments are uncertain because the posting does not specify exact product category or precise sales occupational title."
24794,L - Real estate activities,68 - Real estate activities,681 - Buying and selling of own real estate,6810 - Buying and selling of own real estate,0.6,0.6,0.5,0.4,2 - Professionals,24 - Business and administration professionals,242 - Administration professionals,2423 - Personnel and careers professionals,0.9,0.85,0.8,0.75,"This is clearly an HR/employee services role and maps well to ISCO-08 unit group 2423 (Personnel and careers professionals). The ISIC assignment (L - Real estate activities, 68.10) is inferred from the employer name (Glory Estate Limited) and the employer website reference and is therefore less certain at the detailed 3- and 4-digit levels."
25206,H - Transportation and storage,52 - Warehousing and support activities for transportation,522 - Support activities for transportation,5220 - Service activities incidental to transportation,0.98,0.95,0.9,0.85,1 - Managers,13 - Production and specialised services managers,"132 - Supply, distribution and related managers","1326 - Supply, distribution and related managers",0.9,0.8,0.7,0.6,"The employer’s activities (fleet dispatching, driver coordination and fuel delivery) align well with ISIC H → Division 52 (support activities for transportation), so the industry classification is high confidence. The occupation is a supervisory/operational management role in logistics; it reasonably maps to ISCO managers of supply/distribution, though the exact unit-group is less certain because the title is a supervisor rather than a senior manager."
25313,B - Mining and quarrying,07 - Mining of metal ores,072 - Mining of non-ferrous metal ores,0729 - Mining of other non-ferrous metal ores,0.95,0.9,0.75,0.65,7 - Craft and related trades workers,"72 - Metal, machinery and related trades workers",723 - Motor mechanics and repairers,7232 - Motor vehicle electricians,0.95,0.75,0.8,0.6,"The role is clearly based at a mining site performing maintenance on heavy mobile equipment, so it maps to ISIC Section B (Mining and quarrying) and most specifically to mining of non‑ferrous metal ores (e.g., gold/copper). The occupation is a skilled trades role (auto/vehicle electrician for heavy equipment) that best fits ISCO major group 7 (craft and related trades) and the motor mechanics/vehicle electricians categories; confidence is high at the major-group level but lower at the most granular unit-group levels due to overlap between vehicle mechanic and electrical trades classifications."
25097,S - Other service activities,94 - Activities of membership organizations,949 - Activities of other membership organizations,9491 - Activities of religious organizations,0.9,0.88,0.75,0.85,2 - Professionals,"26 - Legal, social and cultural professionals",263 - Social and religious professionals,2631 - Social work professionals,0.95,0.85,0.8,0.9,"This role is best classified under ISIC as activities of a religious membership organization (a church) while the job function is a social/community-oriented professional role. The occupation mapping to social work professionals (GEDSI/community inclusion officer) is strong, though some elements (NGO/project management/education outreach) could also map to adjacent development or administrative categories."
25088,"M - Professional, scientific and technical activities",72 - Scientific research and development,721 - Research and experimental development on natural sciences and engineering,7210 - Research and experimental development on natural sciences and engineering,0.85,0.9,0.9,0.8,3 - Technicians and associate professionals,32 - Health associate professionals,325 - Community health workers,3251 - Community health workers,0.9,0.9,0.75,0.7,"This role is primarily a public-health/clinical research implementation position within a medical research organisation, so it is best classified under ISIC 72 (Scientific research and development). The occupation is a mid-level, field-based health worker role focused on community clinic-level activities, data collection and patient education, which aligns most closely with ISCO-08 community health workers (3251), though there is some overlap with nursing/health professional categories given the clinical background required."
25007,F - Construction,42 - Civil engineering,429 - Construction of other civil engineering projects,4290 - Construction of other civil engineering projects,0.95,0.9,0.8,0.7,3 - Technicians and associate professionals,31 - Science and engineering technicians,315 - Safety and quality inspectors,,0.95,0.85,0.9,0.3,"The vacancy is clearly for safety officers working on civil construction projects, so ISIC Section F (Construction) and Division 42 (Civil engineering) are appropriate. The role maps well to ISCO group 315 (Safety and quality inspectors / occupational health and safety officers) though the exact 4-digit unit group is not specified in the posting."
25345,K - Financial and insurance activities,"64 - Financial service activities, except insurance and pension funding","649 - Other financial service activities, except insurance and pension funding",6492 - Other credit granting,0.98,0.96,0.92,0.88,1 - Managers,"11 - Chief executives, senior officials and legislators",111 - Chief executives and senior officials,1110 - Chief executives,0.99,0.95,0.9,0.8,"This role is clearly within financial services (a lending institution) and best mapped to ISIC section K, division 64, specifically class 6492 'Other credit granting' given the focus on unsecured lending. The occupation is a top-level executive (COO) and maps to ISCO major group 1 as a chief executive-level manager; the exact 4-digit unit-group mapping to 'chief executives' is appropriate though slightly less certain than the higher-level manager classification."
25126,L - Real estate activities,68 - Real estate activities,682 - Renting and operating of own or leased real estate,6820 - Renting and operating of own or leased real estate,0.7,0.65,0.5,0.45,4 - Clerical support workers,43 - Numerical and material recording clerks,431 - Numerical and material recording clerks,4311 - Accounting and bookkeeping clerks,0.95,0.9,0.85,0.7,"The occupation is clearly a clerical/accounting support role (payroll processing), so ISCO-08 mapping to clerical and accounting/bookkeeping clerks is high-confidence. The employer name suggests a real-estate company while the posting labels the role as Accounting/Finance, so the ISIC industry mapping to Real Estate (division 68) is plausible but less certain at detailed (3- and 4-digit) levels."
25232,G - Wholesale and retail trade; repair of motor vehicles and motorcycles,"46 - Wholesale trade, except of motor vehicles and motorcycles","463 - Wholesale of food, beverages and tobacco","4630 - Wholesale of food, beverages and tobacco",0.95,0.9,0.85,0.8,1 - Managers,12 - Administrative and commercial managers,"122 - Sales, marketing and development managers",1221 - Sales and marketing managers,0.98,0.95,0.93,0.9,"This role is best classified as wholesale/retail trade (ISIC G, Division 46) because it focuses on distribution, outlet coverage and managing distributors/retailers for FMCG products. Occupationally it clearly fits the Sales/Marketing Manager category (ISCO-08 1221) as an area sales manager responsible for sales strategy, team coaching and channel management."
25072,H - Transportation and storage,49 - Land transport and transport via pipelines,492 - Freight transport by road,4920 - Freight transport by road and removal services,0.95,0.95,0.9,0.85,8 - Plant and machine operators and assemblers,83 - Drivers and mobile plant operators,833 - Drivers and mobile plant operators,8332 - Heavy truck and lorry drivers,0.95,0.95,0.9,0.75,"This posting is best classified in the Transportation and storage sector (ISIC H), specifically freight transport by road (ISIC 49/492/4920), because the role is for a fuel tanker driver operating on road delivery routes. The occupation maps to the ISCO drivers group (Major Group 8 → Sub-major 83 → minor group 833) and most closely to heavy truck/lorry drivers (unit group 8332), although the formal training/coaching duties introduce a small degree of uncertainty at the most detailed occupational digit level."
25390,Q - Human health and social work activities,88 - Social work activities without accommodation,88.9 - Other social work activities without accommodation,88.99 - Other social work activities without accommodation n.e.c.,0.8,0.8,0.75,0.7,2 - Professionals,"26 - Legal, social and cultural professionals",263 - Social and related professionals,2634 - Social work professionals,0.95,0.7,0.65,0.6,"The employer is an international development NGO providing community-level social services and monitoring/evaluation support, which best fits ISIC Section Q (Human health and social work activities), specifically social work activities without accommodation. The role is a professional-level MEAL (Monitoring, Evaluation, Accountability & Learning) officer performing social/programme monitoring, data analysis and community engagement tasks, which aligns most closely with ISCO social/social‑work professional categories though mapping to a single unit group is somewhat uncertain due to overlap with research/administration functions."
24796,H - Transportation and storage,52 - Warehousing and support activities for transportation,522 - Support activities for transportation,5229 - Other transportation support activities,0.9,0.8,0.6,0.4,4 - Clerical support workers,43 - Numerical and material recording clerks,432 - Material-recording and transport clerks,4321 - Stock clerks and records clerks,0.8,0.7,0.6,0.5,"The role is best classified within Transportation and storage (support activities for transportation) because it focuses on coordinating and maintaining a vehicle fleet and related logistics. At the occupation level it most closely matches clerical/administrative transport support (fleet/transport records and coordination), although exact unit-group placement is somewhat uncertain because the role combines administrative, supervisory and driving duties."
25159,P - Education,85 - Education,853 - Higher education,8530 - Higher education,0.98,0.98,0.97,0.97,2 - Professionals,21 - Science and engineering professionals,"214 - Architects, town and traffic planners and surveyors",2143 - Surveyors,0.8,0.78,0.85,0.7,"The employer is a university (PNG University of Technology), so the economic activity is clearly classified under ISIC Rev.4 Section P, Division 85, Group 853 (Higher education) with high confidence. The job is a surveying role — likely a professional surveyor given the senior technical title and placement within a higher-education engineering context — so it has been classified under ISCO-08 as a surveyor (2143) though there is some uncertainty because the title could alternatively indicate a technician/associate professional position."
25057,O - Public administration and defence; compulsory social security,84 - Public administration and defence; compulsory social security,841 - Administration of the state and the economic and social policy of the community,8411 - Administration of the State and the economic and social policy of the community,0.95,0.95,0.9,0.85,1 - Managers,12 - Business and administration managers,121 - Business services and administration managers,1212 - Human resource managers,0.98,0.95,0.9,0.88,"This posting is a senior human resources management role within a provincial government administration and therefore maps clearly to ISIC Section O (Public administration) and Division 84. The occupational match is strongly to ISCO Human Resource Managers (unit group 1212) given the strategic HR leadership, policy and advisory responsibilities described."
24881,B - Mining and quarrying,07 - Mining of metal ores,072 - Mining of non-ferrous metal ores,0729 - Mining of other non-ferrous metal ores,0.99,0.98,0.97,0.95,3 - Technicians and associate professionals,31 - Science and engineering technicians,311 - Physical and engineering science technicians,3112 - Building and related trades supervisors,0.9,0.85,0.75,0.65,"The employer and job duties clearly place this role within the mining sector (non‑ferrous metal ores — gold), so ISIC classification B / 07 / 072 / 0729 is appropriate with high confidence. The occupation is a construction supervisor overseeing underground infrastructure; this maps best to ISCO as a building- and related-trades supervisor (technicians/associate professionals), though there is some ambiguity whether the role should be classed with construction supervisors under supervisory/managerial codes in other ISCO branches, so occupational confidence is moderate."
24859,I - Accommodation and food service activities,55 - Accommodation,55.1 - Hotels and similar accommodation,55.10 - Hotels and similar accommodation,0.8,0.8,0.78,0.75,5 - Service and sales workers,52 - Sales workers,522 - Shop sales assistants and shopkeepers,,0.95,0.9,0.6,0.2,"The employer appears to be a hotel/hospitality business and the role is sales-focused for hotel products/services, so ISIC classification under Accommodation (Section I, Division 55, Class 55.10) is appropriate with moderate-to-high confidence. The occupation clearly falls under sales workers (ISCO major group 5, sub-major 52); however, the exact 4-digit unit group is ambiguous from the ad (field sales/commission-based consultants not explicitly a shop or a specific sales unit), so a precise unit-group code could not be assigned with high confidence."
25060,O - Public administration and defence; compulsory social security,84 - Public administration and defence; compulsory social security,841 - Administration of the State and the economic and social policy of the community,,0.95,0.95,0.9,0.3,2 - Professionals,"26 - Legal, social and cultural professionals",261 - Legal professionals,2611 - Lawyers,0.95,0.9,0.9,0.9,"The role is a provincial government legal officer providing legal advice, legislative drafting and public policy support, which clearly places it in public administration (ISIC Section O, Division 84) and in the legal professionals category (ISCO-08: Lawyers, 2611). The occupational classification is high-confidence given the explicit law degree/license and duties; the ISIC 4-digit class is less certain because the precise administrative class code for subnational government legal services is not explicitly stated in the posting."
25382,L - Real estate activities,68 - Real estate activities,682 - Renting and operating of own or leased real estate,6820 - Renting and operating of own or leased real estate,0.95,0.95,0.9,0.9,7 - Craft and related trades workers,71 - Building and related trades workers,719 - Other building and related trades workers,7199 - Other building and related trades workers not elsewhere classified,0.9,0.8,0.6,0.5,"The employer is a property company responsible for estates and tenant services, so the economic activity best fits ISIC Section L, Division 68 and Class 6820 (renting and operating of own or leased real estate). The job is a first-line maintenance/facilities supervisor overseeing building- and systems-related trades (plumbing, electrical, general maintenance), so it maps to ISCO major group 7 (craft and related trades workers) with moderate confidence at detailed levels because supervisory/managerial elements overlap with manager categories."
24944,K - Financial and insurance activities,"64 - Financial service activities, except insurance and pension funding",64.1 - Monetary intermediation,64.19 - Other monetary intermediation,0.95,0.95,0.9,0.85,2 - Professionals,24 - Business and administration professionals,242 - Administration professionals,2421 - Management and organisation analysts,0.9,0.85,0.8,0.65,"The position is clearly within the financial services sector (development banking) and best mapped to ISIC section K, division 64 (financial intermediation), specifically other monetary intermediation. The role is a professional-level policy/administration position (policy drafting, governance, stakeholder coordination) and maps to ISCO as a business/administration professional (administration/management analyst), though the exact unit-group match is less certain due to overlap between policy, governance and legal/administrative functions."
25324,P - Education,85 - Education,853 - Higher education,8530 - Higher education,0.99,0.99,0.97,0.97,1 - Managers,12 - Administrative and commercial managers,"122 - Sales, marketing and development managers",1221 - Sales and marketing managers,0.95,0.9,0.88,0.85,"This posting is clearly for a senior marketing role within a tertiary education institution, so ISIC classification under P - Education (85, higher education 853/8530) is a direct fit. The occupation maps well to ISCO-08 Managers (specifically sales/marketing managers 1221), with high confidence at the major-group level and slight uncertainty at the most specific unit-group level due to overlapping naming conventions between sales, marketing and related managerial categories."
25008,F - Construction,42 - Civil engineering,429 - Construction of other civil engineering projects,4290 - Construction of other civil engineering projects,0.95,0.9,0.85,0.8,3 - Technicians and associate professionals,33 - Business and administration associate professionals,"332 - (Purchasing and related associate professionals / Sales, marketing and public relations associate professionals)",3322 - Purchasing and supply officers,0.85,0.8,0.7,0.65,"The employer is a civil construction firm so ISIC F (Construction), Division 42 (Civil engineering), Group 429 (other civil engineering projects) is the best fit. The role is an operational procurement/administrative position and maps to ISCO as Purchasing and Supply Officers (unit group 3322) though deeper ISCO subgrouping is slightly uncertain from the brief posting."
25325,H - Transportation and storage,52 - Warehousing and support activities for transportation,522 - Support activities for transportation,5222 - Service activities incidental to water transportation,0.9,0.85,0.8,0.7,4 - Clerical support workers,43 - Numerical and material recording clerks,431 - Numerical and material recording clerks,4311 - Accounting and bookkeeping clerks,0.95,0.9,0.9,0.85,"The employer operates in maritime logistics/crew services, which best fits ISIC Section H with a more specific placement in warehousing/support activities for transportation and service activities incidental to water transportation (5222). The job itself is a payroll/accounting clerical role and maps clearly to ISCO-08 as an accounting and bookkeeping clerk (payroll clerk), though there is some uncertainty at the most detailed ISIC class level about whether the firm should be classified as sea transport operator (50) or a transport support service (5222)."
25075,G - Wholesale and retail trade; repair of motor vehicles and motorcycles,"47 - Retail trade, except of motor vehicles and motorcycles",477 - Retail sale of other goods in specialised stores,,0.95,0.9,0.7,0.2,2 - Professionals,24 - Business and administration professionals,,,0.75,0.6,0.2,0.1,"The employer is a retail-focused group (city pharmacy, hardware, apparel, grocery), so the economic activity is best classified within ISIC Section G and Division 47 (retail trade) with high confidence; the exact 4-digit retail class is uncertain because the group covers multiple specialised retail lines. The role is a generic graduate development/trainee program recruiting across business, finance, IT, HR and medical streams, so it is broadly classifiable as ISCO Major Group 2 (Professionals), leaning toward business and administration professionals, but specific minor/unit-group assignment is not determinable from the posting."
25328,P - Education,85 - Education,853 - Higher education,8530 - Higher education,0.95,0.95,0.96,0.96,1 - Managers,13 - Education managers,134 - School and higher education managers,1343 - School principals and head teachers,0.9,0.75,0.65,0.55,"The vacancy is clearly for a senior educational leadership role within a higher education institution (a School of Nursing), so ISIC classification as Higher education (P / 85 / 853 / 8530) is highly confident. The ISCO classification as an education manager (school/college principal) is appropriate, but exact assignment to a single 4-digit ISCO unit-group is less certain because the role combines academic leadership, managerial duties and some teaching responsibilities."
25233,C - Manufacturing,,,,0.7,0.2,0.1,0.1,4 - Clerical support workers,43 - Numerical and material-recording clerks,431 - Numerical clerks,4311 - Accounting and bookkeeping clerks,0.95,0.9,0.85,0.8,"The occupational classification is clear and highly confident: this role is a clerical accounting position (invoicing/accounting & bookkeeping clerk). The employer's primary economic activity is less certain from the posting (company name suggests manufacturing/agricultural and the ad focuses on sales/invoicing), so I assigned Manufacturing at the ISIC 1-digit level with moderate confidence and left more detailed ISIC digits unspecified due to insufficient evidence."
25100,S - Other service activities,94 - Activities of membership organisations,949 - Activities of other membership organisations,9490 - Activities of other membership organisations,0.9,0.95,0.9,0.8,2 - Professionals,"26 - Legal, social and cultural professionals",263 - Social and religious professionals,2634 - Religious professionals,0.85,0.75,0.65,0.6,"This posting is clearly for a faith-based (church) youth coordination role and fits well within ISIC division 94 (membership organisations / religious organisations). Occupationally it aligns with social/religious professional work (religious professionals/community youth coordinator), though finer ISCO unit-group assignment is less certain because the role blends pastoral, community development and coordination tasks."
24187,H - Transportation and storage,52 - Warehousing and support activities for transportation,522 - Support activities for transportation,5221 - Service activities incidental to land transportation,0.95,0.9,0.75,0.55,7 - Craft and related trades workers,"72 - Metal, machinery and related trades workers",723 - Motor mechanics and repairers,7231 - Motor vehicle mechanics,0.98,0.95,0.95,0.95,"The employer is a freight-forwarding/logistics company, so the economic activity is best classified under Transportation and storage (support activities for transportation). The role itself is clearly a motor vehicle/heavy truck mechanic and maps with high confidence to ISCO-08 unit group 7231 (Motor vehicle mechanics)."
25154,P - Education,85 - Education,85.4 - Higher education,,0.95,0.95,0.9,0.2,2 - Professionals,24 - Business and administration professionals,"243 - Archivists, librarians and related information professionals",2432 - Librarians and related information professionals,0.95,0.9,0.95,0.95,"The posting is for a Reader Services Supervisor at a university library, so the employer activity is best classified under Education (higher education) in ISIC Rev.4 (Section P, Division 85, Group 85.4). The occupation aligns closely with ISCO-08 unit group 2432 (Librarians and related information professionals); the industry classification is highly certain at the section/division/group levels but the precise 4-digit ISIC class for university-affiliated library support is less certain."
25092,I - Accommodation and food service activities,55 - Accommodation,551 - Short-term accommodation activities,5510 - Hotels and similar accommodation,0.98,0.97,0.96,0.95,2 - Professionals,24 - Business and administration professionals,241 - Accounting professionals,2411 - Accountants,0.95,0.9,0.8,0.75,"The vacancy is for an internal auditor role embedded in a hotel operation, so the economic activity clearly maps to ISIC I / 55 / 551 / 5510 (hotels and similar accommodation). The occupation is best classified within ISCO-08 as a business/accounting professional (accountant/internal auditor), which fits under Major Group 2 and the Business & Administration professionals subgroup, though the exact unit-group (accountant) is assigned with slightly lower confidence because 'internal auditor' can overlap with other finance/audit specializations."
25056,O - Public administration and defence; compulsory social security,84 - Public administration and defence; compulsory social security,841 - Public administration,8411 - General public administration activities,0.99,0.95,0.8,0.65,1 - Managers,12 - Administrative and commercial managers,121 - Business services and administration managers,1211 - Finance managers,1.0,0.9,0.8,0.7,"This is a senior finance/budget and asset management leadership role within a provincial government administration, so it fits clearly within ISIC Section O (public administration) and the ISCO managers group. Minor uncertainty exists for the most detailed 3- and 4-digit ISIC/ISCO classes because subnational/provincial public administration and combined finance/asset management functions can map to several closely related subclassifications."
25201,L - Real estate activities,68 - Real estate activities,683 - Real estate activities on a fee or contract basis,6831 - Real estate agencies,0.95,0.95,0.9,0.9,5 - Service and sales workers,52 - Sales workers,,,0.95,0.9,0.25,0.2,"The posting is clearly for entry-level sales work in the real estate sector, so ISIC mapping to L / 68 / 683 / 6831 (real estate agencies) is confident. The occupation is clearly in the sales area (ISCO major group 5, sub-major 52), but the posting lacks detail to assign a specific ISCO 3- or 4-digit unit group with confidence (intern role and limited task detail)."
25254,C - Manufacturing,10 - Manufacture of food products,"10.6 - Manufacture of grain mill products, starches and starch products",10.61 - Manufacture of grain mill products,0.9,0.9,0.8,0.75,5 - Service and sales workers,52 - Sales workers,522 - Shop sales assistants and display persons,5223 - Merchandiser,0.95,0.92,0.88,0.8,"The employer (Trukai Industries) is a food/FMCG company best classified under ISIC C - Manufacturing, specifically Manufacture of food products (10) and most likely Manufacture of grain mill products (10.61). The job is clearly a sales/merchandising role and maps well to ISCO as a sales worker (52), specifically a shop/display person/merchandiser (522/5223), though the exact 4-digit ISCO unit has slightly lower confidence."
23366,H - Transportation and storage,51 - Air transport,511 - Passenger air transport,5110 - Passenger air transport,0.95,0.95,0.9,0.85,3 - Technicians and associate professionals,33 - Business and administration associate professionals,333 - Business services agents and trade brokers,3332 - Customs and freight agents,0.9,0.85,0.8,0.75,"Industry classification is straightforward: the employer is an airline, so classifying the posting under Transportation and storage → Air transport (ISIC 51 / Class 5110) is appropriate and highly confident. The occupation matches a customs/freight brokerage role (requires a customs broker license, handles customs clearance, documentation and freight coordination), so classifying it under ISCO as Customs and freight agents (unit group 3332 within Business and administration associate professionals) is a best fit though there is some ambiguity with lower-skilled transport/clerical roles."
25218,P - Education,85 - Education,853 - Higher education,8530 - Higher education,0.95,0.95,0.95,0.9,1 - Managers,12 - Administrative and commercial managers,121 - Business services and administration managers,1219 - Business services and administration managers not elsewhere classified,0.85,0.85,0.75,0.6,"The employer is a private higher-education institution, so the economic activity is confidently classifiable as P / 85 / 853 / 8530 (Higher education). The occupational classification is less certain: the role is a first-line/team manager overseeing QA, audits and compliance and is therefore mapped to managerial categories (Administrative/Business services managers) rather than a pure professional/technical auditor category; lower-level ISCO digits are given with moderate confidence due to overlap between management and specialized auditing/accounting functions."
25124,B - Mining and quarrying,06 - Extraction of crude petroleum and natural gas,061 - Extraction of crude petroleum and natural gas,0610 - Extraction of crude petroleum and natural gas,0.85,0.9,0.9,0.9,1 - Managers,12 - Administrative and commercial managers,121 - Business services and administration managers,1219 - Business services and administration managers not elsewhere classified,0.95,0.9,0.85,0.6,"The employer is described as a multinational energy company active in oil & gas (with renewables exposure), so classifying the economic activity under ISIC B/06/061/0610 (extraction of crude petroleum and natural gas) is appropriate and reasonably confident. The role is a senior commercial/contracts manager responsible for JV/shareholder and commercial agreements, which maps well to ISCO-08 major group 'Managers' → 'Administrative and commercial managers' → 'Business services and administration managers' (unit-group mapping to 1219 is plausible though somewhat less certain because the role overlaps legal, commercial and project governance functions)."
24918,B - Mining and quarrying,07 - Mining of metal ores,072 - Mining of non-ferrous metal ores,0729 - Mining of other non-ferrous metal ores,0.98,0.95,0.9,0.85,7 - Craft and related trades workers,74 - Electrical and electronic trades workers,741 - Electrical and electronic equipment mechanics and fitters,7411 - Electrical mechanics and fitters,0.9,0.85,0.85,0.8,"The employer and job duties (pump diagnosis, rebuilding, testing at a gold mine) clearly place this role in the mining sector, specifically mining of non‑ferrous metal ores (gold). The occupation is best classified among craft/electrical trades (electrical/mechanical pump mechanic/fitter) — the posting is fairly specific about tasks but covers both mechanical and electrical work, so the ISCO assignment is moderately certain."
25359,C - Manufacturing,10 - Manufacture of food products,"106 - Manufacture of grain mill products, starches and starch products",1061 - Manufacture of grain mill products,0.9,0.85,0.7,0.6,5 - Service and sales workers,52 - Sales workers,522 - Shop sales assistants and demonstrators,5223 - Demonstrators and product promoters,0.95,0.9,0.85,0.75,"The employer (Trukai Industries) is principally a food manufacturer, so the job is classified to ISIC section C and Division 10 (manufacture of food products), with a more specific assignment to grain-mill product manufacture (1061) based on the employer's known business. The occupation is clearly a retail/field sales role focused on in-store merchandising and product promotion, best mapped to ISCO as a demonstrator/product promoter (5223); note some ambiguity because the job is sales-facing (retail) while the employer is a manufacturer, which slightly lowers specificity for the 4-digit ISIC and ISCO levels."
24986,H - Transportation and storage,51 - Air transport,511 - Passenger air transport,5110 - Passenger air transport,0.95,0.98,0.92,0.9,7 - Craft and related trades workers,71 - Building and related trades workers,711 - Building frame and related trades workers,7112 - Carpenters and joiners,0.99,0.98,0.95,0.9,"This job is an in-house carpenter role employed by an airline company, so the enterprise-level industry classification is best mapped to Air transport (ISIC 51 / Section H). The occupation is clearly a skilled carpentry/trades role and maps well to ISCO-08 Carpenters and joiners (unit group 7112) with high confidence."
24882,B - Mining and quarrying,07 - Mining of metal ores,072 - Mining of non-ferrous metal ores,0722 - Mining of non-ferrous metal ores (including gold ores),0.99,0.98,0.85,0.75,7 - Craft and related trades workers,"72 - Metal, machinery and related trades workers",723 - Motor vehicle mechanics and repairers (minor group),7231 - Motor vehicle mechanics and repairers,0.95,0.9,0.92,0.97,"The employer is a mining company operating a gold mine, so ISIC Section B and Division 07 (mining of metal ores) are highly appropriate; the more specific ISIC 3- and 4-digit classes point to non-ferrous/precious metal ore mining (classification at the 4-digit level is somewhat less certain without the exact ISIC class label). The job is a vehicle/auto technician role responsible for light vehicle maintenance on site, which maps clearly to ISCO-08 unit group 7231 (Motor vehicle mechanics and repairers) with high confidence."
24985,H - Transportation and storage,50 - Water transport,501 - Sea and coastal water transport,5010 - Sea and coastal water transport,0.95,0.9,0.9,0.85,1 - Managers,12 - Administrative and commercial managers,,,0.95,0.85,0.4,0.2,"The position is with a maritime shipping company and concerns crewing (recruitment, documentation, compliance) for vessels, so it falls under ISIC Section H, Division 50 (water transport). Occupationally the role is managerial and administrative (crewing/HR operations) so it maps to ISCO major group 1 (Managers) and most closely to administrative/commercial management (sub-major 12); the exact ISCO minor/unit group is uncertain because the role blends HR, operations and shipping-specific duties."
25187,Q - Human health and social work activities,86 - Human health activities,869 - Other human health activities,8690 - Other human health activities,0.95,0.92,0.88,0.85,1 - Managers,12 - Administrative and commercial managers,121 - Business services and administration managers,,0.9,0.86,0.8,0.35,"The position is best classified to the human health sector (ISIC Section Q, Division 86) because it supports an NGO tuberculosis program and provides operational/logistical support for health service delivery. Occupationally, the role is an administrative/operations manager (ISCO major group 1, administrative managers), though the precise 4-digit ISCO unit group is uncertain from the posting and is therefore left unspecified."
24955,N - Administrative and support service activities,81 - Services to buildings and landscape activities,811 - Combined facilities support activities,8110 - Combined facilities support activities,0.9,0.85,0.8,0.75,1 - Managers,12 - Business services and administration managers,121 - Business services and administration managers,1219 - Business services and administration managers (including facilities managers),0.95,0.75,0.55,0.5,"The role is best classified within ISIC as services to buildings/facilities (combined facilities support activities) because the core duties are facilities, property maintenance and fleet management rather than primary construction production. For ISCO, the position clearly falls under Managers; it most closely matches business/administration managers (facility management) though the exact 4-digit unit-group mapping is moderately uncertain due to overlap with construction or transport management functions."
24475,B - Mining and quarrying,07 - Mining of metal ores,072 - Mining of non-ferrous metal ores,0729 - Mining of other non-ferrous metal ores,0.95,0.9,0.85,0.75,1 - Managers,13 - Production and specialised services managers,,,0.95,0.65,0.2,0.1,"This posting is clearly in the mining sector (owner/operator of a gold mine), so ISIC is classified under Mining and quarrying, specifically non‑ferrous metal ores (gold). The occupation is a managerial/community‑relations role (superintendent for community affairs/land access) and therefore mapped at the ISCO major group level to Managers, but the posting lacks the precise ISCO minor/unit group details (e.g., exact mine‑operations vs. community‑service manager unit) so lower ISCO digits are left unspecified."
24801,H - Transportation and storage,52 - Warehousing and support activities for transportation,521 - Warehousing and storage,5210 - Warehousing and storage,0.95,0.9,0.8,0.75,1 - Managers,13 - Production and specialised services managers,"132 - Supply, distribution and related managers","1323 - Logistics, storage and distribution managers",0.97,0.9,0.9,0.85,"This posting fits well within Transportation and Storage (ISIC H), specifically warehousing and support activities for transportation (Division 52), because the role centers on managing contract logistics, warehousing operations and transport coordination. The occupation maps strongly to ISCO-08 Logistics, storage and distribution managers (a managerial supply/distribution role) given the supervisory, KPI/contract, WMS and operational-responsibility duties, though some transport-forwarding elements introduce modest ambiguity between pure warehousing versus broader transport-support classes."
24921,B - Mining and quarrying,07 - Mining of metal ores,072 - Mining of non-ferrous metal ores,,0.95,0.9,0.7,0.3,4 - Clerical support workers,41 - General and keyboard clerks,411 - General office clerks,4110 - General office clerks,0.95,0.9,0.85,0.6,"The employer and posting clearly identify a mining employer (Woodlark Mining) so the business activity maps well to ISIC section B and division 07 (mining of metal ores); the exact 4-digit class (specific metal/mineral code) is less certain from the posting so a lower confidence is given at the class level. The role is an HR administrative/clerical support position and fits best under ISCO major group 4 (clerical support workers), specifically as a general office/HR clerk, with high confidence for the major/sub-major levels and moderate confidence for the detailed unit-group level."
25017,B - Mining and quarrying,06 - Extraction of crude petroleum and natural gas,061 - Extraction of crude petroleum and natural gas,0610 - Extraction of crude petroleum and natural gas,1.0,0.99,0.98,0.98,1 - Managers,13 - Production and specialised services managers,,,0.85,0.6,0.25,0.1,"The employer and role are clearly situated in the oil and gas extraction industry (ISIC 0610) since Santos operates petroleum and gas fields. The occupational classification is less certain: the role functions as a regional fleet/operations coordinator with supervisory, technical and administrative duties and therefore maps to the managerial major group (Managers, ISCO major group 1) and likely sits within production/specialised services management, but the exact minor/unit group cannot be determined confidently from the posting."
25010,G - Wholesale and retail trade; repair of motor vehicles and motorcycles,45 - Wholesale and retail trade and repair of motor vehicles and motorcycles,451 - Sale of motor vehicles,4510 - Sale of motor vehicles,0.97,0.96,0.95,0.92,5 - Service and sales workers,52 - Shop salespersons and demonstrators,522 - Shop salespersons,5221 - Shop salespersons,0.95,0.9,0.85,0.65,"This posting is clearly for retail sales of motor vehicles at a branded dealership, so the ISIC classification (G / 45 / 451 / 4510 — Sale of motor vehicles) is a strong fit. The occupational classification as a shop/retail salesperson (ISCO major group 5, sub-major 52, minor 522) is appropriate for a dealership sales consultant, though there is some ambiguity whether the role is purely showroom retail or a more field-oriented sales representative, which lowers confidence at the most detailed ISCO unit-group level."
25358,B - Mining and quarrying,07 - Mining of metal ores,072 - Mining of non-ferrous metal ores,0729 - Mining of other non-ferrous metal ores,0.99,0.98,0.96,0.93,1 - Managers,13 - Production and specialised services managers,"132 - Manufacturing, mining and construction managers",1322 - Mining production managers,0.92,0.88,0.8,0.7,"This is a managerial role (Superintendent) responsible for mobile equipment maintenance and supervision at an underground gold mine, so ISIC B / 07 / 072 / 0729 (mining of non‑ferrous metal ores) is appropriate. The ISCO placement in Managers → Production and specialised services managers (unit group for mining production managers) fits the supervisory/operational management duties, though exact unit-group assignment is somewhat less certain because the title covers maintenance supervision within mining operations."
24922,P - Education,85 - Education,854 - Higher education,8540 - Higher education,0.95,0.95,0.95,0.95,2 - Professionals,24 - Business and administration professionals,242 - Administration professionals,2422 - Human resource professionals,0.9,0.85,0.8,0.6,"The employer is a university, so the economic activity is clearly Education (higher education). The role is an HR/recruitment administrative officer; it best fits ISCO as a human resource/administration professional (classification at the detailed unit-group level is somewhat less certain because the post blends clerical, administrative and HR specialist tasks)."
25246,B - Mining and quarrying,07 - Mining of metal ores,072 - Mining of non-ferrous metal ores,,0.95,0.9,0.7,0.3,1 - Managers,13 - Production and specialized services managers,"132 - Manufacturing, mining and construction managers",,0.85,0.65,0.55,0.3,"The employer is an operating gold mine (Kainantu Gold Mine), so the economic activity is confidently classified under Mining and quarrying, specifically mining of metal ores (non‑ferrous/precious metals). The role is a logistics/supply-chain officer with supervisory responsibilities on site, so it maps to managerial occupations within production/mining operations at the higher ISCO levels; however, the exact 4‑digit ISIC and ISCO unit groups are less certain from the posting alone because job titles are generic and some duties overlap between clerical, technical and managerial functions."
25354,B - Mining and quarrying,07 - Mining of metal ores,072 - Mining of non-ferrous metal ores,0722 - Mining of gold,0.99,0.97,0.92,0.85,2 - Professionals,24 - Business and administration professionals,242 - Administration professionals,2422 - Personnel and careers professionals,0.9,0.88,0.82,0.8,"The employer is a gold mining company (Simberi Gold/St Barbara) so the economic activity is best classified under ISIC Section B, Division 07 (mining of metal ores) and specifically mining of gold. The role is a senior human resources officer — a human resources personnel/professional position — which maps well to ISCO as Personnel and Careers Professionals (2422) rather than a generic clerical or line manager role."
25033,B - Mining and quarrying,07 - Mining of metal ores,072 - Mining of non‑ferrous metal ores,0729 - Mining of other non‑ferrous metal ores,0.99,0.95,0.9,0.85,3 - Technicians and associate professionals,31 - Physical and engineering science technicians,"312 - Mining, manufacturing and construction supervisors",3121 - Mining supervisors,0.9,0.7,0.92,0.8,"The posting is clearly for a supervisory dispatch role embedded in a gold mining operation, so the ISIC classification as Mining (B → 07 → 072 → 0729) is appropriate with high confidence. The occupational classification is best mapped to mining supervisors (ISCO 312 / unit group 3121) because the role supervises dispatch operations and staff within a mining context, though some elements overlap with logistics/transport supervision which slightly lowers sub‑level confidence."
25248,B - Mining and quarrying,07 - Mining of metal ores,072 - Mining of non-ferrous metal ores,0729 - Mining of other non-ferrous metal ores,0.98,0.96,0.92,0.88,2 - Professionals,24 - Business and administration professionals,242 - Administration professionals,2422 - Personnel and careers professionals,0.9,0.88,0.8,0.75,"The employer and job are clearly tied to mining operations (Hidden Valley mine), so the activity is best classified under ISIC Section B, Division 07 (mining of metal ores), most specifically 0729 for other non‑ferrous metal ores (e.g., gold). The role is an HR Officer performing personnel administration and HR information-system duties and maps well to ISCO-08 unit group 2422 (Personnel and careers professionals), though there is minor ambiguity between a 'professional' versus senior clerical classification given the administrative emphasis."
25054,O - Public administration and defence; compulsory social security,84 - Public administration and defence; compulsory social security,841 - Administration of the State and the economic and social policy of the community,,0.95,0.95,0.9,0.3,1 - Managers,11 - Legislators and senior officials,111 - Senior government officials (public administration),,0.95,0.8,0.75,0.3,"This position is clearly a senior public‑sector management role in provincial government, so ISIC Section O (division 84) is an appropriate industry classification. Occupationally it belongs to the Managers major group and more specifically to senior government officials; precise assignment to a single ISCO unit group is less certain from the posting text alone, so the 4‑digit ISCO and ISIC class levels are left unspecified."
25252,B - Mining and quarrying,07 - Mining of metal ores,072 - Mining of non-ferrous metal ores,,0.99,0.95,0.85,0.25,8 - Plant and machine operators and assemblers,81 - Stationary plant and machine operators,811 - Stationary plant and machine operators (mining),,0.95,0.9,0.7,0.2,"The role is clearly in the mining sector (open-pit mine control/dispatch) so ISIC at section and division levels is highly certain; commodity-specific 4-digit class is less certain from the posting alone (Hidden Valley is a gold mine, suggesting non‑ferrous metal ores). Occupationally, this is an operator role for mine control systems best placed among stationary plant and machine operators in ISCO (operator/dispatch functions), but assigning a precise 4‑digit unit group is uncertain from the job text."
25028,H - Transportation and storage,52 - Warehousing and support activities for transportation,522 - Support activities for transportation,,0.95,0.95,0.9,0.2,1 - Managers,13 - Production and specialised services managers,"132 - Manufacturing, mining, construction and distribution managers","1324 - Supply, distribution and related managers",0.95,0.85,0.85,0.75,"The vacancy is clearly for a logistics/transport support role (freight forwarding, customs clearance, cargo handling and shipment coordination), which fits ISIC Section H and Division 52 (support activities for transportation) with high confidence. The position is a supervisory/managerial logistics role (overseeing freight operations, customs clearance and a logistics team), so it maps best to ISCO as a supply/distribution manager (Managers major group) though the exact 4-digit managerial unit may vary by national interpretation."
25304,F - Construction,43 - Specialised construction activities,433 - Building completion and finishing,4330 - Building completion and finishing,0.99,0.9,0.75,0.6,7 - Craft and related trades workers,71 - Building and related trades workers,712 - Building frame and related trades workers,7122 - Carpenters and joiners,0.99,0.95,0.85,0.9,"The vacancy is clearly in the Construction sector (ISIC F), most closely matching specialised construction activities such as building completion and finishing. The occupational match is strong: the role is a senior carpenter (trade worker) and maps to ISCO major group 7 and the unit group for carpenters/joiners with high confidence."
25178,B - Mining and quarrying,06 - Extraction of crude petroleum and natural gas,061 - Extraction of crude petroleum and natural gas,0610 - Extraction of crude petroleum and natural gas,0.98,0.98,0.95,0.95,2 - Professionals,24 - Business and administration professionals,241 - Accountants,2411 - Accountants,0.85,0.85,0.75,0.7,"The employer operates in oil and gas extraction, so the posting maps clearly to ISIC Section B, Division 06 (Extraction of crude petroleum and natural gas). The role is a senior financial planning and reporting accountant/analyst (CPA/CA required) and best fits ISCO as a business/administration professional (Accountant), though there is moderate ambiguity between a senior professional accountant and a finance manager due to team‑lead responsibilities."
25031,"A - Agriculture, forestry and fishing","01 - Crop and animal production, hunting and related service activities",014 - Animal production,0149 - Raising of other animals,0.9,0.9,0.85,0.75,4 - Clerical support workers,43 - Numerical and material recording clerks,432 - Material-recording clerks,4321 - Stock clerks and records-keepers,0.95,0.9,0.9,0.8,"The employer is a poultry/egg producer so the economic activity is best classified in ISIC A (01 Crop and animal production), specifically animal production (class 0149 for raising of other animals including poultry). The role is a procurement/inventory clerk handling purchase orders and stock records, which corresponds well to ISCO-08 material-recording clerks (432) and more specifically stock clerks and records-keepers (4321); minor uncertainty exists because the company also undertakes distribution/marketing activities which could point to other ISIC classes depending on the primary establishment activity."
25132,"R - Arts, entertainment and recreation","91 - Libraries, archives, museums and other cultural activities","910 - Libraries, archives, museums and other cultural activities",9101 - Library and archive activities,0.95,0.95,0.9,0.9,2 - Professionals,"26 - Legal, social and cultural professionals","262 - Librarians, archivists and curators",2621 - Librarians and related information professionals,0.98,0.95,0.92,0.9,"The job is an Acquisitions Librarian at a university library, which maps clearly to ISIC R (Division 91) — specifically class 9101 (Library and archive activities) — and to ISCO-08 unit group 2621 (Librarians and related information professionals). The posting contains minimal detail beyond title and employer, so the classification is high-confidence based on occupational title and organizational context, though any highly specialized acquisition duties (e.g., technical procurement or IT metadata roles) could slightly affect the fine-grained unit-group assignment."
25021,H - Transportation and storage,52 - Warehousing and support activities for transportation,522 - Support activities for transportation,5223 - Service activities incidental to water transportation,0.95,0.9,0.85,0.8,1 - Managers,12 - Administrative and commercial managers,121 - Business services and administration managers,1219 - Other business services and administration managers (not elsewhere classified),0.98,0.85,0.6,0.4,"The vacancy is best classified in ISIC under Section H (Transportation and storage), specifically support activities for transportation and services incidental to water transport, since the role is a shipping/agency branch manager overseeing vessel operations and shipping documentation. Occupationally, the role is a managerial position (ISCO major group 1) in administrative/commercial management for a transport-related service; deeper ISCO unit-group assignment is less certain because the job mixes commercial, operational and branch-management duties that could map to several manager sub‑groups (hence lower confidence at the 3–4 digit levels)."
25286,G - Wholesale and retail trade; repair of motor vehicles and motorcycles,"47 - Retail trade, except of motor vehicles and motorcycles",473 - Retail sale of automotive fuel in specialised stores,4730 - Retail sale of automotive fuel in specialised stores,0.95,0.95,0.9,0.9,4 - Clerical support workers,42 - Customer services clerks,422 - Client information workers,4221 - Client information clerks,0.9,0.8,0.7,0.6,"Industry: The employer (Petra Oil) operates in petroleum/fuel retailing, which maps to ISIC section G, division 47 and class 4730 (retail sale of automotive fuel). Occupation: The role is best classified as a customer/client information / liaison clerical role (clerical support, customer services clerks) — reasonably confident at major-group level but less certain at the most detailed ISCO unit-group level because the tasks overlap sales-support, market-research and field-lead-generation functions."
25333,B - Mining and quarrying,07 - Mining of metal ores,072 - Mining of non-ferrous metal ores,0729 - Mining of other non-ferrous metal ores,0.95,0.9,0.85,0.75,3 - Technicians and associate professionals,31 - Physical and engineering science technicians,311 - Physical and engineering science technicians,3116 - Mining technicians,0.9,0.85,0.8,0.75,"This role is clearly embedded in a mining operation (Hidden Valley mine) and is therefore classified to Mining and quarrying (ISIC B), specifically mining of non‑ferrous metal ores (gold). The occupation is best mapped to ISCO as a technician/associate professional role supporting mining operations (a maintenance/planning specialist), though it could alternatively be described under mechanical engineering technicians or maintenance planners depending on national practice."
25322,L - Real estate activities,68 - Real estate activities,68.3 - Real estate activities on a fee or contract basis,68.32 - Management of real estate on a fee or contract basis,0.95,0.95,0.9,0.85,1 - Managers,12 - Administrative and commercial managers,121 - Business services and administration managers,"1212 - Facilities managers (best-fit, unit group varies by country classification guidance)",0.99,0.85,0.75,0.6,This role is best classified in ISIC as Real estate activities (L → 68 → 68.3 → 68.32) because it is focused on management and operation of property/facilities across a portfolio. Occupationally it falls within Managers (ISCO Major Group 1) and most closely maps to business/administration managers responsible for facilities; the 4-digit ISCO mapping to a specific 'Facilities managers' unit is a best-fit and has moderate uncertainty depending on national implementation of ISCO-08.
24947,B - Mining and quarrying,07 - Mining of metal ores,,,0.95,0.85,0.2,0.1,3 - Technicians and associate professionals,31 - Science and engineering technicians,,,0.85,0.8,0.25,0.15,"The employer and job context indicate the role operates within a mining company, so the economic activity is best classified at the section/division level as Mining and quarrying (07 - Mining of metal ores). The occupation is a civil/construction project role with technical and supervisory duties consistent with science/engineering technician categories; high-level grouping is confident but precise ISIC 3-/4-digit and ISCO 3-/4-digit assignments are uncertain from the posting alone."
25339,I - Accommodation and food service activities,55 - Accommodation,551 - Hotels and similar accommodation,5510 - Hotels and similar accommodation,0.98,0.98,0.95,0.95,1 - Managers,"14 - Hospitality, retail and other services managers",143 - Hotel and accommodation managers,,0.95,0.9,0.75,0.3,"Industry: The role is clearly located in the accommodation sub-sector of the hospitality industry (hotels), so ISIC I / 55 / 551 / 5510 is an accurate classification. Occupation: the vacancy is for a managerial maintenance position within a hotel (a facilities/maintenance manager reporting to the Hotel GM) — it fits under ISCO major group 'Managers' and the hospitality managers sub-group, but it does not exactly match a single 4-digit ISCO unit group for hotel departmental managers, so the 3-digit placement is moderately confident while the 4-digit is left unspecified."
24961,"R - Arts, entertainment and recreation",93 - Sports activities and amusement and recreation activities,931 - Sports activities,9311 - Operation of sports facilities,0.95,0.95,0.9,0.9,5 - Service and sales workers,51 - Personal service workers,,,0.7,0.6,0.3,0.2,"The job is clearly associated with the operation of a sports/fitness facility (ISIC Rev.4: Section R, Division 93, Group 931, Class 9311). The occupational level maps best to ISCO major-group 5 (personal/service workers), but the posting describes a mix of front‑desk, cleaning, safety‑monitoring and light guidance duties so the exact 3‑ and 4‑digit ISCO unit group cannot be determined confidently from the ad alone."
25315,"M - Professional, scientific and technical activities",70 - Activities of head offices; management consultancy activities,702 - Management consultancy activities,7020 - Management consultancy activities,0.85,0.8,0.8,0.75,1 - Managers,12 - Administrative and commercial managers,121 - Business services and administration managers,1219 - Business services and administration managers not elsewhere classified,0.85,0.7,0.7,0.6,"This role is best classified as professional/consultancy activity (ISIC M, Division 70) because it involves managing donor-funded grants and institutional program delivery. Occupationally, the position functions as a managerial/business-administration role (ISCO 1 - Managers, mapped to business services/administration management), though the exact unit-group mapping is somewhat uncertain because it sits at the intersection of program/project management and specialist donor/grants administration."
25298,I - Accommodation and food service activities,55 - Accommodation,551 - Accommodation (hotels and similar accommodation group),5510 - Hotels and similar accommodation,0.95,0.95,0.9,0.9,1 - Managers,"14 - Hospitality, retail and other services managers",141 - Hotel and restaurant managers (including accommodation management),,0.95,0.9,0.75,0.3,"The vacancy is clearly part of the accommodation (hotel) industry — the employer is a hotel and the role is embedded in hotel housekeeping/laundry operations, so ISIC classification as Hotels and similar accommodation (Section I, Division 55, Class 5510) is appropriate. The occupation is a managerial role within hospitality (assistant laundry/housekeeping management) so it maps to ISCO major group 'Managers' and the hospitality/ accommodation managers subgroups; the precise 4-digit ISCO unit group is less certain from the posting text, so a detailed unit-group assignment is given with lower confidence."
25133,H - Transportation and storage,52 - Warehousing and support activities for transportation,521 - Warehousing and storage,5210 - Warehousing and storage,0.99,0.95,0.95,0.9,1 - Managers,13 - Production and specialised services managers,"132 - Manufacturing, mining and construction managers","1324 - Supply, distribution and related managers",0.7,0.55,0.4,0.4,"The industry classification is straightforward and maps clearly to ISIC H / Division 52 / Group 521 / Class 5210 (Warehousing and storage) given the job is explicitly a warehouse supervision role. The occupation maps reasonably to the managers category in ISCO-08 (first-line supply/distribution/warehouse management), but exact placement within ISCO (manager vs. supervisory/clerical unit-group) is less certain, so occupation-level codes have moderate to low confidence."
25102,I - Accommodation and food service activities,55 - Accommodation,55.1 - Hotels and similar accommodation,55.10 - Hotels and similar accommodation,0.95,0.95,0.9,0.9,5 - Service and sales workers,51 - Personal service workers,512 - Cooks,5120 - Cooks,0.95,0.9,0.92,0.8,"This posting is for a chef (Demi Chef de Partie) employed by a Holiday Inn hotel, so the employer's economic activity fits ISIC section I and Division 55 (hotels and similar accommodation) with high confidence. The occupation clearly corresponds to ISCO major group 5 and the cooks sub-group (512), though some minor ambiguity could exist between classifying the workplace under accommodation (hotel) versus standalone food service (ISIC 56)."
25277,H - Transportation and storage,50 - Water transport,502 - Sea and coastal freight water transport,5020 - Sea and coastal freight water transport,0.95,0.95,0.9,0.85,3 - Technicians and associate professionals,33 - Ship and aircraft controllers and technicians,333 - Ship and aircraft controllers and technicians,3333 - Ship's deck officers / vessel operations planners (best-fit),0.9,0.7,0.6,0.4,"Industry: Strong match to ISIC H (Transportation and storage) and the Water transport division (sea/coastal freight), since the role is explicitly ship/vessel planning within a logistics division. Occupation: reasonably mapped to ISCO Major Group 3 (technicians/associate professionals) and the ship/aircraft controllers/technicians subgroup, but precise 4-digit unit-group mapping is less certain because a vessel planner role overlaps shore-based port/logistics functions and shipboard deck-officer responsibilities."
24474,B - Mining and quarrying,07 - Mining of metal ores,072 - Mining of non-ferrous metal ores,,0.98,0.95,0.9,0.4,1 - Managers,12 - Administrative and commercial managers,,,0.95,0.75,0.3,0.2,"The employer operates a gold mine in Papua New Guinea, so the economic activity is confidently classified under ISIC Section B, Division 07 (Mining of metal ores) and more specifically Group 072 (non‑ferrous metal ores). The role is a managerial position focused on community/community-relations functions within a mining company and best fits ISCO Major Group 1 (Managers) and broadly under Administrative and Commercial Managers, but the exact minor/unit group is unclear from the posting."
25069,H - Transportation and storage,49 - Land transport and transport via pipelines,494 - Freight transport by road,4941 - Freight transport by road,0.95,0.9,0.85,0.8,4 - Clerical support workers,41 - General and keyboard clerks,413 - General office clerks,4130 - General office clerks,0.9,0.85,0.8,0.75,"The role is an administrative/compliance position embedded in a fuel logistics (freight/transport) division, so the enterprise activity maps best to ISIC Section H (Land transport and transport via pipelines), specifically freight transport by road. The occupation is primarily record‑keeping, reporting and clerical compliance work, which maps to ISCO as a general office/clerical role (general office clerk) though it could also be seen as a junior administrative professional in some organisations."
24016,H - Transportation and storage,51 - Air transport,511 - Passenger air transport,5110 - Passenger air transport,0.99,0.95,0.9,0.85,9 - Elementary occupations,"93 - Labourers in mining, construction, manufacturing and transport",931 - Labourers in transport and storage,,0.95,0.75,0.65,0.25,"This role is clearly within the air transport sector (airline operations) and is therefore best classified under ISIC Section H, Division 51 (passenger air transport). The job is an on‑apron ground/ramps role (baggage handling, aircraft servicing and vehicle operation) so it maps to ISCO major group 9 (elementary occupations) and more specifically to labourers in transport and storage, though assignment to a precise 4‑digit ISCO unit group is uncertain because of overlap between airline-employed ramp staff and specialist ground-handling contractor categories."
24877,F - Construction,42 - Civil engineering,429 - Construction of other civil engineering projects,4290 - Construction of other civil engineering projects,0.98,0.95,0.85,0.8,8 - Plant and machine operators and assemblers,83 - Drivers and mobile plant operators,834 - Mobile plant operators,,0.95,0.95,0.9,0.25,"The vacancy is clearly for positions within the construction/civil engineering industry (ISIC Section F, Division 42) — drivers and operators are employed to support civil engineering projects. Occupations map to ISCO major group 8 and sub-major group 83 (drivers and mobile plant operators); however, a single 4-digit unit-group is uncertain because the posting covers both heavy truck drivers and a range of mobile plant operators (graders, dozers, excavators, rollers)."
25062,B - Mining and quarrying,06 - Extraction of crude petroleum and natural gas,061 - Extraction of crude petroleum and natural gas,0610 - Extraction of crude petroleum and natural gas,0.95,0.95,0.95,0.95,4 - Clerical support workers,41 - General and keyboard clerks,411 - General office clerks,4110 - General office clerks,0.9,0.85,0.8,0.7,"The employer (Santos) is an oil and gas producer so the correct ISIC classification is in Section B — Extraction of crude petroleum and natural gas (06 / 061 / 0610) with high confidence. The role is a contracts administration/office support position performing clerical contract tracking, reporting and procurement support; this maps best to ISCO-08 as a clerical/general office clerk (Major Group 4, 41, 411, 4110) though there is some ambiguity with business/administration associate professional categories depending on seniority and scope, so occupation-level confidences are slightly lower."
24966,K - Financial and insurance activities,"64 - Financial service activities, except insurance and pension funding","649 - Other financial service activities, except insurance and pension funding",6492 - Other credit granting,0.99,0.98,0.9,0.8,1 - Managers,"11 - Chief executives, senior officials and legislators",112 - Managing directors and chief executives,1120 - Managing directors and chief executives,0.99,0.9,0.45,0.35,"The industry classification is clear: the role is for a board member of a savings & loans society and fits within ISIC Section K, Division 64 (financial services), most plausibly classed under other financial service activities / other credit granting. The occupational classification is at the senior governance/board level and maps to ISCO Major Group 1 (Managers) and Sub-major Group 11; however, because a Non‑Executive Director is a governance oversight role rather than an operational managing director, the detailed ISCO 3‑ and 4‑digit mappings are less certain."
25243,O - Public administration and defence; compulsory social security,84 - Public administration and defence; compulsory social security,841 - Administration of the State and the economic and social policy of the community,8413 - Regulation of and contribution to more specific economic sectors,0.95,0.95,0.9,0.85,1 - Managers,"11 - Chief executives, senior officials and legislators",112 - Managing directors and chief executives,1120 - Managing directors and chief executives,0.99,0.98,0.95,0.9,"This is a public-sector chief executive role: the CEO of a statutory ICT regulator (NICTA), which places the employer in public administration (ISIC O/84) and the job in the top-manager/chief executive ISCO unit group (Managing directors and chief executives). Classification is high-confidence for occupation and section/division-level industry; assignment to the ISIC class for regulation of specific sectors is slightly less certain but appropriate given the regulatory mandate."
24496,B - Mining and quarrying,07 - Mining of metal ores,072 - Mining of non-ferrous metal ores,0729 - Mining of other non-ferrous metal ores,0.99,0.99,0.98,0.98,1 - Managers,13 - Production and specialised services managers,,,0.95,0.75,0.4,0.2,"Industry classification is straightforward: the employer operates a gold mine, so the activity maps to ISIC Section B (Mining and quarrying), Division 07 and Class 0729 (mining of other non‑ferrous metal ores) with high confidence. The occupation is clearly a managerial role focused on agricultural development and community affairs within a mining context (so classified at the ISCO major-group level as Managers and plausibly under Production and specialised services managers), but finer ISCO subgrouping is uncertain because the role mixes project/agribusiness management and community/social-performance responsibilities."
24747,S - Other service activities,95 - Repair of computers and personal and household goods,951 - Repair of computers and communication equipment,9511 - Repair of computers and peripheral equipment,0.9,0.9,0.9,0.85,3 - Technicians and associate professionals,35 - Information and communications technicians,351 - Information and communications technicians,"3512 - ICT support technicians (e.g., PC/network support)",0.98,0.97,0.95,0.9,"The role is best classified in ISIC as repair/maintenance of computer equipment (Section S, Division 95) because the posting focuses on hardware repair, device setup and on-site support. Occupationally, it maps clearly to ISCO ICT support technician (3512) as the tasks are typical of PC/network support and troubleshooting for residential and business clients."
25171,B - Mining and quarrying,07 - Mining of metal ores,072 - Mining of non‑ferrous metal ores,0729 - Mining of other non‑ferrous metal ores,0.95,0.92,0.85,0.8,2 - Professionals,21 - Science and engineering professionals,"214 - Architects, engineers and related professionals",2143 - Cartographers and surveyors,0.9,0.88,0.85,0.75,"The employer operates a large gold mine so the economic activity is best classified under Mining and quarrying, specifically mining of non‑ferrous metal ores (gold). The role is a professional senior surveyor working on capital/construction projects and maps to the ISCO category for cartographers and surveyors within science/engineering professionals, though exact unit-group mapping has slightly lower confidence due to variations in national job titling and possible overlap with engineering or senior technician categories."
24959,H - Transportation and storage,51 - Air transport,51.1 - Passenger air transport,51.10 - Passenger air transport,0.95,0.98,0.9,0.85,3 - Technicians and associate professionals,,,,0.75,0.25,0.2,0.15,"The employer and duties clearly place this role within air transport (ISIC Section H, Division 51), most appropriately classified under Passenger air transport (51.10) given PNG Air is a domestic airline handling both passengers and cargo. The occupational classification is less certain at detailed ISCO levels: the Load Control Officer performs specialized, safety-critical technical and operational tasks (weight-and-balance/load planning) consistent with the broad ISCO Major Group 3 (Technicians and associate professionals), but an exact 2/3/4-digit ISCO unit group cannot be determined from the posting alone."
25066,H - Transportation and storage,52 - Warehousing and support activities for transportation,522 - Support activities for transportation,,0.9,0.85,0.7,0.3,4 - Clerical support workers,43 - Numerical and material recording clerks,432 - Material-recording and transport clerks,4321 - Stock clerks and storekeepers,0.85,0.8,0.8,0.6,"The vacancy describes a logistics/warehouse/transport coordination role (planning transport and storage, shipment tracking, customs and documentation), so classifying the economic activity under ISIC Section H, Division 52 (warehousing and transport support) is appropriate. Occupationally the tasks align best with ISCO's material-recording and transport clerks (Major group 4, Sub-major 43, Minor 432), though at the most detailed unit-group level there is some ambiguity (could also map to other logistics/supply-chain associate roles), so fine-grained codes are assigned with lower confidence."
25366,C - Manufacturing,10 - Manufacture of food products,107 - Manufacture of bakery products and farinaceous products,1071 - Manufacture of bread; manufacture of fresh pastry goods and cakes,0.95,0.95,0.9,0.85,7 - Craft and related trades workers,"75 - Food processing, wood working, garment and other craft and related trades workers","751 - Food processing, wood working, garment and other craft and related trades workers",7511 - Bakers and pastry-cooks,0.9,0.88,0.8,0.75,"This vacancy is clearly in food manufacturing (bakery) and maps well to ISIC section C, division 10 and the bakery group/class (107/1071). The occupation is best represented by ISCO unit group for bakers and pastry-cooks (craft level), though the supervisory title means the worker has supervisory/management duties which could alternatively be coded to a production-supervisor/manager occupation depending on classification rules; hence a slightly lower confidence at the most detailed ISCO digit."
25253,G - Wholesale and retail trade; repair of motor vehicles and motorcycles,"46 - Wholesale trade, except of motor vehicles and motorcycles",467 - Wholesale of other goods (including fuels and related products),"4671 - Wholesale of solid, liquid and gaseous fuels and related products",0.95,0.95,0.9,0.95,8 - Plant and machine operators and assemblers,83 - Drivers and mobile-plant operators,833 - Heavy truck and bus drivers (drivers of large goods vehicles),8332 - Heavy truck and lorry drivers,0.95,0.95,0.9,0.85,"The employer is a national fuel and lubricants distributor, which fits ISIC Rev.4 Section G, Division 46 and class 4671 (wholesale of fuels) with high confidence. The role is clearly for a tanker truck driver transporting fuel, which maps to ISCO-08 driver categories for heavy truck/lorry drivers with high confidence."
25273,J - Information and communication,"62 - Computer programming, consultancy and related activities","620 - Computer programming, consultancy and related activities",6203 - Computer facilities management activities,0.95,0.9,0.85,0.6,3 - Technicians and associate professionals,35 - Information and communications technicians,351 - Information and communications technology operations and user support technicians,3513 - Computer/ICT user support technicians,0.95,0.95,0.9,0.75,"This is a clear information-and-communication (ICT) role focused on application/user support, so classification under ISIC Section J (division 62) and ISCO group for ICT operations/user support is appropriate and reliable. Exact assignment at the most detailed (ISIC 4-digit and ISCO 4-digit) levels is moderately certain — the posting fits general application-support/IT-operations activities well, but whether it maps best to facilities/operations (6203) versus another IT service class and the precise ISCO unit-group label has some ambiguity."
25023,S - Other service activities,94 - Activities of membership organisations,94.9 - Activities of other membership organisations,94.99 - Activities of other membership organisations n.e.c.,0.9,0.9,0.8,0.75,4 - Clerical support workers,43 - Numerical and material recording clerks,,,0.85,0.7,0.3,0.1,"This vacancy is for an administrative/logistics officer at an international NGO focused on humanitarian demining, so the employer activity best fits ISIC Section S, Division 94 (activities of membership organisations), most specifically class 94.99 (other membership organisations n.e.c.). The occupation is clearly administrative/clerical with procurement and inventory duties and therefore maps most closely to ISCO Major Group 4 (clerical support workers) and the sub-major group for material/numerical recording clerks, but the exact 3- and 4-digit ISCO unit is ambiguous from the posting (mix of procurement, logistics and broader admin duties), so deeper-level codes are left null with lower confidence."
24899,G - Wholesale and retail trade; repair of motor vehicles and motorcycles,"46 - Wholesale trade, except of motor vehicles and motorcycles",469 - Non-specialised wholesale trade,4690 - Non-specialised wholesale trade,0.95,0.7,0.5,0.4,3 - Technicians and associate professionals,33 - Business and administration associate professionals,"332 - Sales, marketing and public relations associate professionals",3322 - Commercial sales representatives,0.9,0.88,0.85,0.95,"This posting is clearly for a commercial sales role (corporate/B2B sales), so the ISCO-08 mapping to Commercial Sales Representatives (3322) is highly confident. The employer's exact economic activity is less explicit from the ad (retail versus wholesale, type of goods), so ISIC is assigned to Wholesale/Retail (Section G) and Wholesale (46) with lower confidence at the 3- and 4-digit levels."
25297,K - Financial and insurance activities,"64 - Financial service activities, except insurance and pension funding",64.1 - Monetary intermediation,64.19 - Other monetary intermediation,0.98,0.97,0.92,0.88,1 - Managers,12 - Administrative and commercial managers,121 - Business services and administration managers,1211 - Finance managers,0.99,0.95,0.93,0.96,"This is a senior finance/financial controller role inside a banking/financial institution, so ISIC maps to Section K (Financial and insurance activities) and specifically monetary intermediation (banking). The occupation is clearly a managerial finance role (ISCO-08 Finance Manager, 1211) with high confidence; the only minor uncertainty is the exact ISIC 4-digit class because the posting covers both banking and insurance-related IFRS areas within a group structure."
25283,C - Manufacturing,33 - Repair and installation of machinery and equipment,"331 - Repair of fabricated metal products, machinery and equipment",3313 - Repair of electronic and optical equipment,0.9,0.92,0.8,0.92,3 - Technicians and associate professionals,31 - Science and engineering technicians,311 - Physical and engineering science technicians,3113 - Electrical and electronics engineering technicians,0.9,0.88,0.85,0.9,"This role is best classified under ISIC as repair of electronic equipment (ISIC 3313) because the core duties are diagnostics, component‑level repair and calibration of radio communication hardware. For ISCO-08 it fits with technicians and associate professionals — specifically electrical/electronics engineering technicians (3113) — given the diploma/degree requirement and advanced bench-level diagnostic and programming responsibilities."
24980,S - Other service activities,94 - Activities of membership organisations,94.9 - Activities of other membership organisations,94.99 - Activities of other membership organisations n.e.c.,0.9,0.9,0.85,0.8,2 - Professionals,"26 - Legal, social and cultural professionals",263 - Social and related professionals,,0.9,0.85,0.8,0.2,"This position is best classified as an activity of a non-governmental membership/advocacy organisation (ISIC Section S, Division 94), which covers many international and local NGOs. The occupation maps to the social/community development professional area (ISCO major group 2, social and related professionals) though the exact 4-digit unit group is uncertain from the posting."
25295,S - Other service activities,94 - Activities of membership organisations,94.9 - Activities of other membership organisations,94.99 - Activities of other membership organisations n.e.c.,0.9,0.9,0.85,0.8,3 - Technicians and associate professionals,33 - Business and administration associate professionals,,,0.85,0.8,0.3,0.2,"The employer is an NGO working in international development, which maps well to ISIC section S (Division 94, class 94.99 'Activities of other membership organisations n.e.c.'), so the industry classification is high confidence. The occupation fits broadly within ISCO major group 3 (business and administration associate professionals) given the finance/operations coordination duties, but finer-level ISCO assignment is uncertain because the role spans finance, procurement, logistics and administrative support and could also be coded under clerical or administrative manager categories depending on organisational definitions."
25264,F - Construction,43 - Specialized construction activities,43.9 - Other specialized construction activities n.e.c.,43.99 - Other specialized construction activities n.e.c.,0.85,0.6,0.55,0.5,4 - Clerical support workers,43 - Numerical and material recording clerks,431 - Numerical and material recording clerks,"4312 - Book-keepers, payroll clerks and wage clerks",0.9,0.85,0.8,0.8,"The employer is described as a steel fabrication and construction company, so the economic activity is best classified under ISIC Section F (Construction), with moderate confidence for a specialist construction subclass. The job (Payroll Supervisor) clearly maps to ISCO-08 clerical/numerical recording roles (book-keepers and payroll clerks) with high confidence given the duties and required payroll system experience."
25344,H - Transportation and storage,53 - Postal and courier activities,532 - Courier activities,5320 - Courier activities,0.95,0.97,0.95,0.96,1 - Managers,13 - Production and specialised services managers,"132 - Manufacturing, mining, construction and distribution managers",1323 - Distribution and logistics managers,0.95,0.75,0.65,0.6,"The job posting is clearly for a courier/logistics branch (DHL) and fits ISIC Section H, Division 53, Group 532, Class 5320 (Courier activities) with high confidence. The occupational classification as a managerial role in distribution and logistics is appropriate (ISCO major group: Managers), though the exact ISCO sub-group/unit (distribution/logistics manager vs. other administrative/branch manager codes) is moderately uncertain from the posted title and duties."
25164,B - Mining and quarrying,09 - Mining support service activities,099 - Support activities for other mining and quarrying,0990 - Support activities for other mining and quarrying,1.0,0.97,0.93,0.88,8 - Plant and machine operators and assemblers,83 - Drivers and mobile plant operators,833 - Mobile plant operators,8339 - Mobile plant operators not elsewhere classified,0.92,0.88,0.72,0.5,"This role is clearly part of the mining sector (support activities for mining and quarrying) — classification to ISIC Section B / Division 09 is high confidence. The occupational classification is best mapped to ISCO major group 8 (plant and machine operators) and subgroups for mobile plant operators since the job operates diamond drilling rigs; finer ISCO (4-digit) mapping is less certain because ISCO has multiple nearby unit groups (drillers, mobile plant operators, and mining-specific operators) and different statistical implementations vary in which exact unit group is used."
25266,N - Administrative and support service activities,78 - Employment activities,781 - Activities of employment placement agencies,7810 - Activities of employment placement agencies,0.6,0.55,0.3,0.25,2 - Professionals,25 - Information and communications technology professionals,252 - Database and network professionals,2522 - Systems administrators,0.95,0.9,0.8,0.8,"The occupation is well-classified as an ICT professional role (systems administrator) supporting HR information systems (high confidence). The economic activity classification is less certain: the informal industry label says 'Human Resources and Recruitment' so the job was mapped to ISIC division 78 (employment activities), but the employer appears to be a broader multi‑faceted company and not clearly an employment agency, so detailed ISIC group/class assignments carry low confidence."
25002,"A - Agriculture, forestry and fishing","01 - Crop and animal production, hunting and related service activities",014 - Animal production,,0.95,0.93,0.9,0.3,4 - Clerical support workers,43 - Numerical and material recording clerks,432 - Material-recording and transport clerks,4321 - Stock clerks and records clerks,0.98,0.97,0.9,0.88,"The employer is a poultry/egg producer, so the industry fits squarely within Agriculture, specifically animal production (ISIC A / 01 / 014). The job is a clerical/material-recording role (inventory/stock clerk) and maps well to ISCO-08 clerical support (major group 4) and the numerical/material recording subgroups; the exact ISIC 4-digit poultry subclass could not be confirmed from the posting text."
25044,O - Public administration and defence; compulsory social security,84 - Public administration and defence; compulsory social security,,,0.95,0.95,0.25,0.2,1 - Managers,"11 - Chief executives, senior officials and legislators",111 - Legislators and senior officials,1110 - Legislators and senior officials,0.95,0.85,0.6,0.5,"This posting is clearly for a senior public-sector managerial role leading investigations within a national anti-corruption commission, so it fits confidently within ISIC Section O/Division 84 (public administration) and ISCO Major Group 1 (Managers). Precise mapping to ISIC 3- and 4-digit classes and to the lowest-level ISCO unit group is less certain because national integrity bodies can map to several specific sub-classes (e.g., central government administration vs. specialized public-order units) depending on local statistical conventions."
25249,S - Other service activities,94 - Activities of membership organisations,94.9 - Activities of other membership organizations,94.99 - Activities of other membership organizations n.e.c.,0.85,0.8,0.75,0.65,1 - Managers,12 - Administrative and commercial managers,121 - Business services and administration managers,1219 - Business services and administration managers not elsewhere classified,0.95,0.9,0.85,0.7,"The vacancy is for a senior program management position within an international non-governmental organisation delivering WASH (water, sanitation and hygiene) development programs, so ISIC classification under Section S (Activities of membership organisations — 94.99) is the best fit. The occupation clearly falls within ISCO major group 'Managers' and most closely matches business/services administration managers (program/grant management), though some ambiguity remains about whether it should be classified as specialist technical managers in specific contexts."
25265,Q - Human health and social work activities,86 - Human health activities,86.90 - Other human health activities,86.90 - Other human health activities,0.85,0.9,0.8,0.75,1 - Managers,13 - Production and specialised services managers,134 - Other production and specialised services managers,1343 - Health services managers,0.95,0.85,0.8,0.8,"This role is a senior program-quality management position within an international health research and public-health NGO, so industry classification as human health activities (ISIC Section Q, Division 86) is appropriate. Occupationally, the role functions as a health services/programs manager with leadership responsibility for M&E, quality and program design, making the ISCO mapping to Health services managers (1343) a good fit, though some overlap with research-focused activity introduces modest uncertainty at the most detailed ISIC/ISCO class levels."
25291,B - Mining and quarrying,07 - Mining of metal ores,072 - Mining of non‑ferrous metal ores,0729 - Mining of other non‑ferrous metal ores,0.99,0.98,0.9,0.85,2 - Professionals,21 - Science and engineering professionals,"215 - Architects, planners, surveyors and designers",2153 - Surveyors,0.95,0.95,0.95,0.95,"This posting is for an underground Mine Surveyor at a gold mining operation, so it falls clearly within ISIC section B (Mining and quarrying) and specifically the mining of non‑ferrous metal ores. The occupation is unambiguously a Surveyor (ISCO 2153), with high confidence at all occupational levels and strong confidence for the industry division and group; the exact four‑digit ISIC class (non‑ferrous metal ores) is assigned with slightly lower confidence because public postings sometimes omit whether the employer is the mine operator versus a support service."
25261,I - Accommodation and food service activities,55 - Accommodation,551 - Short-term accommodation activities,5510 - Short-term accommodation activities,0.98,0.98,0.95,0.95,2 - Professionals,24 - Business and administration professionals,241 - Accounting professionals,2411 - Accountants,0.95,0.93,0.9,0.88,"The employer is a hotel (Crowne Plaza Residences), so classifying the economic activity under ISIC Section I and class 5510 (short-term accommodation activities) is highly supported by the posting. The role’s duties (account reconciliations, balance sheet preparation, month-end/year-end close) match an accounting professional role, so ISCO-08 classification as 2411 (Accountants) is appropriate, though in some contexts similar tasks might be coded at a clerical bookkeeping level depending on employer job grading."
24995,S - Other service activities,94 - Activities of membership organisations,949 - Activities of other membership organisations,9499 - Activities of other membership organisations n.e.c.,0.9,0.9,0.85,0.8,3 - Technicians and associate professionals,33 - Business and administration associate professionals,331 - Financial and mathematical associate professionals,3312 - Bookkeepers and accounting clerks (accounting associate professionals),0.9,0.9,0.85,0.8,"This posting is for a finance officer role within an NGO delivering social programs, so the economic activity is best classified under ISIC 94.99 (activities of other membership organisations) though some statisticians sometimes map service-delivery NGOs to human health and social work activities (Q). The occupational tasks (transaction processing, monthly acquittals, financial controls and training) align with ISCO as a business/administration associate professional specialising in accounting (Technicians and associate professionals → Business and administration associate professionals → Financial and mathematical associate professionals), but the exact 4-digit unit may vary by country practice so confidence is slightly lower at the most detailed level."
25053,O - Public administration and defence; compulsory social security,84 - Public administration and defence; compulsory social security,841 - Administration of the State and the economic and social policy of the community,8411 - Executive and legislative organs and general public administration activities,0.95,0.93,0.8,0.65,1 - Managers,"11 - Chief executives, senior officials and legislators",111 - Legislators and senior officials (senior government officials),1112 - Senior government officials (deputy provincial / regional administrators),0.95,0.9,0.75,0.8,"This vacancy is clearly a senior public-sector administration role in a provincial government administration and therefore fits within ISIC section O (public administration) and ISCO major group 1 (Managers). The job description provides strong evidence for classification as a senior government official (subcategories given above), though exact 3- and 4-digit class labels are assigned with moderate confidence due to variations in national titling and possible overlaps with other public administration subgroups."
25046,H - Transportation and storage,52 - Warehousing and support activities for transportation,522 - Support activities for transportation (service activities incidental to transportation / cargo handling),5222 - Service activities incidental to water transportation,0.99,0.95,0.85,0.75,3 - Technicians and associate professionals,33 - Business and administration associate professionals,,,0.9,0.7,0.25,0.1,"This position is best classified under ISIC H / 52 (Warehousing and support activities for transportation) with a likely 4-digit class of 52.22 (service activities incidental to water transportation) because the role centres on container fleet control, depot/port coordination and support services for shipping. The occupational classification fits broadly within ISCO major group 3 (technicians and associate professionals) and sub-major 33 (business & administration associate professionals), but a precise 3- or 4-digit ISCO unit is uncertain from the posting because duties span operational logistics, administration and vendor coordination and different countries map 'logistics officer' into several distinct ISCO unit groups."
25278,H - Transportation and storage,50 - Water transport,50.1 - Sea and coastal water transport,50.10 - Sea and coastal water transport,0.95,0.85,0.75,0.6,3 - Technicians and associate professionals,31 - Science and engineering associate professionals,315 - Safety and quality inspectors,3152 - Occupational health and safety technicians / inspectors,0.9,0.75,0.65,0.55,"The role is best classified in ISIC Section H (Transportation and storage), most likely under Water transport (sea and coastal transport) given the employer Consort Express Lines / Steamships Logistics and the shipping/logistics context, though it could also fit support activities for transportation. Occupationally, the HSSE Supervisor aligns with safety/quality inspectors / occupational health and safety technicians (ISCO-08), but there is some uncertainty about whether this is a supervisory/managerial level role or a technical/inspector role, so deeper-level occupation codes have moderate confidence."
25040,C - Manufacturing,33 - Repair and installation of machinery and equipment,"331 - Repair of fabricated metal products, machinery and equipment",3312 - Repair of machinery,0.85,0.95,0.9,0.75,7 - Craft and related trades workers,"72 - Metal, machinery and related trades workers",723 - Motor mechanics and repairers,7231 - Motor vehicle mechanics and repairers,0.9,0.88,0.9,0.85,"The advertised Diesel Fitter role is clearly a maintenance and repair position for heavy earthmoving and diesel-powered equipment, which maps well to ISIC class 33 (repair and installation of machinery) and ISCO group 723 (motor mechanics and repairers). There is minor ambiguity because the employer also provides plant hire and mining support services (which could point to rental or mining activity classifications), but the job duties are specifically repair/overhaul focused so the repair/manufacturing classification is most appropriate."
24825,B - Mining and quarrying,06 - Extraction of crude petroleum and natural gas,061 - Extraction of crude petroleum,0610 - Extraction of crude petroleum,0.95,0.9,0.8,0.7,3 - Technicians and associate professionals,31 - Science and engineering technicians,311 - Electrical engineering technicians,3113 - Electrical engineering technicians,0.95,0.9,0.85,0.8,"The job clearly belongs to the oil & gas extraction/production sector (ISIC Section B, Division 06) given the role's support of producing oil fields, processing plants and a marine terminal. The occupation fits well within ISCO-08's technicians (electrical/electronics/instrumentation) since the role focuses on maintenance, troubleshooting and programming of process instrumentation, PLCs and DCS, though there is minor ambiguity whether to classify specifically under crude petroleum vs natural gas extraction and between electrical vs electronics specializations."
21709,G - Wholesale and retail trade; repair of motor vehicles and motorcycles,45 - Wholesale and retail trade and repair of motor vehicles and motorcycles,452 - Maintenance and repair of motor vehicles,4520 - Maintenance and repair of motor vehicles,0.95,0.95,0.95,0.9,7 - Craft and related trades workers,"72 - Metal, machinery and related trades workers",723 - Motor vehicle mechanics and repairers,7231 - Motor vehicle mechanics and repairers,0.95,0.95,0.95,0.85,"This posting is best classified under maintenance and repair of motor vehicles (ISIC 4520) because the role is explicitly an auto electrician working in a vehicle workshop on heavy commercial vehicles. The occupation fits well within ISCO-08 as a motor vehicle mechanic/repairer (7231) given the diagnostics, repair and electrical system maintenance duties described."
25001,B - Mining and quarrying,07 - Mining of metal ores,072 - Mining of non‑ferrous metal ores,0729 - Mining of other non‑ferrous metal ores,0.98,0.98,0.95,0.9,8 - Plant and machine operators and assemblers,81 - Stationary plant and machine operators,811 - Stationary plant and machine operators (mining and mineral processing),8113 - Mining and mineral processing plant operators,0.9,0.8,0.7,0.6,"Industry classification is straightforward: the role is at an underground gold mine (ISIC B / Division 07), best mapped to non‑ferrous metal ore mining (072 / 0729). Occupation is clearly a hands‑on underground machine operator applying shotcrete; it maps at a high level to plant/machine operators in mining (ISCO major group 8), but the exact 4‑digit ISCO unit is less certain because the role overlaps concrete trades and mining plant operation specialisms."
24870,B - Mining and quarrying,09 - Mining support service activities,099 - Support activities for other mining and quarrying,0990 - Support activities for other mining and quarrying,0.95,0.95,0.8,0.75,7 - Craft and related trades workers,"72 - Metal, machinery and related trades workers",,,0.9,0.85,0.3,0.2,"The employer provides drilling services and the role is a mechanical supervisor for drilling/heavy equipment, so the job maps well to ISIC Section B (Division 09) — support activities for mining and quarrying (class 0990). The occupational mapping is less specific: the role is supervisory/technical within mechanical/machinery trades (ISCO major group 7, sub-major 72), but the exact 3- and 4-digit ISCO unit groups are ambiguous from the posting (supervisory status vs. technician classification)."
25081,L - Real estate activities,68 - Real estate activities,68.2 - Real estate activities on a fee or contract basis,6820 - Real estate activities on a fee or contract basis,0.95,0.95,0.65,0.6,1 - Managers,12 - Administrative and commercial managers,,,0.95,0.75,0.25,0.2,"This posting is clearly for a managerial role in a real-estate business, so the ISIC assignment to Section L (Real estate activities, Division 68) is appropriate and has high confidence. The occupational classification is clearly within Managers (ISCO major group 1) and most likely within Administrative/Commercial managers, but the ad lacks detail (e.g., whether the role is a senior executive, facilities/property manager, or sales/letting manager) so finer ISCO sub-classification is uncertain."
25292,C - Manufacturing,"25 - Manufacture of fabricated metal products, except machinery and equipment","251 - Manufacture of structural metal products, tanks, reservoirs and steam generators",2511 - Manufacture of structural metal products,0.95,0.95,0.9,0.9,3 - Technicians and associate professionals,33 - Business and administration associate professionals,334 - Administrative and secretarial associate professionals,,0.9,0.9,0.7,0.3,"The employer is a steel fabrication company producing structural metal products, so the job is best classified under ISIC C (Manufacturing) → 25 → 251 → 2511 (manufacture of structural metal products) with high confidence. The role is an administrative/project contracts position supporting fabrication projects and most closely maps to ISCO major group 3 (Business and administration associate professionals); the precise 4-digit ISCO unit group is uncertain from the ad (hence lower confidence at detailed occupation level)."
24954,C - Manufacturing,22 - Manufacture of rubber and plastics products,222 - Manufacture of plastic products,2220 - Manufacture of plastic products,0.98,0.85,0.85,0.85,8 - Plant and machine operators and assemblers,81 - Stationary plant and machine operators,815 - Other stationary plant and machine operators,8153 - Plastics processing-machine operators,0.98,0.93,0.88,0.9,"The role is a production machine operator position responsible for setting up and running blow‑moulding equipment to produce plastic bottles; this maps best to ISIC section C (Manufacturing) and specifically to manufacture of plastic products (ISIC Division 22 / Class 2220). Occupationally, the job fits ISCO-08 as a stationary plant/machine operator — specifically plastics processing‑machine operator (8153) — though because the employer is primarily a food manufacturer an alternative industry classification under Manufacture of food products (ISIC 10) could also be considered."
25372,H - Transportation and storage,52 - Warehousing and support activities for transportation,522 - Support activities for transportation,5229 - Other transportation support activities n.e.c.,0.98,0.95,0.9,0.85,1 - Managers,13 - Production and specialised services managers,"132 - Manufacturing, mining, construction and distribution managers","1322 - Supply, distribution and related managers",0.95,0.85,0.8,0.75,"The job posting clearly sits within the transportation and logistics industry (support activities for transportation), specifically customs brokerage and freight-forwarding services. The role is a managerial post overseeing customs brokerage and clearance operations, which best maps to supply/distribution management within ISCO; small uncertainty remains at the most detailed digit levels due to overlap between closely related transport-support classes."
24973,F - Construction,43 - Specialized construction activities,431 - Demolition and site preparation,4310 - Demolition and site preparation,0.95,0.92,0.9,0.9,8 - Plant and machine operators and assemblers,83 - Drivers and mobile plant operators,833 - Mobile plant operators,8332 - Earth-moving and related plant operators,0.95,0.92,0.88,0.8,"This posting is best classified under ISIC Section F (Construction), specifically Specialized construction activities (demolition and site preparation) because the role focuses on operating excavators for earthworks and site preparation. For occupation, it maps to ISCO Major Group 8 (Plant and machine operators) and more specifically to mobile/earth-moving plant operators; the 4-digit ISCO mapping is slightly less certain because some employers place similar roles under civil engineering site crews, but the job duties (excavation, loading trucks, routine machine maintenance) align well with earth-moving plant operator categories."
24962,G - Wholesale and retail trade; repair of motor vehicles and motorcycles,45 - Wholesale and retail trade and repair of motor vehicles and motorcycles,451 - Sale of motor vehicles,4510 - Sale of motor vehicles,0.95,0.95,0.9,0.9,2 - Professionals,24 - Business and administration professionals,243 - Advertising and marketing professionals,2432 - Advertising and marketing professionals,0.85,0.8,0.78,0.75,"Industry: The employer is an automotive dealership, so the economic activity best fits ISIC G / 45 / 451 / 4510 (sale of motor vehicles) with high confidence. Occupation: The role is primarily content creation, social media and marketing for a dealership and maps best to ISCO-08 advertising and marketing professionals (2432), though duties overlap with media/graphic design and social media management so occupational assignment has moderate uncertainty."
25227,P - Education,85 - Education,854 - Higher education,8540 - Higher education,0.98,0.97,0.95,0.95,2 - Professionals,23 - Teaching professionals,231 - University and higher education teachers,2310 - University and higher education teachers,0.8,0.85,0.8,0.75,"This role is clearly in the education sector (higher education / college-level nursing), so ISIC classification P -> 85 -> 854 -> 8540 (Higher education) is appropriate with high confidence. The job combines academic teaching and curriculum oversight with substantial managerial and administrative duties; it has been classified under ISCO as a higher-education teaching professional (2310) because the post sits in an academic institution and includes teaching and curriculum leadership, although it could also be viewed as an education manager (lower confidence for pure managerial coding)."
25086,"M - Professional, scientific and technical activities",73 - Advertising and market research,732 - Market research and public opinion polling,7320 - Market research and public opinion polling,0.95,0.98,0.98,0.99,2 - Professionals,24 - Business and administration professionals,"243 - Sales, marketing and development professionals",2433 - Market research analysts and marketing specialists,0.85,0.8,0.75,0.6,"This vacancy is clearly for a firm providing market and social research services and maps directly to ISIC Rev.4 class 7320 (Market research and public opinion polling). The occupational fit is best seen as a junior market-research role (field coordinator) within the Sales/Marketing/Development professional group (ISCO 243), though the on-the-ground, supervisory and logistical nature of the duties means it could alternatively be classified among business/administration associate professionals (lower ISCO level), so occupation-level confidence is moderate."
25032,S - Other service activities,94 - Activities of membership organisations,949 - Activities of other membership organisations,9499 - Activities of other membership organisations n.e.c.,0.95,0.9,0.85,0.7,1 - Managers,"11 - Chief executives, senior officials and legislators",111 - Chief executives and senior officials,1110 - Chief executives,0.95,0.9,0.85,0.75,"This posting is for the chief executive (Executive Director) of a non-governmental development organisation, so it maps well to ISIC Section S (Division 94, other membership/NGO activities) and ISCO Major Group 1 (top-level managers / chief executives). There is slight uncertainty at the most detailed ISIC/ISCO class levels because NGOs' activities can sometimes be classified under social work/services or other specific programmatic classes depending on the organisation's predominant functions and funding arrangements."
25084,C - Manufacturing,33 - Repair and installation of machinery and equipment,"331 - Repair of fabricated metal products, machinery and equipment",3312 - Repair of machinery,0.9,0.92,0.75,0.65,7 - Craft and related trades workers,"72 - Metal, machinery and related trades workers",723 - Motor vehicle mechanics and repairers,7232 - Heavy vehicle and mobile-plant mechanics,0.95,0.9,0.7,0.6,"The role is a supervisory skilled-trades position (Leading Hand / Diesel Fitter) engaged in maintenance and repair of heavy machinery, which maps well to ISIC Division 33 (repair and installation of machinery) and ISCO major group 7 (craft and related trades). Division- and major-group level classifications are strong; finer-grained 3- and 4-digit codes are the best-fit approximations given available job details and may vary depending on whether the employer is classified primarily as a dealer/retailer or as a repair/service establishment."
25190,B - Mining and quarrying,07 - Mining of metal ores,072 - Mining of non-ferrous metal ores,0720 - Mining of non-ferrous metal ores,0.95,0.95,0.95,0.9,8 - Plant and machine operators and assemblers,81 - Stationary plant and machine operators,"812 - Metal, mineral and chemical process plant operators",8122 - Metal and mineral processing plant operators,0.75,0.7,0.7,0.55,"Industry: The posting clearly identifies a gold-mining employer (K92 Mining) operating a mineral processing plant, so ISIC classification B -> 07 -> 072 -> 0720 (mining of non‑ferrous metal ores) is appropriate with high confidence. Occupation: The role is a supervisory position in a mineral processing plant focused on permit-to-work, energy isolation and safety—this most closely aligns with ISCO group 812 (metal, mineral and chemical process plant operators) though the safety/permit focus (rather than direct equipment operation) makes the precise 4-digit unit-group assignment less certain."
24960,H - Transportation and storage,51 - Air transport,511 - Passenger air transport,5110 - Scheduled passenger air transport,0.95,0.95,0.9,0.9,3 - Technicians and associate professionals,31 - Science and engineering technicians,315 - (Associate professionals in transport and related operations),3152 - Aircraft dispatchers and flight operations officers,0.85,0.6,0.6,0.85,The employer is clearly an airline; the economic activity maps reliably to ISIC H → 51 → 511 → 5110 (scheduled passenger air transport) with high confidence. The occupational best fit is an associate professional role responsible for flight dispatch/operations control and is therefore mapped to ISCO unit group 3152 (Aircraft dispatchers and flight operations officers); higher-level ISCO groupings are assigned with moderate confidence because classifications at broader ISCO levels can vary by national implementation.
25122,G - Wholesale and retail trade; repair of motor vehicles and motorcycles,95 - Repair of computers and personal and household goods,952 - Repair of personal and household goods,,0.9,0.85,0.7,0.2,4 - Clerical support workers,42 - Customer services clerks,422 - Client / information clerks,,0.9,0.85,0.6,0.2,"The vacancy is for a front-office service coordinator in an organization that handles electronics/home & office service jobs (warranty and non-warranty), so the employer activity best fits ISIC Division 95 (repair of computers and personal/household goods) within Section G. The occupation is a clerical/customer-service coordination role (handling reception, job allocation, client follow-up), so it maps to ISCO major group 4 (customer services/clerical); specific 4-digit class assignments are tentative due to limited detail about the employer's primary business and the exact service types."
24602,B - Mining and quarrying,07 - Mining of metal ores,072 - Mining of non-ferrous metal ores,0729 - Mining of other non-ferrous metal ores,0.98,0.97,0.95,0.85,2 - Professionals,21 - Science and engineering professionals,211 - Physical and earth science professionals,"2112 - Geologists, geophysicists and related professionals",0.99,0.95,0.93,0.9,"This posting is clearly for a senior geologist working for a hard‑rock gold mining operation, so classification to ISIC section B (Mining and quarrying) and ISCO professional groups for earth scientists is highly confident. The only minor uncertainty is the ISIC 4‑digit class choice (mining of non‑ferrous metal ores, 0729) as ISIC subclasses for specific metal types can vary by cataloguing convention."
24971,C - Manufacturing,33 - Repair and installation of machinery and equipment,"331 - Repair of fabricated metal products, machinery and equipment",,0.75,0.85,0.6,0.2,4 - Clerical support workers,42 - Customer services clerks,422 - Client information workers,4221 - Client information clerks,0.95,0.9,0.85,0.8,"Occupation: Administrative/customer-service role (service desk assistant/coordinator) best mapped to ISCO-08 as a clerical/customer service clerk. Industry: employer operates in electronics/service workshop activities so mapped to ISIC as manufacturing/repair and installation of machinery and equipment (division 33), though precise 4-digit class is uncertain."
25003,"M - Professional, scientific and technical activities",71 - Architectural and engineering activities; technical testing and analysis,,,0.7,0.8,0.3,0.2,3 - Technicians and associate professionals,31 - Science and engineering technicians,311 - Physical and engineering science technicians,3119 - Physical and engineering science technicians not elsewhere classified,0.95,0.9,0.8,0.6,"The role is best classified as an engineering/technical design position (technician/draughtsperson) within professional/technical activities rather than purely administrative construction work. Employer context (a construction contractor on a mining site) introduces some ambiguity between construction activity and engineering/design consultancy, so industry-level subclassification beyond the division (71) is less certain."
25323,N - Administrative and support service activities,80 - Security and investigation activities,801 - Private security activities,8010 - Private security activities,0.85,0.9,0.9,0.9,3 - Technicians and associate professionals,35 - Information and communications technicians,351 - Information and communications technicians,3512 - Information and communications technology user support technicians,0.98,0.98,0.99,0.99,"The employer is G4S Secure Solutions, a private security firm, so the economic activity is best classified under ISIC as private security activities (Section N, Division 80). The job itself is clearly an ICT/user support role (installing/configuring PCs, troubleshooting, help-desk tasks), which maps to ISCO-08 unit group 3512 (ICT user support technicians) with high confidence."
24938,P - Education,85 - Education,853 - Higher education,8530 - Higher education,0.95,0.95,0.9,0.9,3 - Technicians and associate professionals,31 - Science and engineering associate professionals,311 - Physical and engineering science technicians,3111 - Chemical and physical science technicians,0.95,0.9,0.85,0.8,"The employer is a university and the role supports teaching and research laboratories, so the economic activity maps to ISIC Section P (85 - Education), specifically higher education (853/8530). The occupational fit is a laboratory/technical support role in applied chemistry, best mapped to ISCO major group 3 (science and engineering associate professionals) and the unit group for chemical and physical science technicians (3111), though the exact unit-group match is slightly less certain due to variation in national job-titles for laboratory technical officers."
24945,K - Financial and insurance activities,"64 - Financial service activities, except insurance and pension funding",641 - Monetary intermediation,6419 - Other monetary intermediation,0.99,0.98,0.95,0.9,2 - Professionals,24 - Business and administration professionals,242 - Management and organisation analysts,2421 - Management and organisation analysts,0.99,0.95,0.65,0.55,"Industry classification is clear: the employer is a bank (development finance institution), which fits Section K, Division 64 and Group 641 (monetary intermediation), classifiable as 6419 Other monetary intermediation. The occupation is best mapped to ISCO as a business/administration professional focused on risk and organisational analysis (Management and organisation analysts); the assignment at the detailed minor/unit-group levels is somewhat less certain because risk roles can map to either specialised finance professions or management/analyst profiles depending on organisational context."
25082,F - Construction,43 - Specialised construction activities,"432 - Electrical, plumbing and other construction installation","4322 - Plumbing, heat and air-conditioning installation",0.9,0.9,0.9,0.95,1 - Managers,12 - Administrative and commercial managers,121 - Business services and administration managers,,0.95,0.8,0.65,0.3,"The ISIC classification is confident because the role centers on HVAC installation, repair and maintenance which maps directly to ISIC class 4322 (Plumbing, heat and air‑conditioning installation) within Specialised construction activities. The ISCO classification is clear at the major and sub‑major manager levels (a branch/operations manager), but the exact 4‑digit unit group is ambiguous for a sector-specific branch manager so a precise unit‑group assignment is withheld."
24799,F - Construction,41 - Construction of buildings,411 - Development of building projects,4110 - Development of building projects,0.95,0.9,0.8,0.75,4 - Clerical support workers,41 - General and keyboard clerks,411 - General office clerks,4110 - General office clerks,0.92,0.85,0.78,0.72,"The employer and duties (document control, regulatory submissions, scheduling for building/site projects) indicate the job sits within the Construction industry (ISIC Section F, Division 41) — likely a building development/construction activity. The occupation is best classified as a clerical/project administrative role (ISCO clerical support / general office clerks), though it could alternatively be recorded under more specialised 'document control' or 'project support' categories depending on local coding practices."
25039,U - Activities of extraterritorial organisations and bodies,99 - Activities of extraterritorial organisations and bodies,,,0.9,0.9,0.2,0.1,2 - Professionals,21 - Science and engineering professionals,211 - Physical and earth science professionals,2119 - Physical and earth science professionals not elsewhere classified,0.95,0.75,0.7,0.55,"The employer (IOM) and the nature of the role (international, multilateral disaster risk management work) best fit ISIC Section U (Activities of extraterritorial organisations and bodies). The occupation is classified as a professional technical advisor in early warning/disaster risk management — most closely mapped to ISCO physical and earth science professionals (specialist/adviser on hazard monitoring, forecasting and community-level EWS), though the role also contains project/management and stakeholder coordination duties so the occupational mapping is moderately confident."
25077,"M - Professional, scientific and technical activities",69 - Legal and accounting activities,"692 - Accounting, bookkeeping and auditing activities; tax consultancy",6920 - Accounting and auditing activities; bookkeeping; tax consultancy,0.98,0.98,0.97,0.96,2 - Professionals,24 - Business and administration professionals,241 - Finance professionals / Accountants,2411 - Accountants,0.95,0.94,0.92,0.9,"This is a straightforward match to accounting economic activity (ISIC 6920) and the professional occupation of Accountant (ISCO 2411). The job description explicitly lists standard accountant duties (financial reporting, general ledger, tax compliance, payroll), supporting high confidence at all classification levels."
25096,Q - Human health and social work activities,88 - Social work activities without accommodation,88.9 - Other social work activities without accommodation,88.99 - Other social work activities without accommodation n.e.c.,0.9,0.85,0.75,0.65,4 - Clerical support workers,41 - General and keyboard clerks,412 - Keyboard operators and data entry clerks,4121 - Data entry clerks,0.85,0.75,0.6,0.5,"This vacancy is best classified as a social-work/NGO activity (ISIC Section Q, Division 88) because the role supports a child-protection counselling helpline. The occupation is primarily clerical/data-support (ISCO major group 4) — the position focuses on data entry, cleaning and basic analysis rather than professional-level statistical or counselling duties; lower confidence is given at the most detailed occupation digits due to overlap with M&E/ICT support roles."
25130,G - Wholesale and retail trade; repair of motor vehicles and motorcycles,"47 - Retail trade, except of motor vehicles and motorcycles",477 - Retail sale of other goods in specialised stores,4778 - Retail sale of other goods in specialised stores (not elsewhere classified),0.9,0.9,0.8,0.65,7 - Craft and related trades workers,73 - Handicraft and printing workers,732 - Printing trades workers,,0.8,0.7,0.6,0.25,"The employer is a retail/repair-specialised shop providing trophies, engraving and customised printing services, so ISIC classification as retail trade (Section G, Division 47) — specifically retail sale of other goods in specialised stores — is the best fit. The occupation most closely matches craft/printing trades (ISCO major group 7, sub-major 73 / printing trades) because the role centers on operation and supervision of engraving, heat-press and sublimation equipment, though there is some overlap with sales/customer-service and light production supervision which reduces fine‑level (4‑digit) certainty."
24639,N - Administrative and support service activities,"82 - Office administrative, office support and other business support activities",821 - Office administrative and support activities,8211 - Combined office administrative service activities,0.9,0.95,0.85,0.6,4 - Clerical support workers,41 - General and keyboard clerical support workers,412 - Secretaries and keyboard-operating clerical workers,4120 - Secretaries (including Executive/Personal Secretaries),0.95,0.9,0.85,0.65,"The job is best classified under ISIC Section N (Administrative and support service activities), specifically division 82 for office and business support services, because the role is administrative/executive office support. The occupation maps clearly to ISCO major group 4 (Clerical support workers) and more specifically to secretarial/administrative support roles, though exact 4-digit unit-group assignment is slightly uncertain because titles and duties vary across organisations."
25106,B - Mining and quarrying,07 - Mining of metal ores,072 - Mining of non-ferrous metal ores,0729 - Mining of other non-ferrous metal ores,0.95,0.98,0.95,0.85,2 - Professionals,21 - Science and engineering professionals,214 - Engineering professionals,2142 - Mechanical engineers,0.98,0.98,0.97,0.99,"This posting is clearly for a mechanical engineer working on capital/projects at a gold mining operation, so the industry classification as mining (metal ores / non‑ferrous metal ores) and the occupation classification as mechanical engineer are well supported. The main remaining uncertainty is the exact ISIC 4‑digit class label choice for gold mining within the non‑ferrous metal ores subclass, but overall both industry and occupation assignments are highly confident."
24582,B - Mining and quarrying,07 - Mining of metal ores,072 - Mining of non-ferrous metal ores,0729 - Mining of other non-ferrous metal ores,0.95,0.95,0.95,0.9,8 - Plant and machine operators and assemblers,81 - Stationary plant and machine operators,811 - Mining and mineral processing plant operators,8111 - Mining and mineral processing plant operators,0.95,0.9,0.9,0.8,"This posting is clearly for a processing/plant operator role within a gold mining operation, so ISIC classification as 'B / 07 / 072 / 0729' is highly appropriate. The occupational classification maps well to ISCO-08 stationary plant operators (mining and mineral processing), though exact unit-group placement has slightly lower confidence because local job titles and tasks (reagent preparation, sampling, liaison with maintenance) can span adjacent unit groups."
25189,B - Mining and quarrying,07 - Mining of metal ores,072 - Mining of non-ferrous metal ores,0729 - Mining of other non-ferrous metal ores,0.98,0.96,0.85,0.7,7 - Craft and related trades workers,71 - Building and related trades workers,712 - Building finishers and related trades workers,7122 - Plumbers and pipe fitters,0.98,0.96,0.85,0.92,"The employer is a mining company operating a gold mine, so the posting maps clearly to ISIC Section B and Division 07 (mining of metal ores). The role is explicitly a plumbing/technician position working on underground piping and sump pumps, which corresponds well to ISCO unit group 7122 (Plumbers and pipe fitters)."
25116,F - Construction,42 - Civil engineering,429 - Construction of other civil engineering projects,4290 - Construction of other civil engineering projects,0.95,0.9,0.85,0.8,1 - Managers,13 - Production and specialised services managers,"133 - Manufacturing, mining and construction managers",1330 - Construction managers,0.98,0.9,0.85,0.75,"The role is a project management position for an EPC firm delivering energy/aviation fuel storage and related infrastructure, so ISIC F (Construction), Division 42 (Civil engineering) — specifically other civil engineering projects — is the best fit. Occupationally this is a construction/project manager position mapping to ISCO major group 'Managers' and the construction managers unit group, though the exact ISCO unit-group code may vary slightly by national mapping."
24835,K - Financial and insurance activities,"64 - Financial service activities, except insurance and pension funding",64.1 - Monetary intermediation,64.19 - Other monetary intermediation,0.95,0.95,0.9,0.85,2 - Professionals,"26 - Legal, social and cultural professionals",261 - Legal professionals,2611 - Lawyers,0.98,0.95,0.95,0.95,"This posting is for a senior in-house lawyer providing litigation and legal advice within a banking/financial services organisation, so ISIC classification as financial services (monetary intermediation) and ISCO as a Lawyer (legal professional) are appropriate. There is minor ambiguity because the advert is hosted by a recruitment firm (PeopleConnexion), but the role description clearly places the position inside a digital bank in PNG, making the occupational and industry assignments highly likely."
24186,H - Transportation and storage,49 - Land transport and transport via pipelines,493 - Freight transport by road,4930 - Freight transport by road,0.95,0.95,0.9,0.9,8 - Plant and machine operators and assemblers,83 - Drivers and mobile-plant operators,833 - Drivers and mobile-plant operators,8332 - Heavy truck and lorry drivers,0.9,0.95,0.95,0.95,"This posting is for Class 4 heavy vehicle drivers performing freight transport duties for a logistics company, so it clearly falls under Transportation and storage (ISIC H) and road freight transport (ISIC 49 / 493). The occupation maps directly to drivers and mobile-plant operators in ISCO-08, specifically heavy truck/lorry drivers (unit group 8332), so classification confidence is high at section/division and occupation unit-group levels; minor code-level uncertainty is reflected in slightly lower confidence scores."
25311,Q - Human health and social work activities,86 - Human health activities,861 - Hospital activities,8610 - Hospital activities,0.98,0.96,0.9,0.88,3 - Technicians and associate professionals,32 - Health associate professionals,,,0.95,0.95,0.2,0.1,"The employer is a hospital-level health services provider, so ISIC classification maps clearly to Q / 86 / 861 / 8610 (Hospital activities) with high confidence. The occupations advertised are health associate professional roles (anaesthetic officer, dental therapy assistant, radiographer) so ISCO broadly maps to Major Group 3 and Sub-major 32, but multiple different specialist unit-groups are present so 3- and 4-digit ISCO codes are uncertain."
25370,K - Financial and insurance activities,"64 - Financial service activities, except insurance and pension funding",64.1 - Monetary intermediation,64.19 - Other monetary intermediation,1.0,0.98,0.85,0.7,4 - Clerical support workers,42 - Customer services clerks,422 - Client information workers,4222 - Call centre operators,0.95,0.95,0.85,0.8,"The vacancy is for a customer-contact role at a commercial bank, so classification to ISIC Section K and Division 64 is very reliable. The occupational mapping to ISCO customer services / call-centre unit groups is also strong given the explicit inbound/outbound call handling, complaint resolution and contact-centre duties, though some analytical/reporting elements are present."
24798,G - Wholesale and retail trade; repair of motor vehicles and motorcycles,45 - Wholesale and retail trade and repair of motor vehicles and motorcycles,452 - Maintenance and repair of motor vehicles,4520 - Maintenance and repair of motor vehicles,0.95,0.95,0.95,0.9,7 - Craft and related trades workers,"72 - Metal, machinery and related trades workers",723 - Motor vehicle mechanics and repairers,,0.95,0.8,0.95,0.2,"This vacancy is clearly for vehicle maintenance and repair (diagnosing and repairing electrical systems, A/C, engine management) so it fits ISIC class 4520 (maintenance and repair of motor vehicles) with high confidence. Occupationally it maps to ISCO-08 motor vehicle mechanics and repairers (major group 7), although the exact 4-digit unit group for an 'auto electrician' is not determined here with high certainty."
24853,Q - Human health and social work activities,86 - Human health activities,869 - Other human health activities,8690 - Other human health activities,0.95,0.93,0.85,0.8,8 - Plant and machine operators and assemblers,83 - Drivers and mobile-plant operators,833 - Motor vehicle drivers,"8331 - Car, taxi and van drivers",0.95,0.92,0.9,0.85,"The employer (Médecins Sans Frontières) is a medical humanitarian organisation, so the enterprise-level activity is best classified under ISIC Q (Human health activities). The role is a frontline vehicle driver (4x4 passenger/goods transport for an NGO), which maps clearly to ISCO drivers (motor vehicle drivers, specifically car/van/4x4 drivers) with high confidence."
24933,P - Education,85 - Education,852 - Secondary education,8520 - Secondary education,0.95,0.95,0.6,0.5,1 - Managers,12 - Administrative and commercial managers,,,0.95,0.6,0.25,0.1,"The employer is an international school so the economic activity is confidently classified under Education (ISIC Section P, Division 85); the exact educational level (primary vs secondary or mixed) is not explicit, so 3- and 4-digit assignments are given with moderate confidence. The role is clearly a managerial position responsible for property/facilities and logistics, so it fits within ISCO major group 1 (Managers); however, the posting does not specify the precise ISCO minor/unit group (e.g., facilities/property manager vs. supply/distribution manager), so finer occupation levels are left uncertain."
24537,F - Construction,43 - Specialized construction activities,433 - Building completion and finishing,4330 - Building completion and finishing,0.98,0.96,0.95,0.95,7 - Craft and related trades workers,71 - Building and related trades workers,711 - Building frame and related trades workers,7112 - Carpenters and joiners,0.95,0.92,0.75,0.75,This job is clearly within the construction sector focused on building completion and finishing (ISIC 4330) and can be classified with high confidence at the industry levels. The occupation is a craft/trades role (carpentry and joinery) and is confidently placed within ISCO major and sub-major groups; assignment to a specific unit group for 'carpenters and joiners' is likely correct though slightly less certain without an explicit ISCO code in the posting.
24937,P - Education,85 - Education,85.3 - Higher education,85.31 - Higher education,0.98,0.98,0.95,0.92,3 - Technicians and associate professionals,31 - Science and engineering technicians,311 - Physical and engineering science technicians,3111 - Chemical and physical science technicians,0.96,0.93,0.88,0.6,"The employer is a university and the role supports practical teaching and lab work, so the economic activity is classified clearly under Education (ISIC P / 85.31 - Higher education). The occupation aligns with science/engineering technician roles (ISCO-08 major group 3, sub-major 31, minor 311); the exact 4-digit unit group is less certain because university lab assistants can span chemical, physical, instrumentation and electronics technician functions."
25134,"R - Arts, entertainment and recreation","91 - Libraries, archives, museums and other cultural activities",910 - Library and archive activities,9101 - Library and archive activities,0.9,0.95,0.95,0.9,2 - Professionals,"26 - Legal, social and cultural professionals","262 - Librarians, archivists and curators",2622 - Librarians and related information professionals,0.95,0.9,0.92,0.9,This posting is clearly for a library professional (Assistant Librarian — Cataloguing) and maps well to ISIC section R (libraries and archives) and ISCO unit group for librarians. Confidence is high at the section/sub-major levels and slightly lower at the most specific (4-digit) classes due to limited detail about exact duties beyond cataloguing.
25221,B - Mining and quarrying,07 - Mining of metal ores,072 - Mining of other non-ferrous metal ores,0729 - Mining of other non-ferrous metal ores,0.99,0.98,0.95,0.92,7 - Craft and related trades workers,"72 - Metal, machinery and related trades workers",723 - Metal fitters and related workers,,0.95,0.9,0.85,0.2,"This posting is clearly for a plant/mechanical fitter role at a gold mining operation, so the ISIC classification maps strongly to Mining and quarrying (metal ores) and specifically non‑ferrous metal ore mining. At the occupation level the role fits craft and trades (metal/mechanical fitter) well at the major, sub‑major and minor group levels; precise 4‑digit ISCO unit group is less certain from the job title alone so a specific unit-group was not assigned."
25166,B - Mining and quarrying,07 - Mining of metal ores,072 - Mining of non-ferrous metal ores,0729 - Mining of non-ferrous metal ores (except uranium and thorium),1.0,0.98,0.95,0.9,3 - Technicians and associate professionals,31 - Science and engineering associate professionals,315 - Safety and quality inspectors,3151 - Safety and quality inspectors,0.9,0.7,0.88,0.8,"The employer and role are clearly within the mining sector (metal/gold mining), so ISIC classification down to the class for non‑ferrous metal ore mining is high-confidence. The occupational classification aligns with an HSE/Safety Coordinator role and maps well to ISCO's safety and quality inspectors within the technicians/associate professionals category, though there is some ambiguity whether the role should be classified as a higher-level health/safety professional in specific national implementations."
24983,H - Transportation and storage,52 - Warehousing and support activities for transportation,522 - Support activities for transportation,5229 - Other transportation support activities,0.9,0.85,0.75,0.6,3 - Technicians and associate professionals,31 - Science and engineering technicians,313 - Electrical and electronic engineering technicians,3139 - Other electrical and electronic engineering technicians,0.9,0.8,0.8,0.6,"The job is for a CCTV technician (installation, maintenance and troubleshooting of cameras, DVRs, networks), which fits best under ISCO as an electrical/electronic engineering technician (technician-level). The employer (Express Freight Management) is a freight/logistics firm, so the economic activity is classified under Transportation and storage (support activities for transportation); the more detailed ISIC subclass is somewhat uncertain without fuller company activity details."
25135,"R - Arts, entertainment and recreation","91 - Libraries, archives, museums and other cultural activities","910 - Libraries, archives, museums and other cultural activities",9101 - Library and archives activities,0.98,0.99,0.98,0.95,2 - Professionals,"26 - Legal, social and cultural professionals","262 - Librarians, archivists and curators",2621 - Librarians,0.98,0.95,0.92,0.88,"This posting is clearly for a librarian role focused on interlibrary loan services, which maps directly to ISIC class 9101 (Library and archives activities) and ISCO unit group 2621 (Librarians). Classification confidence is high at the section/division/group levels; the small decrease at the ISCO 4-digit level reflects typical variation in job-title specificity and responsibilities across institutions."
25215,C - Manufacturing,10 - Manufacture of food products,"106 - Manufacture of grain mill products, starches and starch products",1061 - Manufacture of grain mill products,0.95,0.9,0.8,0.7,5 - Service and sales workers,52 - Sales workers,524 - Other sales workers,5243 - Demonstrators and product promoters,0.95,0.9,0.85,0.75,"The employer (Trukai Industries) is a food/FMCG manufacturer, so the employer activity is best classified in ISIC C (Manufacturing) → Division 10 (Manufacture of food products), likely the grain-mill/rice-milling subclass. The role is a field sales/merchandising position focused on in-store displays and product promotion, which maps to ISCO as Sales workers (major group 5) and more specifically to demonstrators/product promoters (5243) though exact 4-digit assignment has moderate uncertainty."
25051,N - Administrative and support service activities,78 - Employment activities,78.10 - Activities of employment placement agencies (group),7810 - Activities of employment placement agencies (class),0.9,0.92,0.9,0.88,2 - Professionals,24 - Business and administration professionals,242 - Administration professionals,2423 - Personnel and careers professionals (unit group),0.95,0.94,0.9,0.8,"The job is for an in-house Talent Acquisition (recruitment/HR) specialist and maps closely to employment/recruitment activities in ISIC (Section N, Division 78, class 7810). Occupationally, the role corresponds to business/administration professionals with a focus on personnel/HR (ISCO major group 2 → 24 → 242), though exact 4-digit unit-group assignment has modest uncertainty because ISCO unit-group labels for HR/recruitment specialists can vary by national interpretation."
24188,H - Transportation and storage,49 - Land transport and transport via pipelines,492 - Freight transport by road,4920 - Freight transport by road,0.98,0.96,0.88,0.82,8 - Plant and machine operators and assemblers,83 - Drivers and mobile-plant operators,833 - Heavy truck and bus drivers,8332 - Heavy truck and lorry drivers (including commercial vehicle drivers),0.9,0.87,0.7,0.6,"This vacancy is best classified in ISIC as transportation and storage, specifically land freight transport by road, because the employer is a freight/logistics company recruiting for driver-related roles. The occupation is mapped to ISCO as drivers (heavy truck/lorry drivers) because the role centers on training and assessing commercial vehicle drivers and requires extensive commercial driving experience, though some uncertainty remains because the job is a trainer/assistant rather than solely a vehicle operator."
25160,P - Education,85 - Education,853 - Higher education,8530 - Higher education,0.98,0.98,0.92,0.92,3 - Technicians and associate professionals,31 - Science and engineering associate professionals,311 - Physical and engineering science technicians,3113 - Surveying technicians (land surveying assistants/technical officers),0.95,0.85,0.6,0.5,"The employer is a university so the economic activity is best classified as Education (ISIC Section P, Division 85) specifically Higher/Tertiary education (853/8530) with high confidence. The role is a technical surveying support position (Principal Technical Officer – Surveying) and maps to ISCO as a technician/associate professional in science and engineering (major group 3, sub-major 31); mapping to a precise ISCO unit group for surveying technicians is moderately confident because job titles at universities can span professional and technical duties."
24732,B - Mining and quarrying,07 - Mining of metal ores,072 - Mining of non-ferrous metal ores,0729 - Mining of other non-ferrous metal ores,0.95,0.9,0.8,0.6,2 - Professionals,21 - Science and engineering professionals,214 - Engineering professionals,2141 - Mining engineers,0.95,0.9,0.88,0.85,"This posting is clearly for an underground mining engineering role at a gold mine, so the ISIC classification falls under Mining and quarrying → Mining of metal ores (non‑ferrous). The occupation matches ISCO-08 Mining Engineer (professional engineering role focused on mine planning and operations) with high confidence based on the duties and required mining engineering degree/experience."
25241,B - Mining and quarrying,09 - Mining support service activities,099 - Support activities for other mining and quarrying,0990 - Support activities for other mining and quarrying,0.9,0.9,0.85,0.8,3 - Technicians and associate professionals,31 - Science and engineering technicians,"312 - Mining, manufacturing and construction supervisors",3121 - Mining supervisors,0.9,0.9,0.9,0.85,"The employer and role are best classified under ISIC 'Mining and quarrying' (support activities for mining) because the company provides mining-site fleet, haulage, crushing and plant-hire services. The occupation maps well to ISCO as a mining operations supervisor (3121), though some overlap with construction supervision exists if the role is focused primarily on road construction tasks rather than on-site mining operations."
25196,L - Real estate activities,68 - Real estate activities,683 - Real estate activities on a fee or contract basis,6831 - Real estate agencies,0.98,0.95,0.92,0.9,5 - Service and sales workers,52 - Sales workers,,,0.95,0.88,0.25,0.2,"This posting is clearly for real-estate sales staff (apartment/shop sales), so the ISIC classification as L / 68 / 683 / 6831 (real estate agencies) is a strong fit. The occupational placement at the broad ISCO level as Sales workers (major group 5, sub-major 52) is also appropriate, but the exact 3- and 4-digit ISCO unit group is ambiguous from the ad (real-estate agent vs. other sales roles), so finer-level ISCO codes are left unspecified with low confidence."
24577,F - Construction,41 - Construction of buildings,411 - Development of building projects,4110 - Development of building projects,0.9,0.8,0.7,0.6,4 - Clerical support workers,41 - General and keyboard clerks,412 - Personal assistants and secretaries,4120 - Personal assistants,0.8,0.75,0.7,0.6,"The employer and role sit within the building/property development and design space, so ISIC classification is assigned to Construction (development of building projects), though some ambiguity exists with real-estate development. The occupation is primarily an experienced administrative/liaison role (scheduling, submissions, correspondence, stakeholder coordination), so it best fits clerical/secretarial categories in ISCO-08 rather than core professional engineering or architecture roles."
25329,"M - Professional, scientific and technical activities",70 - Activities of head offices; management consultancy activities,70.2 - Management consultancy activities,70.22 - Business and other management consultancy activities,0.9,0.9,0.9,0.85,4 - Clerical support workers,43 - Numerical and material recording clerks,431 - Numerical clerks,4311 - Accounting and bookkeeping clerks,0.9,0.85,0.8,0.75,"The employer is a private international development/management consultancy delivering program implementation and advisory services, so ISIC maps to Professional, scientific and technical activities (Section M) and specifically business/management consultancy (70.22). The Finance Coordinator’s duties (bookkeeping, processing transactions, payroll support, petty cash, preparing reports and audit support) align with clerical accounting/bookkeeping functions and are best classified under ISCO as Accounting and bookkeeping clerks (4311)."
25307,I - Accommodation and food service activities,55 - Accommodation,551 - Short-stay accommodation activities (hotels and similar accommodation),5510 - Hotels and similar accommodation,0.95,0.95,0.9,0.9,3 - Technicians and associate professionals,35 - Information and communications technicians,351 - Information and communications technicians,3512 - Information and communications technicians (ICT operations / user support / network & systems technician),0.9,0.85,0.8,0.65,"The employer is a hotel brand (Holiday Inn) so the economic activity clearly falls under ISIC Section I, Division 55 (hotels and similar accommodation) with high confidence. The occupational classification fits an ICT operations/support technician/supervisor (ISCO major group 3, subgroup 35), though there is some ambiguity whether the role should be classified as a technician (3512) or as an ICT professional/manager depending on organisational seniority and formal qualifications, so the occupation-level confidence is slightly lower."
25078,F - Construction,43 - Specialised construction activities,"432 - Electrical, plumbing and other construction installation","4322 - Plumbing, heat and air-conditioning installation",0.9,0.92,0.92,0.95,7 - Craft and related trades workers,"72 - Metal, machinery and related trades workers",723 - Machinery mechanics and repairers,7233 - Refrigeration and air-conditioning mechanics,0.95,0.9,0.9,0.85,"This posting clearly describes an HVAC&R tradesperson whose primary duties are installation, maintenance and repair of heating, ventilation, air-conditioning and refrigeration systems, which maps well to ISIC class 4322 (Plumbing, heat and air‑conditioning installation). Occupationally, the role fits within ISCO major group 7 and the machinery mechanics and repairers subgroup, specifically the refrigeration and air-conditioning mechanics unit group; the mapping is strong though the exact 4‑digit ISCO unit may vary by national adaptation."
25011,G - Wholesale and retail trade; repair of motor vehicles and motorcycles,45 - Wholesale and retail trade and repair of motor vehicles and motorcycles,452 - Maintenance and repair of motor vehicles,4520 - Maintenance and repair of motor vehicles,0.98,0.97,0.96,0.95,4 - Clerical support workers,42 - Customer services clerks,422 - Client information clerks (customer service),,0.9,0.85,0.75,0.2,"Industry classification is clear: this is a motor vehicle dealership/service activity and maps to ISIC 4520 (maintenance and repair of motor vehicles) with high confidence. The occupational classification fits a customer-facing clerical/customer-service role (ISCO major group 4, client information / customer services clerks) though the exact 4-digit ISCO unit group is less certain from the posting alone."
24948,G - Wholesale and retail trade; repair of motor vehicles and motorcycles,"46 - Wholesale trade, except of motor vehicles and motorcycles",467 - Wholesale of other goods,"4676 - Wholesale of solid, liquid and gaseous fuels and related products",0.95,0.9,0.9,0.85,1 - Managers,"14 - Hospitality, retail and other services managers",142 - Retail and wholesale trade managers,1421 - Retail and wholesale trade managers (depot/warehouse supervisor level),0.9,0.85,0.8,0.6,"This role is best classified under ISIC as wholesale distribution of fuels (G → 46 → 467 → 4676) because the employer operates fuel/lubes depots and performs wholesale distribution activities. For occupation, the position is a first‑line depot/warehouse operations supervisor (a retail/wholesale trade manager type under ISCO), though exact 4‑digit placement is somewhat uncertain because the job mixes supervisory, technical (tanker discharge) and inventory-control duties."
25019,Q - Human health and social work activities,88 - Social work activities without accommodation,88.9 - Other social work activities without accommodation,88.99 - Other social work activities without accommodation n.e.c.,0.88,0.86,0.7,0.6,1 - Managers,12 - Administrative and commercial managers,121 - Business services and administration managers,1211 - Finance managers,0.96,0.92,0.9,0.95,"The employer (CARE International) provides development and humanitarian/social services, so ISIC classification under Section Q (social work activities without accommodation) is the best fit though NGOs can sometimes be classified under other service categories. The occupation is clearly a Finance Manager role and maps well to ISCO-08 unit group 1211 with high confidence."
25013,K - Financial and insurance activities,"64 - Financial service activities, except insurance and pension funding",641 - Monetary intermediation,6419 - Other monetary intermediation,0.97,0.96,0.95,0.93,4 - Clerical support workers,43 - Numerical and material-recording clerks,431 - Accounting and bookkeeping clerks,4311 - Accounting and bookkeeping clerks,0.95,0.92,0.9,0.88,"The employer is a commercial/retail bank, so the ISIC classification as Financial and insurance activities → Financial service activities → Monetary intermediation (6419) is appropriate with high confidence. The role is a payroll/processing specialist within accounting functions and maps well to ISCO as an Accounting and bookkeeping clerk (4311), though the senior/supervisory aspect could also overlap with higher-level finance/HR roles in some taxonomies."
24926,P - Education,85 - Education,855 - Higher education,8550 - Higher education,0.99,0.99,0.95,0.95,2 - Professionals,"26 - Legal, social and cultural professionals","262 - Archivists, librarians and curators",2621 - Librarians,0.99,0.95,0.9,0.9,"This posting is for a University Librarian at a higher-education institution, so the economic activity maps clearly to Education — Higher education (ISIC 8550). The occupational fit is likewise clear: a professional librarian role (ISCO unit group for librarians), so both industry and occupation classifications are high-confidence."
24476,B - Mining and quarrying,07 - Mining of metal ores,072 - Mining of non-ferrous metal ores,,0.98,0.97,0.85,0.3,1 - Managers,13 - Production and specialised services managers,"132 - Mining, manufacturing and construction managers",,0.95,0.75,0.7,0.25,"The employer is the owner/operator of a gold mining operation, so the posting clearly falls under Mining and quarrying (ISIC B) and specifically Mining of metal ores (07); the non‑ferrous metals subgroup (072) is likely but the exact 4‑digit class is not certain from the posting. The role is a managerial position responsible for delivery of community infrastructure projects within a mining company, so it fits within ISCO Major Group 1 (Managers) and the production/specialised services managers area, though the precise 4‑digit unit group (e.g., construction manager vs mining operations manager vs specialised project/community manager) cannot be determined with high confidence."
25158,"R - Arts, entertainment and recreation",91 - Libraries and archives,910 - Libraries and archives,9101 - Library and archive activities,0.82,0.9,0.88,0.85,2 - Professionals,"26 - Legal, social and cultural professionals","262 - Archivists, librarians and curators",2621 - Librarians,0.95,0.9,0.9,0.88,"The role is a professional library post (Senior Liaison Library Officer) whose primary function is library and archive services, so it is classified under ISIC R (Division 91: Libraries and archives) and ISCO-08 as a librarian (2621). Note: because the employer is a university, an alternative macro-classification could place the position within Education (ISIC Section P, Division 85) if classifying by the employer's principal economic activity rather than the specific library function."
23356,C - Manufacturing,,,,0.6,0.2,0.1,0.05,1 - Managers,12 - Administrative and commercial managers,121 - Business services and administration managers,1212 - Human resource managers,0.98,0.96,0.94,0.92,"The occupation classification is clear and highly confident: the role is a human resources management position (Human Resource Manager, ISCO-08 unit group 1212) based on the title and detailed HR manager responsibilities. The employer's economic activity (ISIC Rev.4) is ambiguous from the posting — the company name references both ‘Agriculture & Manufacturing’ while the listing is in HR/recruitment, so I assigned a tentative top-level ISIC of Manufacturing (C) with low confidence and left more specific ISIC digits undetermined."
24988,B - Mining and quarrying,07 - Mining of metal ores,072 - Mining of non-ferrous metal ores,,0.99,0.98,0.9,0.3,8 - Plant and machine operators and assemblers,81 - Stationary plant and machine operators,811 - Mining and mineral processing plant operators,,0.85,0.8,0.75,0.3,"This posting is clearly for a processing/plant operator role at a gold mining operation (Newmont Lihir), so classification under ISIC Section B and Division 07 (mining of metal ores) is highly confident. The occupational placement as a stationary plant/mineral-processing plant operator (ISCO major group 8, sub-major 81, minor 811) is appropriate given the described duties (operating grinding, flotation and thickener circuits), but the exact ISCO unit-group is less certain from the ad and thus left unspecified."
25029,B - Mining and quarrying,09 - Support activities for mining and quarrying,099 - Support activities for other mining and quarrying,0990 - Support activities for other mining and quarrying,0.8,0.85,0.8,0.75,3 - Technicians and associate professionals,31 - Science and engineering associate professionals,315 - Safety and quality inspectors,3152 - Safety and quality inspectors (occupational health and safety officers/advisors),0.9,0.85,0.8,0.6,"The employer operates primarily as a mining-site services contractor (fleet, haulage, road works and plant hire), so ISIC classification as support activities for mining and quarrying (B/09/099/0990) is the best fit. The role is explicitly a Health, Safety & Environment (HSE) Advisor — this maps to ISCO as a safety/quality inspector / occupational health and safety officer within Technicians and Associate Professionals (3 → 31 → 315 → 3152), though exact 4-digit labeling may vary by catalogue so the unit-group confidence is lower."
25387,I - Accommodation and food service activities,55 - Accommodation,551 - Short term accommodation activities,5510 - Hotels and similar accommodation,0.98,0.98,0.95,0.95,"6 - Skilled agricultural, forestry and fishery workers",61 - Market gardeners and crop growers,,,0.9,0.65,0.25,0.15,"Industry: The role is clearly within hotel operations (short‑term accommodation), so ISIC I / 55 / 551 / 5510 is appropriate with high confidence. Occupation: the job is a gardener/groundskeeper caring for hotel landscaping and plants; this maps to ISCO major group 6 (skilled agricultural/horticultural workers) with good confidence, but the precise 3‑ and 4‑digit ISCO unit is less certain because ISCO subdivisions vary (hotel groundskeepers/landscape gardeners can be mapped to different minor/unit groups), so lower‑level codes are left unspecified."
25005,B - Mining and quarrying,07 - Mining of metal ores,,,0.95,0.9,0.2,0.1,1 - Managers,12 - Administrative and commercial managers,121 - Business services and administration managers,,0.9,0.8,0.6,0.2,"This posting is for a contracts/category management role within Newmont’s mining operation (Lihir gold mine), so the economic activity clearly aligns with ISIC section B and Division 07 (mining of metal ores). The occupation is best classified among managerial roles in administration/commercial functions (contracts/procurement) under ISCO-08 major group 1, with lower-digit (more specific) codes given lower confidence since exact unit-group mapping (e.g., purchasing/contract manager unit) is ambiguous from the ad."
25321,B - Mining and quarrying,07 - Mining of metal ores,072 - Mining of non-ferrous metal ores,,0.95,0.92,0.85,0.2,2 - Professionals,22 - Health professionals,226 - Other health professionals,2263 - Environmental and occupational health and hygiene professionals,0.9,0.75,0.72,0.7,"The employer and job description clearly place this role within the mining industry (metal ores, specifically a large gold mine), so ISIC Section B and Division 07 are highly appropriate. The occupation is best classified among health/occupational health professionals (ISCO major group 2), specifically environmental and occupational health and hygiene professionals (2263), though exact professional/technical level may vary by employer and qualifications so the 4-digit ISCO mapping is moderately confident."
24536,"M - Professional, scientific and technical activities",71 - Architectural and engineering activities; technical testing and analysis,711 - Architectural and engineering activities and related technical consultancy,7110 - Architectural and engineering activities and related technical consultancy,0.9,0.92,0.88,0.85,2 - Professionals,21 - Science and engineering professionals,214 - Engineering professionals,2149 - Other engineering professionals not elsewhere classified,0.98,0.97,0.95,0.85,"This vacancy is best classified within ISIC M / Division 71 (architectural and engineering activities) because the role centers on MEP design, BIM coordination and technical consultancy for building projects. The occupation maps to ISCO major group 2 and engineering professionals (214) with the unit group 2149 (other engineering professionals) chosen because the Senior MEP Engineer performs multi-disciplinary mechanical/electrical/plumbing building services work, which makes a single-specialty 4-digit assignment slightly less certain."
25055,O - Public administration and defence; compulsory social security,84 - Public administration and defence; compulsory social security,841 - Public administration,8411 - Executive and legislative organs; general public administration,0.95,0.95,0.9,0.6,1 - Managers,12 - Administrative and commercial managers,121 - Business services and administration managers,1212 - Administrative services managers,0.98,0.95,0.95,0.9,"This posting is a clear public-sector district-level administration/management role and best fits ISIC Section O (Public administration) and ISCO-08 managerial categories. The ISIC 4-digit class is given with moderate confidence because exact national reporting categories for district administration can vary, but the occupational mapping to Administrative Services Manager (ISCO 1212) is strong."
25091,I - Accommodation and food service activities,55 - Accommodation,551 - Hotels and similar accommodation,5510 - Hotels and similar accommodation,0.98,0.9,0.9,0.9,5 - Service and sales workers,51 - Personal service workers,512 - Cooks,,0.95,0.9,0.95,0.25,"This posting is best classified to ISIC section I (Accommodation and food service activities), specifically 5510 Hotels and similar accommodation, because the employer is a Crowne Plaza hotel/residence and the role is a kitchen position within that establishment. The occupation is clearly a cook/chef role (ISCO minor group 512 Cooks) with high confidence; the only notable ambiguity is whether to classify the enterprise activity under food service (ISIC 56) rather than accommodation (ISIC 55) if the posting represented a standalone restaurant rather than a hotel. "
25225,C - Manufacturing,23 - Manufacture of other non-metallic mineral products,239 - Manufacture of other non-metallic mineral products (n.e.c.),,0.95,0.75,0.6,0.2,2 - Professionals,24 - Business and administration professionals,242 - Administration professionals,2421 - Human resource professionals,0.95,0.9,0.85,0.7,"The employer operates in the manufacturing sector (construction/building products), so ISIC Rev.4 classification is placed under Manufacturing (C) with the best fit in Division 23 (non-metallic mineral products) though exact product class (e.g., clay tiles vs. concrete products) is not specified. The role is clearly a senior human resources professional (HR officer) responsible for recruitment, onboarding, employee relations and payroll coordination, matching ISCO-08 Business & Administration Professionals (Administration/Human Resource professional) with high confidence."
24660,H - Transportation and storage,51 - Air transport,511 - Passenger air transport,5110 - Passenger air transport,0.98,0.98,0.92,0.88,3 - Technicians and associate professionals,31 - Science and engineering technicians,315 - Ship and aircraft controllers and technicians,,0.95,0.72,0.85,0.2,"The industry classification is clear: this role is within air transport (ISIC H / Division 51), most closely matching passenger air transport (5110) given PNG Air's scheduled passenger services. The occupational classification fits within ISCO major group 3 as a technician/associate professional working in ship/aircraft control and operations, but a precise 4-digit ISCO unit group for 'Flight Dispatcher' is ambiguous from the posting so a detailed unit-group assignment is left null with low confidence."
25367,L - Real estate activities,68 - Real estate activities,68.2 - Renting and operating of own or leased real estate,68.20 - Renting and operating of own or leased real estate,0.9,0.9,0.95,0.95,1 - Managers,13 - Production and specialised services managers,133 - Construction managers,,0.95,0.75,0.6,0.2,"The role is best classified to the Real Estate activities sector (ISIC 68.20) because the job centers on leasing, property portfolio management and redevelopment/project delivery for owned/leased properties. Occupation-wise the duties (construction/project delivery, MEP, CAD, facilities and leasing management) align most closely with managerial-level construction/property project management (ISCO major group 1 and 133 - Construction managers), though some aspects (leasing/property management) could alternatively map to real-estate/property management subgroups."
25312,F - Construction,43 - Specialized construction activities,43.9 - Other specialized construction activities,43.99 - Other specialized construction activities n.e.c.,0.9,0.85,0.7,0.6,8 - Plant and machine operators and assemblers,83 - Drivers and mobile plant operators,"832 - Car, taxi and van drivers",,0.95,0.95,0.9,0.2,"The employer is described as a steel fabrication and construction company, so the best fit at the activity (ISIC) level is Construction (Section F), specifically specialized construction activities (43), though some manufacturing (fabricated metal products) activity may also be present. The advertised role is clearly a professional driver (corporate/administrative driver) and aligns with ISCO group for car/taxi/van drivers (major group 8 → sub-major 83 → minor 832); the exact 4-digit ISCO unit group is not determinable from the posting alone."
25306,H - Transportation and storage,52 - Warehousing and support activities for transportation,522 - Support activities for transportation,5224 - Cargo handling,0.97,0.96,0.94,0.88,1 - Managers,13 - Production and specialised services managers,,,0.98,0.65,0.25,0.1,"The job is clearly within transportation and port support activities (stevedoring/cargo handling), so ISIC classification at section/division/group and the class 'Cargo handling' is confident. The occupation is unambiguously managerial (ISCO major group 'Managers'), but mapping to a precise ISCO minor/unit group for a stevedoring/port logistics manager from the posting text is less certain, so only higher-level ISCO codes are provided with lower confidence for fine-grained levels."
25341,G - Wholesale and retail trade; repair of motor vehicles and motorcycles,45 - Wholesale and retail trade and repair of motor vehicles and motorcycles,453 - Sale of motor vehicle parts and accessories,4530 - Sale of motor vehicle parts and accessories,0.9,0.88,0.75,0.6,1 - Managers,"11 - Chief executives, senior officials and legislators",111 - Chief executives and senior officials,1110 - Managing directors and chief executives,0.95,0.8,0.7,0.65,"This posting is for a country General Manager leading Bridgestone's Papua New Guinea operations in the automotive/heavy equipment space, which most closely aligns with ISIC section G (motor vehicle trade) and specifically the sale/distribution of vehicle parts and accessories (45 / 453 / 4530). The occupational mapping to ISCO major group 1 (Managers) and the chief executive / managing director unit is strong (senior company-level leadership), though there is some uncertainty at the 3–4 digit levels for both classifications because the role could be part of manufacturing, wholesale distribution, or a mixed operations/distribution business model depending on the legal/operational structure in-country."
25230,G - Wholesale and retail trade; repair of motor vehicles and motorcycles,"46 - Wholesale trade, except of motor vehicles and motorcycles",,,0.75,0.45,0.2,0.1,2 - Professionals,24 - Business and administration professionals,243 - Advertising and marketing professionals,2431 - Market research analysts and marketing specialists,0.9,0.85,0.7,0.65,"The role is best classified as a professional/business & administration occupation (ISCO-08 Major group 2 / 24) — specifically aligned with marketing/market-research and sales analytics (243 / 2431) because the core tasks focus on sales data analysis, KPI tracking, dashboards and forecasting. The employer-level economic activity is less certain from the posting: the job is sales/marketing oriented so it fits within Wholesale and retail trade (ISIC G), but the exact division/class of the employer (wholesale vs. retail vs. manufacturing) is ambiguous from the ad, so lower confidence is assigned to detailed ISIC levels."
24964,H - Transportation and storage,52 - Warehousing and support activities for transportation,522 - Support activities for transportation,5220 - Support activities for transportation,0.95,0.9,0.8,0.75,2 - Professionals,24 - Business and administration professionals,,,0.95,0.9,0.2,0.1,"The vacancy is for a Commercial Analyst working on pricing and commercial strategy within a logistics/shipping business, so economically it best fits ISIC Section H (Transportation and storage), specifically support activities for transportation (ISIC 52/522). Occupationally the role is a business/administration professional (ISCO major group 2, sub-major 24) — a more specific ISCO minor/unit group cannot be identified with high confidence from the ad (analyst/financial/commercial tasks are described but a precise unit-group label is not given)."
24975,F - Construction,43 - Specialized construction activities,"43.2 - Electrical, plumbing and other construction installation",43.21 - Electrical installation,0.8,0.65,0.5,0.35,3 - Technicians and associate professionals,31 - Science and engineering associate professionals,311 - Physical and engineering science technicians,3113 - Electrical engineering technicians,0.95,0.9,0.85,0.8,"The occupation is well-defined as an electrical/mechanical technician responsible for maintenance and repair of generator sets and maps closely to ISCO-08 Electrical Engineering Technicians. The ISIC assignment uses the employer's stated informal industry (Construction) and therefore maps to Specialized Construction Activities (electrical installation), but there is moderate uncertainty because the role could alternatively be coded to Repair and Installation of Machinery and Equipment (ISIC 33) if classifying the specific service activity rather than the employer's primary industry."
25119,B - Mining and quarrying,07 - Mining of metal ores,072 - Mining of non-ferrous metal ores,0729 - Mining of other non-ferrous metal ores,0.99,0.99,0.95,0.9,8 - Plant and machine operators and assemblers,82 - Drivers and mobile-plant operators,822 - Mobile-plant operators,,0.9,0.75,0.5,0.2,"Industry: The employer and job description clearly place this role in metal ore mining (open-cut gold mine), so ISIC Rev.4 B / 07 / 072 / 0729 is highly confident. Occupation: The role is a rigging/crane-signal and lifting specialist — best placed in ISCO major group 8 (plant and machine operators) and sub-major group for mobile-plant operators, but the exact 4-digit ISCO unit group cannot be determined from the ad (some jurisdictions classify riggers as crane/hoist operators, others as trade/assembly or mobile-plant operator subgroups)."
25121,G - Wholesale and retail trade; repair of motor vehicles and motorcycles,45 - Wholesale and retail trade and repair of motor vehicles and motorcycles,452 - Maintenance and repair of motor vehicles,4520 - Maintenance and repair of motor vehicles,0.98,0.99,0.99,0.98,7 - Craft and related trades workers,"72 - Metal, machinery and related trades workers",723 - Motor vehicle mechanics and repairers,7231 - Motor vehicle mechanics and repairers,0.95,0.9,0.95,0.9,"This posting is clearly for vehicle maintenance and repair services, matching ISIC Rev.4 class 4520 (Maintenance and repair of motor vehicles). The occupational fit is best aligned with ISCO-08 unit group 7231 (Motor vehicle mechanics and repairers); an Auto Electrician is a specialised motor-vehicle mechanic focusing on electrical/electronic systems."
24996,B - Mining and quarrying,07 - Mining of metal ores,072 - Mining of non-ferrous metal ores,0720 - Mining of non-ferrous metal ores,0.98,0.96,0.92,0.9,3 - Technicians and associate professionals,33 - Protective services workers,"331 - Protective services workers (police, detectives and related)",3313 - Detectives and criminal investigators,0.75,0.7,0.6,0.5,"The industry classification is clear and highly certain: this role is based at the Hidden Valley mine and fits ISIC Rev.4 Section B, Division 07 (mining of metal ores), specifically non‑ferrous metal ores. The occupational classification is best mapped to protective services/detective roles (ISCO protective services/detectives), but exact unit-group assignment (public police detective vs. private/security investigator within a mining company) is somewhat uncertain, so confidence decreases at the finer ISCO levels."
24950,G - Wholesale and retail trade; repair of motor vehicles and motorcycles,"46 - Wholesale trade, except of motor vehicles and motorcycles","46.7 - Wholesale of solid, liquid and gaseous fuels and related products","46.71 - Wholesale of solid, liquid and gaseous fuels and related products",0.95,0.95,0.9,0.85,5 - Service and sales workers,52 - Sales workers,522 - Shop sales assistants and demonstrators,5223 - Shop sales assistants,0.95,0.9,0.75,0.65,"The industry classification is clear: Islands Petroleum operates as a fuel and lubricants wholesaler/distributor, which maps well to ISIC section G, division 46 and the class for wholesale of fuels (46.71). The occupation is best mapped to ISCO sales worker categories (major group 5, sub-major 52) because the role is customer-facing sales/order-taking at a depot, although the exact 4-digit ISCO unit-group is less certain because the position mixes sales, order processing and some cashiering duties."
24919,B - Mining and quarrying,07 - Mining of metal ores,072 - Mining of non‑ferrous metal ores,0729 - Mining of other non‑ferrous metal ores,1.0,0.99,0.96,0.92,2 - Professionals,24 - Business and administration professionals,242 - Administration professionals,2422 - Personnel and careers professionals,1.0,0.98,0.9,0.88,"This is a recruitment / human resources professional role (Personnel and careers professional) employed by a company that operates a gold mine; industry clearly fits Mining and quarrying (mining of metal ores, specifically non‑ferrous metal ores like gold). Industry classification is high confidence given the employer and job context; occupation mapping to ISCO as a business/administration professional (personnel and careers professional) is also strong though exact unit-group assignment may vary by local titling and seniority."
25314,"M - Professional, scientific and technical activities",70 - Activities of head offices; management consultancy activities,70.2 - Management consultancy activities,70.22 - Business and other management consultancy activities,0.85,0.85,0.8,0.75,1 - Managers,13 - Production and specialised services managers,"132 - Manufacturing, mining and construction managers",1323 - Construction managers,0.95,0.6,0.55,0.6,"The employer (Palladium) is a management/consultancy organisation delivering development programs, so ISIC M (division 70 — management consultancy) is the best fit. The role performs senior oversight of infrastructure investments, procurement and construction contractor management, so it is classified under ISCO as a manager responsible for construction-related projects (Construction Manager), though the post also includes program/finance/monitoring duties which introduce some ambiguity between pure construction management and program/project management."
24958,B - Mining and quarrying,07 - Mining of metal ores,,,0.97,0.92,0.3,0.2,8 - Plant and machine operators and assemblers,,,,0.9,0.3,0.2,0.1,"This posting is clearly for a drilling role at a gold mine, so the economic activity is confidently classified under Mining and quarrying (ISIC section B) and specifically Mining of metal ores (division 07). The occupation is clearly a driller/operator of mining drilling rigs (hence placed at the ISCO major-group level for plant/machine operators), but the posting does not provide the exact ISCO sub‑group/unit-group needed for a high-confidence 2–4 digit assignment."
24949,G - Wholesale and retail trade; repair of motor vehicles and motorcycles,"46 - Wholesale trade, except of motor vehicles and motorcycles","46.7 - Wholesale of other intermediate products, waste and scrap","46.71 - Wholesale of solid, liquid and gaseous fuels and related products",0.98,0.96,0.92,0.9,7 - Craft and related trades workers,"72 - Metal, machinery and related trades workers",723 - Machinery mechanics and fitters,7231 - Motor vehicle mechanics and repairers,0.99,0.95,0.9,0.88,"The employer is a fuel and lubricants distributor operating bulk fuel depots and is best classified under ISIC 46.71 (wholesale of fuels). The advertised role is clearly a vehicle/mechanical maintenance job for company fleets (small engines, light vehicles, trucks, road tankers), matching ISCO unit group 7231 (motor vehicle mechanics and repairers) with high confidence."
25037,B - Mining and quarrying,07 - Mining of metal ores,072 - Mining of non‑ferrous metal ores,0729 - Mining of other non‑ferrous metal ores,0.95,0.9,0.85,0.8,4 - Clerical support workers,43 - Numerical and material‑recording clerks,432 - Material‑recording clerks,4321 - Stock clerks and order fillers,0.9,0.9,0.85,0.8,"The employer and role are clearly located in the mining sector (mining of non‑ferrous metal ores), so the ISIC classification is high confidence. The occupation is best matched to clerical/material‑recording functions (expediting, PO tracking, stock delivery coordination) and maps well to ISCO's Stock clerks and order fillers (some ambiguity remains because the role is senior and involves coordination across procurement/logistics, which could also align with higher‑level supply/ procurement associate or managerial categories in some taxonomies)."
25299,H - Transportation and storage,51 - Air transport,511 - Passenger air transport,5110 - Passenger air transport,0.95,0.95,0.9,0.85,7 - Craft and related trades workers,"72 - Metal, machinery and related trades workers","723 - Vehicle, aircraft and related mechanics, electricians and repairers",,0.8,0.75,0.9,0.3,"This role is an aircraft maintenance/MRO function within an airline (PNG Air) and is best classified under ISIC H → 51 (Air transport), although the specific activities (NDT inspection) could alternatively map to repair/installation classes. Occupationally, the NDT Specialist is a hands-on aircraft/vehicle mechanic/technician (ISCO 723 group), but the exact 4-digit unit group is uncertain from the posting alone."
24477,B - Mining and quarrying,07 - Mining of metal ores,072 - Mining of non-ferrous metal ores,0721 - Mining of gold and silver,0.99,0.98,0.95,0.9,1 - Managers,12 - Administrative and commercial managers,"122 - Sales, marketing and development managers",1223 - Sales and marketing managers,0.95,0.85,0.7,0.5,"Industry classification is straightforward: the employer operates the Kainantu gold mine so the posting maps to ISIC section B, division 07 (mining of metal ores), and specifically gold mining (class 0721). Occupation classification is less exact: the role is a managerial position leading business development/community affairs (hence mapped to Managers → Administrative & commercial managers → Sales/marketing & development managers), but the job is a hybrid community-development/procurement role rather than a pure sales or marketing manager, so lower confidence is given at the detailed ISCO digit levels."
25212,G - Wholesale and retail trade; repair of motor vehicles and motorcycles,"47 - Retail trade, except of motor vehicles and motorcycles",,,0.95,0.85,0.25,0.15,3 - Technicians and associate professionals,33 - Business and administration associate professionals,"332 - Sales, marketing and public relations associate professionals",3322 - Commercial sales representatives,0.9,0.88,0.86,0.82,"The occupation is well-defined: this posting matches ISCO-08 3322 (Commercial sales representatives) with high confidence given the clear corporate sales responsibilities. The employer's economic activity is reasonably classed under ISIC section/division G / 47 (wholesale/retail trade and retail trade) but the posting does not provide enough detail to assign a precise 3- or 4-digit ISIC class (retail vs. wholesale, or exact product specialization) with confidence."
24834,H - Transportation and storage,49 - Land transport and transport via pipelines,493 - Other passenger land transport,"4930 - Other passenger land transport (e.g., taxi and similar services)",0.95,0.8,0.7,0.6,8 - Plant and machine operators and assemblers,83 - Drivers and mobile-plant operators,"832 - Car, van and motorcycle drivers","8321 - Car, taxi and van drivers",0.95,0.9,0.9,0.85,"The occupation is clearly a vehicle driver responsible for staff and package transport, so the ISCO-08 classification as Car/van drivers (832 / unit group 8321) is assigned with high confidence. The ISIC classification is placed within Transportation and storage (H) and Land transport (49) with moderate confidence because the employer's primary economic activity is not stated — it may be an internal driver role within a non-transport business rather than a commercial transport operator."
24795,N - Administrative and support service activities,"82 - Office administrative, office support and other business support activities",,,0.9,0.8,0.3,0.2,1 - Managers,12 - Administrative and commercial managers,121 - Business services and administration managers,1212 - Human resource managers,0.95,0.9,0.9,0.85,"The role is an HR/employee services supervisory position providing payroll, HRIS/ERP and remote employee support and therefore fits well under ISIC section N (administrative and support services), specifically office/administrative support activities (division 82). Occupationally, the duties align with ISCO human resource/administration management (business services and administration managers, unit group for human resource managers), though exact employer industry (e.g., real estate vs. business services) is not explicit which lowers confidence for finer ISIC subclassification."
24700,F - Construction,41 - Construction of buildings,412 - Construction of residential and non-residential buildings,4120 - Construction of residential and non-residential buildings,0.95,0.9,0.85,0.75,3 - Technicians and associate professionals,31 - Science and engineering associate professionals,312 - Civil engineering technicians,3129 - Other building and civil engineering technicians,0.95,0.9,0.85,0.6,"The vacancy is best classified within ISIC Section F (Construction), specifically activities related to construction of buildings (Division 41 / Class 4120), because the role focuses on scheduling and planning for construction projects. Occupationally, the role maps most closely to ISCO as a science/engineering associate professional (technician-level) in civil/building works (312 — unit 3129) since the tasks are technical, site-facing planning and schedule control rather than high-level management or design — the lower confidence at the 4-digit ISCO level reflects some ambiguity between associate-professional and professional/project-management classifications."
24951,S - Other service activities,94 - Activities of membership organisations,94.9 - Activities of other membership organisations,94.99 - Activities of other membership organisations n.e.c.,0.9,0.9,0.85,0.8,1 - Managers,,,,0.95,0.3,0.2,0.1,"The role is an NGO program/operations management position focused on provincial-level coordination and implementation; ISIC Rev.4 best fits Division 94 (Activities of membership organisations), class 94.99 for other membership/non-profit organisations. Occupationally the post is clearly managerial (ISCO major group 1 - Managers), but the vacancy description does not provide the precise sub-major/minor/unit ISCO grouping needed for a confident deeper-level assignment."
24138,B - Mining and quarrying,07 - Mining of metal ores,072 - Mining of non‑ferrous metal ores,0729 - Mining of other non‑ferrous metal ores,0.98,0.98,0.92,0.9,3 - Technicians and associate professionals,31 - Science and engineering technicians,"312 - Mining, manufacturing and construction supervisors",3121 - Mining supervisors,0.75,0.65,0.65,0.6,"This posting clearly relates to mining activity (underground gold mine) and fits ISIC section B, division 07, specifically non‑ferrous metal ore mining (gold). The role is a technical/supervisory mine control position focused on shift planning, scheduling and operational coordination, so it best maps to ISCO as a mining supervisor/technical associate (Technicians and associate professionals → mining supervisors), though exact unit‑group placement has moderate uncertainty because the position is more of a control/planning officer than a conventional on‑shift supervisor or qualified mining engineer."
25059,O - Public administration and defence; compulsory social security,84 - Public administration and defence; compulsory social security,841 - Administration of the State and the economic and social policy of the community,8411 - Administration of the State (general public administration activities),0.99,0.98,0.9,0.75,1 - Managers,12 - Administrative and commercial managers,122 - Administrative services managers,1221 - Administrative services managers,0.99,0.9,0.85,0.75,"This position is a provincial government management role focused on Gender Equity and Social Inclusion (GESI) within the Western Province Administration and therefore best maps to public administration (ISIC section O, division 84) and to managerial occupations in administrative services (ISCO-08 Managers → Administrative services managers). The ISIC assignment is high confidence at section/division levels but slightly less certain at the 4-digit class level, and the ISCO mapping is confident at the major and sub-major levels while the exact unit group (public-sector administrative manager vs. a specialized policy/technical manager) is somewhat less certain."
25275,P - Education,85 - Education,854 - Higher education,8540 - Higher education,0.95,0.95,0.9,0.9,2 - Professionals,24 - Business and administration professionals,242 - Administration professionals,2423 - Project management professionals,0.9,0.85,0.7,0.6,"The employer is a university and the role is explicitly responsible for planning and delivering institutional infrastructure projects, so the economic activity is best classified as ISIC P / 85 (Higher education — 8540). The occupation maps to ISCO-08 as a business/administration professional with project management duties (Professionals → Business and administration professionals → Administration professionals → Project management professionals), though the exact 4-digit unit group is assigned with moderate confidence because ""Project Officer"" can sit at either professional or managerial levels depending on organisational seniority."
25027,P - Education,85 - Education,,,0.95,0.95,0.35,0.2,3 - Technicians and associate professionals,31 - Science and engineering associate professionals,,,0.9,0.85,0.35,0.2,"The employer is a university and the role is clearly within the education sector (tertiary education), so ISIC Section P / Division 85 (Education) is an appropriate classification. The occupation is clearly a laboratory technician supporting science teaching and practicals, which places it in ISCO major group 3 (Technicians and associate professionals) and the science/engineering associate professionals sub-major; finer ISIC/ISCO subclass assignment is left unspecified due to coding granularity in the posting."
25038,"M - Professional, scientific and technical activities",73 - Advertising and market research,732 - Market research and public opinion polling,7320 - Market research and public opinion polling,0.98,0.98,0.99,0.99,2 - Professionals,24 - Business and administration professionals,"243 - Sales, marketing and development professionals",2431 - Market research analysts and marketing specialists,0.8,0.82,0.78,0.72,"The employer is clearly a market and social research firm, so the ISIC classification as 7320 (Market research and public opinion polling) is highly certain. The occupational classification aligns with market research roles (ISCO 2431), but the advertised position is an entry-level/operational field coordinator (supervising interviewers and logistics), so mapping to the professional unit group is reasonable though slightly less certain than the industry assignment."
25368,B - Mining and quarrying,07 - Mining of metal ores,072 - Mining of non-ferrous metal ores,,0.95,0.9,0.65,0.2,5 - Service and sales workers,54 - Protective services workers,541 - Protective services workers,5413 - Security guards and related workers,0.9,0.9,0.9,0.85,"This role is an in-house security (dog handler) position at a mine site, so the economic activity is best classified under Mining and quarrying (Section B → Division 07). The occupation is clearly a protective/security role (handled dogs for site security), mapped to ISCO as protective services / security guards (unit group for security guards and related workers)."
25157,"R - Arts, entertainment and recreation","91 - Libraries, archives, museums and other cultural activities",910 - Libraries and archives,9102 - Library and archive activities,0.75,0.95,0.9,0.9,2 - Professionals,24 - Business and administration professionals,"243 - Archivists, librarians and curators",2432 - Librarians,0.99,0.95,0.96,0.99,"This posting is for a Technical Services Librarian at a university library and is best classified occupationally as ISCO-08 2432 (Librarians) with very high confidence. Economically, the role maps to ISIC Rev.4 class for library and archive activities (Section R, Division 91), though there is some ambiguity because the post is within a higher-education institution (which would fall under Section P) so Section-level confidence is reduced."
24645,H - Transportation and storage,52 - Warehousing and support activities for transportation,522 - Support activities for transportation,5222 - Service activities incidental to water transportation,0.95,0.9,0.9,0.8,8 - Plant and machine operators and assemblers,,,,0.75,0.3,0.2,0.1,"The job is confidently classified within ISIC as transportation-related support activities for water transport (tug/towage services). The ISCO classification is less specific: it is likely within Major Group 8 (operational machine/vehicle operators) for seafaring/tug crew, but the exact sub-major/minor/unit group cannot be determined from the brief posting (no detailed role title such as deck officer, engineer or rating)."
25161,H - Transportation and storage,53 - Postal and courier activities,53.1 - Postal and courier activities,53.10 - Postal and courier activities,0.95,0.85,0.8,0.8,1 - Managers,13 - Production and specialised services managers,,,0.95,0.65,0.25,0.1,"The vacancy is clearly in the transportation/logistics sector (courier/freight operations) and best fits ISIC section H, division 53 (Postal and courier activities). The role is a senior operations/management position and therefore maps to ISCO major group 1 (Managers), but the posting lacks the specific standardized job title/unit-group details to assign a precise ISCO 3- or 4-digit code with confidence."
24925,I - Accommodation and food service activities,56 - Food and beverage service activities,561 - Restaurants and mobile food service activities,5610 - Restaurants and mobile food service activities,0.9,0.75,0.6,0.6,1 - Managers,12 - Administrative and commercial managers,,,0.95,0.8,0.25,0.1,"The role is a Procurement Manager focused on food & beverage sourcing for hospitality operations, so ISIC Section I (Accommodation and food service activities), particularly Division 56 (Food and beverage service activities), is the best fit though the position also supports hotel (Division 55) activities. Occupationally it clearly falls under ISCO Major Group 1 (Managers), most closely as an administrative/commercial manager responsible for procurement, but the posting does not give enough detail to assign a single definitive 4-digit ISCO unit group."
25176,H - Transportation and storage,50 - Water transport,502 - Sea and coastal freight water transport,5020 - Sea and coastal freight water transport (class),0.95,0.9,0.85,0.7,1 - Managers,13 - Production and specialized services managers,133 - Transport and distribution managers,1330 - Transport and distribution managers (unit group),0.95,0.7,0.65,0.6,"This role is best classified in ISIC as water transport activities (operation/management of vessels and port services). Occupationally it falls under managers responsible for transport and distribution operations (senior/operations management), though exact 4-digit ISCO placement is somewhat uncertain because the title is a general-manager role spanning operational, technical and commercial responsibilities."
25386,I - Accommodation and food service activities,55 - Accommodation,551 - Accommodation,5510 - Hotels and similar accommodation,0.98,0.98,0.95,0.98,5 - Service and sales workers,52 - Sales workers,522 - Other sales workers,,0.9,0.88,0.75,0.15,"The employer is clearly a hotel and the role is focused on generating revenue from conferences and events, so ISIC I (55 - Accommodation; 5510 Hotels and similar accommodation) is a strong fit. Occupationally the role is a sales-focused position in the service sector (ISCO major group 5, Sales workers 52 and Other sales workers 522); the exact 4-digit unit group is less certain because the job mixes sales, events coordination and internal operations coordination."
25101,I - Accommodation and food service activities,56 - Food and beverage service activities,56.1 - Restaurants and mobile food service activities,56.10 - Restaurants and mobile food service activities,0.99,0.9,0.75,0.7,5 - Service and sales workers,51 - Personal service workers,512 - Cooks,5121 - Chefs,0.99,0.95,0.9,0.88,"This vacancy is for culinary work (baker/pastry chef) within a hotel’s food service operation, so it best fits ISIC's food and beverage service division (56) while the broader section is Accommodation and food service activities (I). Occupationally, it clearly maps to ISCO’s personal service cluster for food preparation — specifically cooks/chefs (unit group for chefs) with high confidence given the explicit job title and duties."
25030,C - Manufacturing,33 - Repair and installation of machinery and equipment,"331 - Repair of fabricated metal products, machinery and equipment",3312 - Repair of machinery,0.7,0.95,0.8,0.6,7 - Craft and related trades workers,"72 - Metal, machinery and related trades workers",723 - Machinery mechanics and repairers,,0.95,0.9,0.85,0.3,This role is best classified as repair/manufacture of machinery components (hydraulic hose assembly and repair) within a heavy-equipment dealer's parts/service operation (ISIC division 33). The occupation fits craft-level machinery/mechanic work (ISCO major group 7 and machinery mechanics 723); exact 4-digit ISCO unit-group depends on national coding for heavy-equipment/hydraulic specialists and is less certain.
25136,"R - Arts, entertainment and recreation","91 - Libraries, archives, museums and other cultural activities",910 - Libraries and archives,9101 - Library activities,0.95,0.95,0.9,0.9,2 - Professionals,"26 - Legal, social and cultural professionals","262 - Librarians, archivists and curators and related information professionals",2621 - Librarians and related information professionals,0.95,0.9,0.9,0.9,"The position is clearly a librarian role (Reader Services Librarian) within a university library, so it maps to ISIC division 91 (libraries, archives, museums and other cultural activities) and to ISCO-08 unit group for librarians (2621). Section/division and major/sub-major level assignments are highly confident; the 4-digit ISIC/ISCO class labels are also strong matches though exact national implementations or more detailed job duties could affect the precise 4-digit class. "
25207,C - Manufacturing,"25 - Manufacture of fabricated metal products, except machinery and equipment","251 - Manufacture of fabricated metal products, except machinery and equipment","2511 - Manufacture of structural metal products, tanks, reservoirs and steam generators",0.8,0.85,0.8,0.75,4 - Clerical support workers,43 - Numerical and material recording clerks,431 - Numerical and material recording clerks,4311 - Book-keepers and payroll clerks,0.95,0.9,0.85,0.9,"The employer is described as a steel fabrication and construction company; the strongest single ISIC match is manufacturing of structural metal products (ISIC 2511), though construction activities are also possible. The occupation is clearly a payroll/bookkeeping role and maps well to ISCO as book-keepers and payroll clerks (4311) with high confidence."
25026,P - Education,85 - Education,853 - Higher education,8530 - Higher education,0.95,0.98,0.95,0.95,2 - Professionals,23 - Teaching professionals,231 - University and higher education teachers,2310 - University and higher education teachers,0.95,0.95,0.95,0.9,"This is a higher-education teaching role (Lecturer in Nursing) at a university, so it clearly maps to ISIC Section P (Education) and ISCO-08 university and higher education teachers. The posting describes teaching, course development and research duties rather than clinical bedside nursing, supporting a classification under teaching professionals rather than health professionals."
25093,S - Other service activities,94 - Activities of membership organisations,94.9 - Activities of other membership organisations,94.99 - Activities of other membership organisations n.e.c.,0.9,0.9,0.85,0.8,1 - Managers,12 - Administrative and commercial managers,121 - Business services and administration managers,,0.95,0.8,0.75,0.2,"The position is the manager of a charitable foundation (an NGO/philanthropic arm) and is best classified under ISIC Section S (Other service activities), specifically Activities of other membership organisations (94.99). Occupationally, the role is a managerial post focused on administration, fundraising and program management and maps to ISCO-08 as Business services and administration managers (major group 1, sub-major 12, minor 121); the exact 4-digit unit group cannot be determined confidently from the posting."
25117,"A - Agriculture, forestry and fishing","01 - Crop and animal production, hunting and related service activities",012 - Growing of perennial crops,,0.6,0.55,0.4,0.2,3 - Technicians and associate professionals,35 - Information and communications technicians,351 - Information and communications technicians,3511 - Computer network and systems technicians,0.98,0.97,0.95,0.85,"The occupation is clearly an ICT support role (desktop, laptop, printer/copier, network support), which fits well under ISCO-08 Technicians and associate professionals -> Information and communications technicians (unit group for network/systems/user support). The employer's business unit name (“Carpenter Agricultural and Manufacturing Limited” / “Carpenter Estate”) suggests an agriculture/estate activity but is ambiguous; ISIC is therefore assigned to agriculture (crop/animal production, perennial crops) with moderate-to-low confidence and the most detailed ISIC class left unspecified."
25356,B - Mining and quarrying,07 - Mining of metal ores,072 - Mining of non-ferrous metal ores,,0.99,0.95,0.9,0.2,2 - Professionals,24 - Business and administration professionals,241 - Finance and administration professionals,2411 - Accountants,0.98,0.97,0.95,0.98,"The vacancy is for a management/management-accounting role (Accountant) at a gold-mining company, so occupation classification as ISCO 2411 (Accountants) is highly confident. Industry classification at the section and division levels is clearly Mining (ISIC B / 07); the exact ISIC 4-digit class for this specific mining activity (gold mining) is not explicitly stated in the posting, so a precise 4-digit ISIC class was not assigned."
24764,B - Mining and quarrying,07 - Mining of metal ores,072 - Mining of non‑ferrous metal ores,0729 - Other mining and quarrying of non‑ferrous metal ores,0.98,0.97,0.95,0.9,3 - Technicians and associate professionals,33 - Business and administration associate professionals,332 - Business services and administration technicians,3322 - Purchasing agents and officers,0.8,0.85,0.75,0.8,"Industry classification is clear: the employer operates a gold mine so ISIC Section B (Mining and quarrying), Division 07 (Mining of metal ores) and the non‑ferrous metal ores classes are the correct assignment with high confidence. The occupation best matches a procurement/purchasing team lead (ISCO purchasing agents/officers) — the posting describes purchasing, stock control and supplier liaison — but there is modest uncertainty whether the role should be coded as an associate professional (procurement officer) versus a first‑line/operational manager, so occupation-level confidence is slightly lower."
25155,P - Education,85 - Education,853 - Higher education,8530 - Higher education,0.98,0.97,0.95,0.95,2 - Professionals,"26 - Legal, social and cultural professionals","262 - Librarians, archivists and curators",2621 - Librarians,0.92,0.92,0.95,0.95,"This posting is clearly for a senior circulation librarian role at a university, so it maps directly to ISIC Section P (Education) and ISIC class 8530 (Higher education). The occupational match is strong to ISCO-08 unit group 2621 (Librarians) given the title 'Senior Library Officer – Circulation Services' and the university library context."
25184,F - Construction,43 - Specialized construction activities,"432 - Electrical, plumbing and other construction installation","4322 - Plumbing, heat and air-conditioning installation",0.9,0.9,0.92,0.95,7 - Craft and related trades workers,"71 - Building and related trades workers, excluding electricians",712 - Building finishers and related trades workers,,0.95,0.9,0.75,0.2,"The role is clearly an HVAC/AC mechanic engaged in installation, maintenance and repair of heating, ventilation and air-conditioning systems; this matches ISIC Rev.4 class 4322 (Plumbing, heat and air‑conditioning installation) within Construction. At the occupational level the job fits within ISCO-08 major group 7 (craft and related trades), most plausibly under building-related trades (71/712), though assignment to a specific 4-digit ISCO unit group is less certain without the exact ISCO unit label."
25250,N - Administrative and support service activities,80 - Security and investigation activities,801 - Private security activities,8010 - Private security activities,0.95,0.9,0.85,0.8,5 - Service and sales workers,54 - Protective services workers,541 - Protective services workers,5413 - Security guards and related workers,0.95,0.9,0.8,0.75,"This is a field security officer role within an international NGO; economically it most closely aligns with private security activities (ISIC 8010) even though the position is embedded in humanitarian operations. Occupationally it maps to protective services/security guards (ISCO 5413) based on duties (monitoring, incident reporting, training and access control), with some uncertainty because the role includes supervisory and liaison responsibilities that could overlap higher-level protective service categories."
25343,H - Transportation and storage,53 - Postal and courier activities,53.2 - Courier activities,53.20 - Other postal and courier activities,0.99,0.99,0.98,0.95,8 - Plant and machine operators and assemblers,83 - Drivers and mobile plant operators,"832 - Car, taxi and van drivers",,0.99,0.99,0.9,0.3,"This posting is clearly for a courier/delivery driver role within the transportation and storage sector (postal and courier activities), so the ISIC classification is highly certain. The occupational classification as a driver in ISCO-08 (drivers and mobile plant operators, specifically car/van drivers) is also strong, though the exact 4-digit unit group is left unspecified due to variations in how delivery/courier driver roles are coded across national mappings."
25186,L - Real estate activities,68 - Real estate activities,681 - Real estate activities with own or leased property,6810 - Buying and selling of own real estate (including real estate developers),0.95,0.95,0.85,0.8,1 - Managers,12 - Administrative and commercial managers,121 - Business services and administration managers,,0.95,0.8,0.55,0.15,"The employer and role are best classified within ISIC section L (Real estate activities), most closely matching class 6810 as the client is described as a property developer responsible for development, sales and management of a property portfolio. The ISCO mapping is clear at the major-group level (Managers) and reasonably likely to be within administrative/commercial management, but the exact 4-digit unit group is uncertain because the General Manager role combines operational, leasing, sales and strategic functions across property development and management."
25180,F - Construction,41 - Construction of buildings,412 - Construction of residential and non-residential buildings,4120 - Construction of residential and non-residential buildings,0.95,0.9,0.8,0.75,4 - Clerical support workers,41 - General and keyboard clerks,411 - General office clerks,4110 - General office clerks,0.95,0.9,0.88,0.85,"The job is clearly an administrative/document-control role supporting construction projects, so the employer activity maps well to ISIC Section F (Construction) and more specifically to construction of buildings. Occupationally, the role fits within clerical support (general office clerks) given its document-control, scheduling and coordination duties; some uncertainty remains at the most detailed ISIC/ISCO class levels because the employer could be a developer or a contractor and job titles/responsibilities can span adjacent unit groups."
25179,S - Other service activities,94 - Activities of membership organisations,94.1 - Activities of religious organisations,94.11 - Activities of religious organisations,0.95,0.9,0.75,0.6,1 - Managers,13 - Business and administration managers,132 - Human resource managers (minor group),1321 - Human resource managers (unit group),0.98,0.9,0.75,0.65,"This role is a clear management position responsible for learning, development and staff capacity building within a faith-based NGO; it fits well under ISCO as a Human Resources / Learning & Development manager. The employer is a faith-based membership organisation engaged in Bible translation and related support activities, so ISIC classification under Activities of membership organisations (religious) is the best fit, though exact 4-digit ISIC and ISCO unit codes carry moderate uncertainty."
25194,L - Real estate activities,68 - Real estate activities,68.2 - Renting and operating of own or leased real estate,68.20 - Renting and operating of own or leased real estate,0.95,0.95,0.9,0.85,1 - Managers,12 - Administrative and commercial managers,122 - Sales and marketing managers,1221 - Sales and marketing managers,0.95,0.8,0.75,0.6,"The role is best classified under ISIC L (Real estate activities), specifically renting and operating of commercial property (68.20), because the job focuses on leasing and managing commercial mall space. Occupationally this is a managerial role within commercial/retail property operations and aligns with ISCO as a manager in sales/marketing and commercial development (sales and marketing managers); there is some room for alternative classification as a dedicated property/real-estate manager unit where available, so deeper ISCO-level confidence is slightly lower."
25115,K - Financial and insurance activities,"64 - Financial service activities, except insurance and pension funding",64.1 - Monetary intermediation,64.19 - Other monetary intermediation,0.98,0.96,0.9,0.85,4 - Clerical support workers,42 - Customer services clerks,421 - Cashiers and ticket clerks (includes bank tellers),4211 - Cashiers and ticket clerks,0.95,0.9,0.8,0.75,"This role is clearly within the banking sector (ISIC K; division 64) because it is a branch-based customer service/teller position for a commercial bank. Occupationally, the duties (customer relations, teller/new account processing, basic sales) map best to clerical customer-service/teller categories in ISCO-08, though exact unit-group assignment (bank teller vs cashier) is made with moderate confidence due to mixed call-centre and teller/sales responsibilities."
24702,I - Accommodation and food service activities,56 - Food and beverage service activities,561 - Restaurants,5610 - Restaurants and mobile food service activities,0.95,0.95,0.9,0.9,5 - Service and sales workers,52 - Sales workers,522 - Shop sales assistants and display persons,5223 - Shop sales assistants,0.9,0.85,0.7,0.6,"This posting is for a front-of-house cashier/sales assistant working in a food service (restaurant/restaurant-like) establishment, so the ISIC classification fits clearly under Accommodation and food service activities (Section I, Division 56, Class 5610). The ISCO mapping to sales workers / shop sales assistants is appropriate for a cashier role, though there is some ambiguity because duties include both cashiering and restaurant front-of-house tasks (host/runner/table clearing), so the 4-digit occupational assignment is moderately certain but not definitive."
25296,"M - Professional, scientific and technical activities",70 - Activities of head offices,701 - Activities of head offices,7010 - Activities of head offices,0.8,0.85,0.8,0.75,1 - Managers,"11 - Chief executives, senior officials and legislators",112 - Managing directors and chief executives,1120 - Managing directors and chief executives,0.95,0.9,0.85,0.8,"The role is best classified as head-office/group management (ISIC 70 / Activities of head offices) because it is a senior, cross-divisional General Manager position responsible for multiple business units and shareholder/board engagement. Occupationally it maps strongly to ISCO-08 Managing directors/chief executives (1120) given the senior executive, company-wide leadership and strategic responsibilities described."
24981,B - Mining and quarrying,07 - Mining of metal ores,072 - Mining of non-ferrous metal ores,,0.99,0.98,0.96,0.3,2 - Professionals,23 - Teaching professionals,235 - Vocational education teachers,2353 - Vocational education teachers,0.8,0.78,0.75,0.72,"The employer and role are clearly situated in the mining sector (ISIC Section B), specifically metal ore mining (ISIC Division 07 / Group 072) — the job posting describes training for personnel at a gold processing plant. The occupation is best mapped to vocational education/training (ISCO-08 2353) because the role focuses on workplace technical training and competency development for processing plant staff, though the exact ISIC 4-digit class and fine-grained ISCO distinctions (workplace trainer vs formal vocational teacher) carry some uncertainty."
25219,P - Education,85 - Education,853 - Higher education,8530 - Higher education,0.95,0.95,0.9,0.9,2 - Professionals,24 - Business and administration professionals,242 - Management and organisation analysts,2421 - Management and organisation analysts,0.7,0.75,0.65,0.6,"The employer is a private higher-education institution, so the economic activity is best classified under ISIC Section P, Division 85, Group 853 (Higher education) with high confidence. The job is a Quality Assurance / audit role focused on compliance, requirement analysis and reporting; it maps reasonably to ISCO as a management/organisation analyst (business and administration professional), though the title and hands-on QA/testing tasks could also fit associate-professional or specialist QA categories, so the occupational classification is moderately confident."
25012,L - Real estate activities,68 - Real estate activities,68.2 - Renting and operating of own or leased real estate,68.20 - Renting and operating of own or leased real estate,0.95,0.9,0.75,0.65,7 - Craft and related trades workers,74 - Electrical and electronic trades workers,741 - Electrical and electronic trades workers,7411 - Electricians,0.98,0.97,0.95,0.95,"The employer name ('Southern Cross Properties') and context indicate the economic activity is most plausibly real estate/property management, so ISIC Section L (division 68) is the best match though the exact 4-digit class (renting/operating vs property management services) is somewhat uncertain. The job itself is clearly an Electrician responsible for maintenance and supervision, which matches ISCO-08 unit group 7411 (Electricians) with high confidence."
25337,B - Mining and quarrying,07 - Mining of metal ores,072 - Mining of non-ferrous metal ores,0729 - Mining of other non-ferrous metal ores,0.99,0.98,0.95,0.85,3 - Technicians and associate professionals,31 - Science and engineering technicians,"312 - Mining, manufacturing and construction supervisors",3121 - Mining supervisors,0.8,0.7,0.9,0.6,"The industry classification is straightforward and highly certain: this is a mining operation (gold) and maps to ISIC section B and division 07, specifically non‑ferrous metal ore mining. The occupational classification is reasonably certain at the supervisor / mining‑maintenance supervisor level (ISCO minor group 312), but the exact 4‑digit unit group assignment is less certain because the role blends planning/scheduling, reliability engineering support and frontline supervision rather than a pure managerial or pure technician job."
25108,"M - Professional, scientific and technical activities",71 - Architectural and engineering activities; technical testing and analysis,711 - Architectural and engineering activities and related technical consultancy,7110 - Architectural and engineering activities and related technical consultancy,0.85,0.85,0.7,0.6,4 - Clerical support workers,41 - General and keyboard clerks,411 - General office clerks,4110 - General office clerks,0.95,0.9,0.9,0.85,"The employer is an engineering EPC firm that also provides engineering consulting, so classifying the economic activity under ISIC Section M (Architectural and engineering activities; technical testing and analysis) is appropriate though there is some ambiguity with construction/EPC activities at the 4-digit class level. The job itself (Document Controller) is clearly an administrative/clerical role and maps well to ISCO-08 Major Group 4 → General office clerks (4110) with high confidence."
25294,G - Wholesale and retail trade; repair of motor vehicles and motorcycles,"47 - Retail trade, except of motor vehicles and motorcycles",477 - Retail sale of other goods in specialised stores,4773 - Retail sale of pharmaceutical and medical goods in specialised stores,0.65,0.75,0.8,0.85,2 - Professionals,22 - Health professionals,226 - Pharmacists,,0.98,0.98,0.99,0.2,"The occupation is clearly a Pharmacist (ISCO-08 226) — the job duties (dispensing, patient counselling, drug safety, inventory) match the pharmacist profession with very high confidence. The economic activity is likely retail pharmacy (ISIC Rev.4 class 4773), but could alternatively be coded to human health services if the pharmacist is employed within a hospital or clinic; hence the ISIC retail classification is given with moderate-to-high confidence and some residual uncertainty."
25169,S - Other service activities,94 - Activities of membership organisations,94.9 - Activities of other membership organisations,94.99 - Activities of other membership organisations n.e.c.,0.9,0.85,0.8,0.75,2 - Professionals,24 - Business and administration professionals,242 - Administration professionals,2421 - Management and organisation analysts,0.9,0.8,0.7,0.6,"The employer is an international NGO delivering development programs, so the activity best fits ISIC Section S (Other service activities) and Division 94 (Activities of membership organisations), commonly used for NGOs. The role is a professional-level Monitoring, Evaluation & Learning coordinator involving design of M&E systems, data collection, analysis and reporting, which maps to ISCO Professionals (business/administration/management-analyst area) though exact 4-digit placement is moderately uncertain because MEL roles span social science, statistics and program-management classifications."
25020,S - Other service activities,81 - Services to buildings and landscape activities,81.1 - Combined facilities support activities,8110 - Combined facilities support activities,0.9,0.9,0.85,0.8,7 - Craft and related trades workers,71 - Building and related trades workers,,,0.75,0.6,0.4,0.2,"The industry classification is clear: the role is facility/camp maintenance for an oil & gas site and best matches ISIC 81.10 (combined facilities support activities). The occupational classification is less specific at detailed ISCO levels because the vacancy describes a supervisory role spanning multiple trades (electrical, plumbing, HVAC and general maintenance), so it is mapped at the broad craft/building trades level but specific 3- and 4-digit ISCO coding is uncertain."
25083,C - Manufacturing,25 - Manufacture of fabricated metal products,251 - Manufacture of structural metal products,2511 - Manufacture of structural metal products,0.7,0.65,0.6,0.55,1 - Managers,13 - Production and specialised services managers,132 - Manufacturing managers,1321 - Production managers,0.95,0.9,0.75,0.65,"This role is best classified as a managerial position within production/manufacturing activities (Operations/Production Manager) under ISCO-08. The employer’s activity mixes steel fabrication (manufacturing) and HVACR installation (construction); ISIC classification is therefore assigned to fabricated metal products (manufacturing) with moderate confidence, reflecting cross-over with construction/installation activities which introduces some uncertainty."
25104,I - Accommodation and food service activities,55 - Accommodation,55.1 - Hotels and similar accommodation,55.10 - Hotels and similar accommodation,0.97,0.95,0.95,0.95,5 - Service and sales workers,51 - Personal service workers,512 - Cooks,5122 - Cooks,0.95,0.9,0.88,0.75,"The employer (Holiday Inn) is a hotel, so the posting is best classified under ISIC section I, specifically 55.10 Hotels and similar accommodation; this is a high-confidence assignment. The role is a kitchen cook/commis position and fits ISCO-08 under cooks (major group 5 → sub-major 51 → minor group 512 → unit group 5122), with slightly lower confidence at the unit-group level because postings for 'commis' can map to either 'chef' or 'cook' unit groups depending on local coding conventions."
24934,K - Financial and insurance activities,"64 - Financial service activities, except insurance and pension funding",641 - Monetary intermediation,6419 - Other monetary intermediation,0.95,0.95,0.9,0.9,1 - Managers,13 - Information and communications technology service managers,132 - Information and communications technology service managers,1321 - Information and communications technology operations managers,0.9,0.85,0.75,0.7,"The employer is a commercial bank and the role clearly falls under financial activities (ISIC Section K), specifically monetary intermediation (6419 - banking). The position is an ICT operations management role responsible for ICT infrastructure, staff supervision and operational planning, which aligns with information and communications technology service managers in ISCO-08; confidence is high at the major-group level and somewhat lower at the most detailed unit-group level."
25375,G - Wholesale and retail trade; repair of motor vehicles and motorcycles,"46 - Wholesale trade, except of motor vehicles and motorcycles","464 - Wholesale of machinery, equipment and supplies",,0.85,0.85,0.75,0.3,3 - Technicians and associate professionals,35 - Safety and quality inspectors and regulatory officers (associate professionals in safety/quality),"351 - Safety, health and quality inspectors (occupational health & safety related)",3512 - Occupational health and safety inspectors / advisors (occupational safety advisor),0.8,0.7,0.65,0.6,"The employer is a Caterpillar dealer network that primarily sells, services and supports heavy machinery, so the enterprise is best classified under wholesale trade of machinery and equipment (ISIC 46 / 464). The role is an occupational health & safety advisor — an associate professional in safety/inspection functions — and maps to ISCO's technicians and associate professionals in safety/quality inspection (approx. ISCO 3512)."
25379,C - Manufacturing,10 - Manufacture of food products,"106 - Manufacture of grain mill products, starches and starch products",1061 - Manufacture of grain mill products,0.98,0.97,0.96,0.95,8 - Plant and machine operators and assemblers,81 - Stationary plant and machine operators,,,0.9,0.8,0.4,0.2,"Industry classification is clear and specific: this is manufacturing of rice/grain mill products (ISIC C; 10; 106; 1061) with high confidence because the employer is a rice mill and the role is in the Rice Mill Department. Occupational classification is moderately certain at the broad level (first-line supervisor of production in a plant — mapped to ISCO Major Group 8 and sub-major 81), but the posting does not specify an exact ISCO minor/unit-group code (supervisor vs. production manager distinctions and the precise unit-group for food‑processing supervisors are ambiguous), so deeper-level ISCO codes are left unspecified. "
25168,N - Administrative and support service activities,78 - Employment activities,781 - Activities of employment placement agencies,7810 - Activities of employment placement agencies,0.9,0.9,0.85,0.8,7 - Craft and related trades workers,,,,0.95,0.3,0.2,0.1,"Industry: The employer is a manpower/recruitment provider building a talent pool for projects, which maps best to ISIC Section N, Division 78 (employment activities) with high confidence. Occupation: The posting solicits multiple distinct trades (plumbers, electricians, carpenters, welders, lifting/rigging trainers), so it can be classified confidently only at the ISCO major-group level (7 - Craft and related trades workers); assignment to a single 2/3/4-digit ISCO code is ambiguous given the variety of trades listed."
25058,O - Public administration and defence; compulsory social security,84 - Public administration and defence; compulsory social security,842 - Provincial and local government activities,,0.95,0.95,0.9,0.2,1 - Managers,"11 - Chief executives, senior officials and legislators",111 - Legislators and senior officials,,0.95,0.8,0.6,0.2,"This vacancy is clearly a senior managerial role within subnational public administration (policy, planning and monitoring) and therefore fits Section O / Division 84 (public administration) and the ISCO major group 'Managers'. Exact 4‑digit ISIC and ISCO classes are less certain because the position spans provincial-level administration, policy planning and advisory functions that can map to several detailed classes at the most granular level."
25305,F - Construction,43 - Specialized construction activities,433 - Building completion and finishing,"4330 - Building completion and finishing (plastering, painting, glazing and other finishing activities)",0.95,0.9,0.9,0.8,7 - Craft and related trades workers,71 - Building and related trades workers,712 - Building finishers and related trades workers,,0.95,0.9,0.9,0.3,"This posting describes a tradesperson who installs tiles and performs building finishing work; it clearly falls within the Construction sector (ISIC F), specifically specialized building completion and finishing (ISIC 43/433). Occupationally it matches building finishers within ISCO-08 (major group 7, sub-major 71, minor group 712); the exact 4-digit ISCO unit group for 'tiler' is not uniquely specified in the text, so a low confidence is given for the 4-digit code."
25185,N - Administrative and support service activities,81 - Services to buildings and landscape activities,811 - Combined facilities support activities,8110 - Combined facilities support activities,0.9,0.9,0.85,0.8,1 - Managers,12 - Administrative and commercial managers,121 - Business services and administration managers,1219 - Business services and administration managers n.e.c.,0.95,0.9,0.65,0.4,"The role is best classified as facilities support within Administrative and support service activities (ISIC 81.10), since it centers on operation, maintenance and safety of multi-site infrastructure. Occupationally, this is a managerial post (Managers → Administrative and commercial managers) responsible for facilities/asset management; the ISCO mapping is confident at the major/sub-major level but less certain at the detailed unit-group level because exact ISCO unit-group naming/numbering for 'Facilities Manager' can vary and the employer (recruiter vs NGO client) introduces some ambiguity."
24866,B - Mining and quarrying,07 - Mining of metal ores,072 - Mining of non-ferrous metal ores,,0.98,0.96,0.85,0.2,3 - Technicians and associate professionals,,,,0.9,0.35,0.25,0.15,"This posting is clearly for a safety role at an operating gold mine (K92 Mining), so classification to ISIC Section B and Division 07 (mining of metal ores) is high confidence. The occupational classification as a technician/associate professional (safety officer) is appropriate at the ISCO major-group level, but the posting lacks the detail needed to assign a precise ISCO sub-major/minor/unit group or an exact ISIC 4-digit class with high confidence."
25348,G - Wholesale and retail trade; repair of motor vehicles and motorcycles,"46 - Wholesale trade, except of motor vehicles and motorcycles",,,0.9,0.9,0.25,0.15,1 - Managers,,,,0.95,0.25,0.15,0.1,"This posting is for an Inventory Manager at a company that supplies industrial materials, so at the economic-activity level it most closely matches wholesale trade (ISIC Division 46) rather than, for example, a pure third-party warehousing operator. Occupationally the role is clearly a managerial position in supply/warehouse operations (ISCO Major Group 1), but the posting does not supply enough detail to select a precise 3- or 4-digit ISIC or ISCO unit-group with high confidence."
25018,P - Education,85 - Education,854 - Other education,8540 - Other education n.e.c.,0.95,0.95,0.7,0.6,2 - Professionals,"26 - Legal, social and cultural professionals",263 - Social and religious professionals,,0.9,0.8,0.75,0.25,"This vacancy is best classified in ISIC under Education (Section P, Division 85) because the role explicitly supports education projects, schools and community training. Occupation mapping is less precise: the Project Officer performs program management, monitoring & evaluation and community mobilisation in an education/NGO context, so it fits within the social/related professionals area of ISCO-08 (professionals in social/community development), but the exact 4-digit unit group is ambiguous because the role is a hybrid of program management, training and community development."
24888,P - Education,85 - Education,854 - Other education n.e.c.,,0.95,0.95,0.9,0.3,2 - Professionals,23 - Teaching professionals,235 - Education methods specialists and school inspectors (incl. instructional design / curriculum specialists),,0.9,0.75,0.6,0.3,"This posting is best classified under ISIC as Education (Section P, Division 85) because the roles focus on designing and delivering education systems, eLearning and training solutions. Occupation-wise it most closely matches ISCO Education methods specialists (instructional designers, eLearning specialists and education-system advisors) though the roles also draw on ICT and management skills, so more specific unit-group assignment is less certain."
25006,C - Manufacturing,10 - Manufacture of food products,106 - Manufacture of grain mill products and starches,1061 - Manufacture of grain mill products,0.9,0.85,0.75,0.65,5 - Service and sales workers,52 - Sales workers,,,0.95,0.9,0.2,0.15,"The employer (Trukai Industries Ltd) is a food/FMCG manufacturer, so the posting is best classified under Manufacturing — Manufacture of food products (grain mill products) with moderate-to-high confidence. The occupation is clearly a sales role (Service and sales workers → Sales workers) with high confidence, but the posting does not provide enough detail to assign a precise ISCO minor/unit group with confidence (field sales representative vs. shop/retail salesperson distinction)."
24478,B - Mining and quarrying,07 - Mining of metal ores,072 - Mining of non-ferrous metal ores,0720 - Mining of non-ferrous metal ores,0.95,0.98,0.98,0.97,2 - Professionals,21 - Science and engineering professionals,"216 - Architects, planners, surveyors and designers","2163 - Surveyors, cartographers and photogrammetrists",0.85,0.82,0.78,0.75,"Industry classification is clear: the employer operates a gold mine and maps directly to ISIC Section B and Division 07 (mining of metal ores), specifically non-ferrous metal ores. Occupational classification is assigned to GIS/cartography professionals (ISCO 2163) because the role's core duties are technical GIS and spatial database management, although the title 'Superintendent' and supervisory responsibilities introduce some uncertainty as it could alternatively be coded to a managerial group in ISCO major group 1."
24169,B - Mining and quarrying,07 - Mining of metal ores,072 - Mining of non-ferrous metal ores,0729 - Mining of other non‑ferrous metal ores,0.99,0.98,0.95,0.9,8 - Plant and machine operators and assemblers,83 - Drivers and mobile-plant operators,833 - Drivers and mobile-plant operators,8332 - Mobile-plant operators (including specialised mining drill rig operators),0.9,0.8,0.75,0.6,The industry classification is straightforward and highly confident: this is an underground gold mining production role (ISIC B / 07 / 072 / 0729). The occupational mapping is clear at the major-group level (a plant/machine operator) but less certain at the most detailed ISCO unit-group level because drillers can be classified either with mobile-plant operators or with craft/trade subgroups depending on national implementations of ISCO; therefore the unit-group mapping has moderate confidence.
25183,S - Other service activities,94 - Activities of membership organisations,94.9 - Activities of other membership organisations,94.99 - Activities of other membership organisations n.e.c.,0.85,0.75,0.55,0.45,1 - Managers,13 - Production and specialised services managers,,,0.95,0.75,0.25,0.1,"The employer is a development/non-profit organisation delivering community programs and infrastructure, which best fits within ISIC Section S (Activities of membership/other non-profit organisations) though exact class-level assignment is moderately uncertain. The role is clearly a managerial position (ISCO Major Group 1) focused on program/project delivery for infrastructure, but mapping to a precise ISCO minor/unit group is uncertain from the posting alone."
25063,C - Manufacturing,10 - Manufacture of food products,"106 - Manufacture of grain mill products, starches and starch products",1061 - Manufacture of grain mill products,0.95,0.95,0.7,0.6,3 - Technicians and associate professionals,33 - Business and administration associate professionals,332 - Commercial sales representatives,3322 - Commercial sales representatives,0.8,0.85,0.9,0.9,"The vacancy is for a field Sales Representative at an FMCG company (Trukai Industries), so the occupational mapping to ISCO-08 unit group 3322 (Commercial sales representatives) is strong and well supported. The employer appears to be a food manufacturer (rice/grain products), so classifying the industry to ISIC Section C, Division 10 (manufacture of food products) is appropriate; the finer grain-mill group/class is inferred (moderate confidence) based on the firm's FMCG/rice-producing identity."
24867,B - Mining and quarrying,07 - Mining of metal ores,072 - Mining of non‑ferrous metal ores,0729 - Mining of other non‑ferrous metal ores,0.98,0.95,0.9,0.7,"6 - Skilled agricultural, forestry and fishery workers",62 - Animal producers and related workers,621 - Animal producers,6212 - Animal attendants,0.6,0.55,0.45,0.4,"Industry classification is clear and highly confident: the employer operates a gold mine, which maps to ISIC Section B, Division 07 (Mining of metal ores), specifically non‑ferrous metal ore mining. The occupation is less certain from the posting — 'Kennel Master' indicates animal care/handler responsibilities that best fit ISCO's animal producers/animal attendants area, but the exact ISCO unit group and supervisory level cannot be determined from the available description (hence lower confidence scores)."
25244,L - Real estate activities,68 - Real estate activities,682 - Renting and operating of own or leased real estate,6820 - Renting and operating of own or leased real estate,0.9,0.85,0.75,0.65,8 - Plant and machine operators and assemblers,83 - Drivers and mobile plant operators,"832 - Car, van and motorcycle drivers",,0.98,0.95,0.9,0.4,"The occupation is clearly a driver role (company vehicle operations with minor administrative tasks), so ISCO classification at the major/sub-major/minor levels is high-confidence. The employer name indicates a property business, so ISIC classification as Real Estate (renting/operating of own or leased real estate) is plausible but slightly less certain because the posting does not explicitly state the firm's primary economic activity."
25090,G - Wholesale and retail trade; repair of motor vehicles and motorcycles,45 - Wholesale and retail trade and repair of motor vehicles and motorcycles,452 - Maintenance and repair of motor vehicles,4520 - Maintenance and repair of motor vehicles,0.9,0.9,0.95,0.95,7 - Craft and related trades workers,"72 - Metal, machinery and related trades workers","723 - Vehicle, mobile-plant and related mechanics, and repair workers",7231 - Motor vehicle mechanics and repairers,0.98,0.95,0.9,0.85,"This posting is for an all-round mechanic performing maintenance, diagnosis, overhaul and repair of light vehicles and heavy mobile plant, which maps cleanly to ISIC class 4520 (maintenance and repair of motor vehicles) and ISCO unit group 7231 (motor vehicle mechanics and repairers). There is high confidence in the occupation assignment; the industry assignment is also strong for vehicle and mobile-plant repair, though if the role is embedded within a mining operator or heavy-equipment services firm an alternative ISIC (e.g., support activities for mining or repair of industrial machinery) could also be considered."
25310,B - Mining and quarrying,07 - Mining of metal ores,072 - Mining of non-ferrous metal ores,0729 - Mining of other non-ferrous metal ores,0.95,0.9,0.7,0.5,7 - Craft and related trades workers,"72 - Metal, machinery and related trades workers",,,0.95,0.9,0.35,0.2,"This posting is for a heavy equipment fitter employed on-site at a mine (Hidden Valley), so the employer activity maps to Mining and quarrying (ISIC B), most closely to mining of non‑ferrous metal ores (division 07). The occupation is clearly a craft/trades role (heavy equipment/vehicle mechanic) and fits within ISCO major group 7 and sub‑major 72, though an exact 3‑/4‑digit ISCO unit group is not determinable from the posting alone."
24139,B - Mining and quarrying,07 - Mining of metal ores,072 - Mining of non-ferrous metal ores,0729 - Mining of other non-ferrous metal ores,0.98,0.98,0.97,0.95,3 - Technicians and Associate Professionals,31 - Science and engineering technicians,311 - Physical and engineering science technicians,3119 - Physical and engineering science technicians not elsewhere classified,0.85,0.8,0.65,0.4,"The vacancy is clearly a mining role at a gold mine (Kainantu Gold Mine) and maps well to ISIC Section B, Division 07 (mining of metal ores) and Class 0729 (other non‑ferrous metal ores). The occupation is best mapped to the technicians/associate professionals area (science and engineering technicians) because the role focuses on mine shift control, scheduling and data-driven operational support rather than core engineering design or frontline machine operation — finer ISCO unit-group assignment is less certain due to overlap between mining technician, supervisor and mining engineering functions."
25378,K - Financial and insurance activities,"64 - Financial service activities, except insurance and pension funding",641 - Monetary intermediation,6419 - Other monetary intermediation n.e.c.,0.99,0.97,0.95,0.9,1 - Managers,12 - Administrative and commercial managers,122 - Sales and marketing managers,1221 - Sales and marketing managers,0.99,0.95,0.92,0.9,"This posting is easily classifiable at the industry level as a banking/financial services role (ISIC Section K, Division 64, Monetary intermediation class) since the employer is explicitly described as a leading PNG bank. The occupation is clearly a senior marketing management role (ISCO-08 Sales and Marketing Manager) with responsibilities and seniority matching the Sales/Marketing manager unit group; minor ambiguity could arise if emphasis was exclusively on corporate communications rather than marketing strategy."
25330,"M - Professional, scientific and technical activities",70 - Activities of head offices; management consultancy activities,702 - Management consultancy activities,7020 - Management consultancy activities,0.95,0.9,0.85,0.8,1 - Managers,12 - Administrative and commercial managers,121 - Business services and administration managers,1212 - Human resource managers,0.95,0.9,0.9,0.88,"This is a human resources / People and Culture Manager role embedded within a donor-funded program delivered by an international development consultancy, so classification to ISIC M (management/consultancy activities) and ISCO Human Resource Manager is appropriate and confident. The job description is specific about HR managerial duties (recruitment, payroll, performance frameworks, compliance), supporting a high-confidence occupational classification; minor uncertainty remains at the most granular industry/4-digit ISIC level because the employer’s broader activities span consulting, program implementation and service delivery."
24942,H - Transportation and storage,52 - Warehousing and support activities for transportation,522 - Support activities for transportation,5229 - Other transportation support activities,0.9,0.88,0.75,0.6,2 - Professionals,25 - Information and communications technology professionals,251 - Software and applications developers and analysts,2511 - Systems analysts,0.9,0.85,0.7,0.55,"Economic activity: The vacancy is for an MIS/BI role embedded in a logistics/transport/shipping operator, so classifying the employer under Transportation and storage (support activities for transportation) is appropriate. Occupation: the role is an ICT/data reporting specialist (business intelligence / systems analyst) and best fits within the ICT professionals group though the exact unit-group is somewhat uncertain because the job blends data analysis, reporting and domain logistics knowledge."
25204,L - Real estate activities,68 - Real estate activities,682 - Renting and operating of own or leased real estate,6820 - Renting and operating of own or leased real estate,0.95,0.95,0.9,0.8,3 - Technicians and Associate Professionals,33 - Business and administration associate professionals,333 - Business services and administration associate professionals,3331 - Real estate agents and property managers,0.9,0.88,0.8,0.75,"The role is best classified in ISIC as Real estate activities (L), specifically Renting and operating of own or leased real estate (6820), because the duties focus on leasing and project operation management for the employer's properties. For ISCO-08 the job aligns with Business and administration associate professionals, most closely matching Real estate agents and property managers (3331), though the posting is brief and could also overlap with sales/marketing functions, so unit-group level confidence is slightly lower."
25074,H - Transportation and storage,49 - Land transport and transport via pipelines,492 - Freight transport by road,4920 - Freight transport by road,0.98,0.95,0.9,0.7,1 - Managers,13 - Production and specialised services managers,,,0.95,0.75,0.4,0.2,"This role is strongly classifiable as Transportation and storage (ISIC Section H), specifically land freight transport (ISIC division 49 / group 492), because the vacancy describes day-to-day fleet operations, dispatching and fuel delivery. Occupationally it fits within Managers (ISCO major group 1) and broadly within production/operations management (sub-major 13), but the posting is not explicit enough to assign a single minor/unit group with high confidence (hence deeper ISCO levels are left unspecified)."
25202,B - Mining and quarrying,06 - Extraction of crude petroleum and natural gas,061 - Extraction of crude petroleum and natural gas,0610 - Extraction of crude petroleum and natural gas,0.98,0.98,0.97,0.97,2 - Professionals,21 - Science and engineering professionals,211 - Physical and earth science professionals,"2112 - Geologists, geophysicists and related professionals",0.95,0.92,0.88,0.78,"The employer and job duties clearly place this role in the oil and gas extraction sector (ISIC 0610) — classification at the ISIC levels is highly confident. The occupation is best classified as a physical/earth science professional (geomechanics specialist, ISCO 2112); there is good confidence but some ambiguity with petroleum engineering classifications because geomechanics overlaps geoscience and engineering functions."
25105,C - Manufacturing,23 - Manufacture of other non-metallic mineral products,239 - Manufacture of non‑metallic mineral products n.e.c.,2399 - Manufacture of other non‑metallic mineral products n.e.c.,0.95,0.85,0.75,0.55,1 - Managers,12 - Administrative and commercial managers,"122 - Sales, marketing and development managers",1221 - Sales and marketing managers,0.95,0.9,0.9,0.85,"The occupation is clearly a Sales Manager and maps well to ISCO-08 Sales and marketing managers (high confidence). The employer is described as a manufacturer of construction/building materials so ISIC C (Manufacturing) and Division 23 (non‑metallic mineral products) are appropriate; the exact 4-digit class is less certain because the posting does not specify the precise product (cement, tiles, etc.)."
25064,G - Wholesale and retail trade; repair of motor vehicles and motorcycles,"46 - Wholesale trade, except of motor vehicles and motorcycles","465 - Wholesale of machinery, equipment and supplies",,0.85,0.75,0.6,0.2,1 - Managers,12 - Administrative and commercial managers,122 - Sales and marketing managers,1221 - Sales and marketing managers,0.75,0.6,0.55,0.45,"This posting is for an account/relationship management sales role at an industrial supplier — it best fits the wholesale and trade sector (ISIC G, division 46) because the employer appears to sell industrial goods. The occupation maps to a sales/account management role; because the job title uses 'Manager' but duties are largely client-account and sales-focused, it is classified under Sales and marketing managers (ISCO unit for sales/account management) with moderate confidence at detailed ISCO levels."
25109,F - Construction,42 - Civil engineering,422 - Construction of utility projects for fluids,4220 - Construction of utility projects for fluids,0.9,0.85,0.8,0.75,2 - Professionals,24 - Business and administration professionals,,,0.9,0.8,0.3,0.2,"The employer is an EPC/engineering firm delivering construction and engineering projects in the energy sector, so mapping to ISIC Section F (Construction) and specifically civil engineering for utility projects is a good fit. The occupation is clearly a project scheduling/professional planning role, which places it among business and administration professionals (ISCO major group 2), though precise minor/unit-group assignment is uncertain because the role can span professional, managerial or technician classifications depending on organizational context."
25014,S - Other service activities,94 - Activities of membership organisations,949 - Activities of other membership organisations,9499 - Activities of other membership organisations n.e.c.,0.75,0.7,0.6,0.55,2 - Professionals,24 - Business and administration professionals,242 - Administration and human resources professionals,,0.9,0.88,0.8,0.3,"This position is a finance and HR officer role within an international humanitarian NGO (MAG) working on demining and weapons management; economically it best fits ISIC Section S (Other service activities) under activities of membership/other organisations (moderate confidence). Occupationally it falls within Business and Administration professionals (ISCO major group 2 / sub-major group 24) and specifically into administration/HR professionals, but the combined finance + HR duties make assigning a single 4-digit ISCO unit group uncertain."
25365,F - Construction,43 - Specialised construction activities,"432 - Electrical, plumbing and other construction installation activities",,0.9,0.9,0.95,0.3,5 - Service and sales workers,52 - Sales workers,522 - Shop sales assistants and other sales workers,,0.95,0.95,0.6,0.2,"The employer provides building-related installation, maintenance and repair (air conditioning, plumbing, electrical), so the economic activity is best mapped to ISIC Section F – Construction, Division 43 and Group 432 (installation activities). The advertised role is a junior sales position supporting those services and fits within ISCO major group 5 (Sales workers); however, the exact 4‑digit unit group is uncertain because the posting describes a general junior sales/CRM role rather than a highly specified sales specialty."
25289,B - Mining and quarrying,07 - Mining of metal ores,072 - Mining of non-ferrous metal ores,0729 - Mining of other non-ferrous metal ores,0.98,0.97,0.92,0.75,2 - Professionals,21 - Science and engineering professionals,214 - Engineering professionals,2142 - Civil engineers,0.95,0.92,0.9,0.8,"This posting clearly belongs to the mining industry (open-pit gold mining) and fits ISIC Division 07 (mining of metal ores). The occupation is best classified as an engineering professional (geotechnical/civil engineer) — there is minor ambiguity at the most detailed levels between a civil/geotechnical engineer and a specialized mining engineer and between the exact ISIC 4-digit class for specific metal ores, hence slightly lower confidence at the 4-digit levels."
25203,"M - Professional, scientific and technical activities",73 - Advertising and market research,731 - Advertising,7310 - Advertising,0.9,0.85,0.8,0.75,2 - Professionals,24 - Business and administration professionals,243 - Advertising and public relations professionals,,0.9,0.8,0.75,0.3,"The role is an in-house digital media / social media content creation and operations position, which aligns well with advertising and marketing activities (ISIC 73). Classifying the occupation at the Advertising/Public Relations professional minor-group (ISCO 243) is plausible, but the exact 4-digit ISCO unit group for a 'Digital Media Operator' (social media/content creator) is less certain without an authoritative unit-group name, so confidence at the unit-group level is lower."
25384,C - Manufacturing,10 - Manufacture of food products,108 - Manufacture of other food products,1089 - Manufacture of other food products n.e.c.,0.95,0.95,0.85,0.75,8 - Plant and machine operators and assemblers,83 - Drivers and mobile-plant operators,833 - Heavy truck and lorry drivers,,0.9,0.95,0.85,0.25,"The employer is clearly a food-manufacturing and distribution company, so classification to ISIC Section C and Division 10 (manufacture of food products) is highly confident; the exact 4‑digit class is somewhat uncertain because the company produces a wide range of food products across several food-manufacturing classes. The occupation is unambiguously a delivery/transport driver (ISCO major group for drivers is appropriate), but the posting does not specify the exact vehicle type or detailed driver unit-group, so the 4‑digit ISCO unit-group could not be assigned with high confidence."
25213,C - Manufacturing,33 - Repair and installation of machinery and equipment,,,0.7,0.95,0.2,0.1,3 - Technicians and associate professionals,31 - Science and engineering associate professionals,313 - Electrical and electronic engineering technicians,3132 - Electronics engineering technicians,0.95,0.9,0.9,0.85,"The occupation is well-classified as an electronics/electrical technician (ISCO 3132) because the role focuses on installation, maintenance and repair of electronic office equipment. The industry is best mapped to ISIC Division 33 (repair and installation of machinery and equipment), though some ambiguity exists because small service firms that repair office machines are sometimes classified in other repair/service divisions (hence lower confidence at higher ISIC digit resolution)."
25347,S - Other service activities,94 - Activities of membership organisations,94.9 - Activities of other membership organisations,94.99 - Activities of other membership organisations n.e.c.,0.9,0.9,0.85,0.8,2 - Professionals,24 - Business and administration professionals,242 - Administration professionals,2421 - Management and organization analysts,0.95,0.75,0.65,0.55,"The employer is an international non-governmental organisation delivering WASH and development programs, which maps best to ISIC section S (Other service activities) and specifically to activities of membership/other non-profit organisations (ISIC 94.99). The role is a professional Monitoring, Evaluation and Learning (MEL) coordinator — functionally similar to management/organization analysts within ISCO ( Professionals → Business & administration professionals → Administration professionals → Management and organization analysts), though exact ISCO unit-group fit is somewhat uncertain because MEL roles span programmatic, research and community-development functions."
25257,J - Information and communication,"62 - Computer programming, consultancy and related activities","620 - Computer programming, consultancy and related activities",6209 - Other information technology and computer service activities,0.98,0.92,0.88,0.75,3 - Technicians and associate professionals,35 - Information and communications technicians,351 - Information and communications technicians,3513 - Computer network and systems technicians,0.98,0.95,0.94,0.9,"The advertised role is clearly an ICT technical position (network administration and IT support) and fits within ISIC Section J (Information and communication) and ISCO unit group 3513 (Computer network and systems technicians). Confidence is high for the occupational classification; the ISIC 4-digit class is somewhat less certain only if the employer's primary business is not an IT services establishment, but the job tasks align with IT service activities."
25068,F - Construction,41 - Construction of buildings,412 - Construction of residential and non-residential buildings,4120 - Construction of residential and non-residential buildings,0.95,0.9,0.85,0.8,2 - Professionals,24 - Business and administration professionals,"243 - Architects, town and traffic planners and surveyors",2435 - Quantity surveyors,0.9,0.6,0.65,0.65,"This vacancy is best classified under ISIC Section F (Construction), specifically construction of buildings (most likely class 4120), because the role is focused on cost estimation, take-offs and project oversight for building/construction work. For occupation, the role most closely matches a construction quantity surveyor/construction estimator (mapped to ISCO unit group 2435) though exact ISCO placement is moderately uncertain because the posting mixes estimating, site supervision and commercial tasks."
25049,K - Financial and insurance activities,"64 - Financial service activities, except insurance and pension funding","64.3 - Trusts, funds and similar financial entities","64.30 - Trusts, funds and similar financial entities",0.95,0.9,0.9,0.9,4 - Clerical support workers,43 - Numerical and material recording clerks,431 - Numerical clerks,4311 - Accounting and bookkeeping clerks,0.98,0.95,0.95,0.95,"The employer is a trustee/financial services firm administering a retirement fund, which fits ISIC class 64.30 (Trusts, funds and similar financial entities) with high confidence. The role is a clear accounts payable/accounting clerk position and maps well to ISCO-08 unit group 4311 (Accounting and bookkeeping clerks)."
20799,H - Transportation and storage,51 - Air transport,511 - Passenger air transport,5110 - Passenger air transport,0.95,0.95,0.9,0.9,3 - Technicians and associate professionals,31 - Physical and engineering science technicians,311 - Physical and engineering science technicians,3112 - Mechanical engineering technicians,0.9,0.85,0.75,0.65,"This vacancy is for a maintenance/watch engineer employed by an airline, so the employer activity is best classified under ISIC H → 51 (Air transport), specifically passenger air transport (5110). The occupation fits within ISCO major group 3 (technicians and associate professionals) and is most closely represented by mechanical engineering/maintenance technician categories (3112), though some aspects (airworthiness management/co-ordination) blend technician and specialist operational roles, hence slightly lower confidence at the most detailed ISCO unit level."
25205,G - Wholesale and retail trade; repair of motor vehicles and motorcycles,"47 - Retail trade, except of motor vehicles and motorcycles",475 - Retail sale of household goods in specialised stores,"4752 - Retail sale of hardware, paints and glass in specialised stores",0.95,0.9,0.9,0.75,1 - Managers,12 - Administrative and commercial managers,"122 - Sales, marketing and development managers",1221 - Sales and marketing managers,0.95,0.95,0.95,0.9,"This role is best classified within ISIC Section G and Division 47 as retail trade of household/home-improvement goods (specialised retail), reflecting the employer's retail and distribution of consumer/home-improvement products. The occupation clearly maps to ISCO-08 Sales and Marketing Managers (1221) because the job is a managerial sales role responsible for strategy, team leadership, and sales performance."
25079,N - Administrative and support service activities,"82 - Office administrative, office support and other business support activities",,,0.85,0.6,0.2,0.1,4 - Clerical support workers,41 - General and keyboard clerks,411 - General office clerks,4110 - General office clerks,0.95,0.9,0.88,0.82,"The occupation is clearly a clerical/office clerk role and maps well to ISCO-08 Major Group 4 and the unit group for general office clerks (high confidence). The appropriate ISIC activity is less certain because the employer appears to be a motor-related company but the job posting describes generic administrative support, so the industry is provisionally placed in Section N / Division 82 with lower confidence at more detailed ISIC levels."
25042,B - Mining and quarrying,07 - Mining of metal ores,072 - Mining of non-ferrous metal ores,0729 - Mining of other non-ferrous metal ores,0.95,0.95,0.9,0.85,5 - Service and sales workers,54 - Protective services workers,541 - Firefighters and related protective services workers,5411 - Firefighters,0.8,0.78,0.72,0.6,"The employer is a gold-mining company and the role is an on-site emergency response/team lead supporting medical, fire, rescue and hazardous-materials incidents, so ISIC clearly maps to Mining and quarrying (B) with Mining of metal ores (07) and more specifically non‑ferrous metal ore mining. The occupation most closely aligns with protective service workers (firefighting and emergency response) under ISCO-08; however, because this is an industrial/occupational emergency-response leadership role (with training, incident control and H&S overlap), the exact 4-digit ISCO match has moderate uncertainty."
25351,"M - Professional, scientific and technical activities",73 - Advertising and market research,73.1 - Advertising,73.11 - Advertising agencies,0.85,0.8,0.7,0.6,5 - Service and sales workers,52 - Sales workers,522 - Shop salespersons and demonstrators,5223 - Demonstrators and product promoters,0.95,0.9,0.85,0.85,"This role is a field sales/merchandising position for FMCG products focused on in‑store execution, shelving, display setup and retailer liaison — clearly a sales worker function (ISCO major group 5). At the ISIC level it most closely aligns with advertising/marketing support activities (advertising agencies/point‑of‑sale promotion), though there is some overlap with other business support or retail trade services, so the ISIC 4‑digit assignment is somewhat less certain."
25052,O - Public administration and defence; compulsory social security,84 - Public administration and defence; compulsory social security,841 - Administration of the state and the economic and social policy of the community (general public administration),8411 - Executive and legislative organs and general public administration activities (provincial/local government administration),0.95,0.95,0.85,0.75,1 - Managers,"11 - Chief executives, senior officials and legislators",112 - Senior government officials,1120 - Senior government officials (senior provincial/territorial public administration managers),0.98,0.9,0.85,0.75,This role is a senior provincial public administration position and maps clearly to ISIC Section O (public administration) and ISCO Major Group 1 (Managers). The ISIC and ISCO 1- and 2-digit levels are assigned with high confidence; lower-level (3- and 4-digit) codes are assigned with slightly lower confidence because the posting is for a provincial/local government management post rather than a clearly-specified national or narrowly-defined administrative sub-unit.
24969,"M - Professional, scientific and technical activities",70 - Activities of head offices; management consultancy activities,701 - Activities of head offices,7010 - Activities of head offices,0.85,0.8,0.7,0.6,1 - Managers,"11 - Chief executives, senior officials and legislators",111 - Chief executives and senior officials,1110 - Managing directors and chief executives,0.95,0.8,0.65,0.55,"This role is best classified at the enterprise/head‑office level (ISIC 7010 Activities of head offices) because the General Manager position is responsible for group-wide strategy and oversight across agriculture, wholesale and other divisions. Occupationally, the position maps to senior executive/manager categories in ISCO-08 (managing director/general manager), though exact lower-level unit-group assignment is somewhat uncertain because the title is generic and spans diverse operational functions."
25131,"R - Arts, entertainment and recreation","91 - Libraries, archives, museums and other cultural activities",91.0 - Library and archive activities,91.02 - Library and archive activities,0.95,0.98,0.9,0.9,2 - Professionals,"26 - Legal, social and cultural professionals","262 - Archivists, librarians and curators",2621 - Librarians,0.95,0.9,0.95,0.9,"This posting is clearly for a library profession role (Assistant Librarian — Collection Development) at a university, which maps well to ISIC's library and archive activities and to ISCO's librarians/archivists/curators group. Confidence is high at the section/division and major/minor group levels; the only modest uncertainty is whether the specific job should be coded to the librarian professional unit group or to an associate/technician group depending on required qualifications and duties."
25004,H - Transportation and storage,52 - Warehousing and support activities for transportation,522 - Support activities for transportation,5224 - Cargo handling,0.95,0.93,0.9,0.8,8 - Plant and machine operators and assemblers,83 - Drivers and mobile-plant operators,834 - Mobile-plant operators,8343 - Fork-lift operators (including reach-stacker operators),0.95,0.95,0.9,0.85,"The posting describes an operator of heavy mobile handling equipment (reach stacker / large forklift) working in a port/warehouse/workshop context, which aligns well with ISIC Section H (Transportation and storage) — Division 52 (warehousing and support activities for transportation), and with ISCO major group 8 (plant and machine operators), sub-major 83 (drivers and mobile-plant operators). Major- and sub-major-level classifications are high confidence; 4-digit classes are also appropriate but slightly lower confidence because the exact organisational activity (e.g., strictly port stevedoring versus internal industrial materials handling) is implied rather than explicitly stated."
24935,K - Financial and insurance activities,"64 - Financial service activities, except insurance and pension funding",641 - Monetary intermediation,6419 - Other monetary intermediation,0.96,0.95,0.92,0.88,2 - Professionals,25 - Information and communications technology professionals,252 - Database and network professionals,2522 - Systems administrators,0.95,0.96,0.96,0.99,"Industry classification is clear: the employer is a bank so the posting fits Section K, Division 64, Monetary intermediation (classed to 6419 Other monetary intermediation). The occupational classification maps directly to ISCO-08 unit group 2522 Systems administrators based on the duties listed (server, security, backup, user account and network administration), giving high confidence in the occupation assignment."
25172,I - Accommodation and food service activities,55 - Accommodation,551 - Short term accommodation activities,5510 - Hotels and similar accommodation,0.95,0.9,0.85,0.85,1 - Managers,"14 - Hospitality, retail and other services managers",142 - Retail and wholesale trade managers,1421 - Retail and wholesale trade managers (shop manager / supervisor),0.85,0.8,0.8,0.75,"The employer is a hotel (Crowne Plaza) and the Wantok Shop role is embedded in hotel operations, so ISIC classification as Hotels and similar accommodation (Section I, Division 55, Class 5510) is appropriate. The job performs supervisory and managerial duties over a retail/shop operation (staff scheduling, hiring recommendations, inventory and pricing, customer complaint handling), so it is best classified as a retail/shop manager under ISCO-08 (Managers → Hospitality/retail managers → Retail and wholesale trade managers), though a lower-level sales-worker classification could be considered if the role were non-managerial."
25170,H - Transportation and storage,52 - Warehousing and support activities for transportation,522 - Support activities for transportation,5229 - Other transportation support activities,0.95,0.92,0.9,0.7,1 - Managers,13 - Production and specialised services managers,"132 - Manufacturing, mining, construction and distribution managers","1322 - Supply, distribution and related managers",0.98,0.9,0.88,0.85,"This posting is for an Operations Manager in freight forwarding/logistics (cargo handling, customs clearance, warehousing and transport coordination) and maps clearly to ISIC Section H, Division 52 (support activities for transportation). The ISCO mapping is to managerial occupations overseeing supply, distribution and logistics (Unit Group 1322); the precise ISIC 4-digit class is slightly uncertain because freight forwarding and customs clearance activities can be classified under several closely related ISIC classes (e.g., cargo handling vs. other transportation support activities)."
25349,C - Manufacturing,10 - Manufacture of food products,,,0.95,0.9,0.2,0.15,3 - Technicians and associate professionals,33 - Business and administration associate professionals,"332 - Sales, marketing and purchasing associate professionals",3322 - Purchasing agents and officers,0.95,0.95,0.85,0.95,"The employer is clearly a food-manufacturing and distribution company, so the activity is best classified under ISIC Section C, Division 10 (manufacture of food products) with high confidence; more granular 3- and 4-digit class assignment is not attempted here due to the company's broad product mix. The job itself (Procurement Officer) maps well to ISCO-08 unit group 3322 (Purchasing agents and officers) as it focuses on sourcing, negotiating and purchasing goods and supplier management, so occupational classification is high confidence."
23926,H - Transportation and storage,51 - Air transport,512 - Freight air transport,5120 - Freight air transport,0.95,0.95,0.85,0.8,4 - Clerical support workers,43 - Numerical and material recording clerks,432 - Material-recording and transport clerks,4322 - Transport clerks,0.9,0.85,0.85,0.7,"The employer activity is best classified within Transportation and storage (air transport) — this cargo-specific role reasonably maps to Freight air transport at the ISIC class level. The occupational classification fits into clerical transport/material-recording work (transport clerks handling acceptance, manifesting and documentation); the 4-digit ISCO unit is less certain because some cargo roles overlap with hands-on cargo handling or airport support-services classifications."
24956,S - Other service activities,94 - Activities of membership organisations,94.9 - Activities of other membership organisations,94.99 - Activities of other membership organisations n.e.c.,0.95,0.95,0.9,0.85,3 - Technicians and associate professionals,33 - Business and administration associate professionals,,,0.85,0.8,0.3,0.1,"The employer is an international non-governmental organisation and the role is administrative/logistics support for that NGO, which best fits ISIC section S, division 94 (activities of membership organisations), typically classed to 94.99 for NGOs and similar organisations. The occupational classification is less precise because the position spans administration, procurement and logistics (mixing clerical and associate-professional duties); it is therefore assigned to ISCO major group 3 (Business and administration associate professionals) at sub-major level, but 3- and 4-digit unit groups are ambiguous from the posting."
25259,K - Financial and insurance activities,"64 - Financial service activities, except insurance and pension funding",64.1 - Monetary intermediation,64.19 - Other monetary intermediation,0.95,0.95,0.93,0.9,1 - Managers,12 - Administrative and commercial managers,121 - Business services and administration managers,1211 - Finance managers,0.96,0.94,0.92,0.9,"This posting is clearly for a financial reporting / finance management role inside a banking institution, so ISIC classification under Financial and insurance activities -> Monetary intermediation (64.19) is appropriate. The occupation maps well to ISCO-08 Finance Managers (1211) given the managerial responsibilities for financial reporting, audits, budgeting and compliance; confidence is high though some variation could arise if the employer's activities were non-bank financial services rather than deposit-taking banking."
24957,H - Transportation and storage,52 - Warehousing and support activities for transportation,522 - Support activities for transportation,5229 - Other transportation support activities,0.98,0.95,0.9,0.7,4 - Clerical support workers,43 - Numerical and material recording clerks,431 - Material-recording clerks,4319 - Material-recording clerks (not elsewhere classified),0.95,0.9,0.85,0.6,"The role is clearly within Transportation and Storage (ISIC H), specifically among warehousing/support activities for transportation given the container gate-in/out monitoring and related paperwork. Occupationally it best fits clerical logistics/transport support (ISCO 4 -> numerical and material recording clerks), though the exact 4-digit unit-group is less certain because job titles and local duties for ""Logistics Officer"" vary between clerical, supervisory and operational classifications."
25293,C - Manufacturing,10 - Manufacture of food products,"106 - Manufacture of grain mill products, starches and starch products",1061 - Manufacture of grain mill products,0.95,0.95,0.9,0.88,1 - Managers,12 - Administrative and commercial managers,122 - Sales and marketing managers,1221 - Sales and marketing managers,0.99,0.95,0.92,0.9,"This is a Brand Manager role at Trukai Industries Limited, an FMCG manufacturer (likely producing rice/grain products), so the employer activity best fits ISIC C -> 10 -> 106 -> 1061 (manufacture of grain mill products). The occupation is clearly a marketing/brand management role and maps to ISCO-08 as Sales and marketing managers (1 -> 12 -> 122 -> 1221) with high confidence based on the duties and employer industry."
25271,L - Real estate activities,68 - Real estate activities,682 - Real estate activities on a fee or contract basis,6820 - Real estate activities on a fee or contract basis,0.95,0.95,0.95,0.95,1 - Managers,,,,0.95,0.2,0.1,0.05,"The industry is clearly classifiable as Real Estate activities (ISIC Section L, Division 68), specifically property management on a fee or contract basis (Class 6820), based on the duties and employer type. The occupation is unambiguously a managerial role (ISCO Major Group 1 - Managers) — mapping to a precise ISCO sub-major/minor/unit group is less certain from the posting alone because ISCO contains several possible manager subgroups (property/real-estate-specific unit group identification requires authoritative crosswalk or more granular job taxonomy information)."
25223,F - Construction,43 - Specialized construction activities,"432 - Electrical, plumbing and other construction installation","43.22 - Plumbing, heat and air-conditioning installation",0.98,0.95,0.9,0.85,3 - Technicians and associate professionals,31 - Science and engineering associate professionals,311 - Physical and engineering science technicians,,0.9,0.7,0.6,0.2,"The job is best classified in ISIC under Construction (specialized installation work), specifically plumbing, heat and air-conditioning installation (43.22), because it centres on HVAC installation/maintenance estimating. Occupationally the role aligns with technicians/associate professionals in the engineering/technical area (preparing technical cost estimates), though an exact ISCO unit group is less certain because the position combines technical HVAC knowledge with administrative/estimation tasks."
24184,H - Transportation and storage,49 - Land transport and transport via pipelines,492 - Freight transport by road,4920 - Freight transport by road,0.95,0.95,0.95,0.9,8 - Plant and machine operators and assemblers,83 - Drivers and mobile-plant operators,833 - Drivers of heavy trucks and buses (heavy vehicle drivers),8332 - Heavy truck and lorry drivers,0.9,0.9,0.85,0.7,"This posting is clearly for heavy freight (sidelifter) truck drivers working in road freight transport, so ISIC classification within Transportation and storage → Land transport → Freight transport by road is appropriate and high-confidence. The occupational classification as heavy truck/lorry drivers (ISCO drivers and mobile-plant operators → heavy truck drivers) is also appropriate; the unit-group (4-digit) mapping is slightly less certain because exact ISCO unit-group numbering/label variants differ across references, but the substantive occupational match is strong."
24946,K - Financial and insurance activities,"64 - Financial service activities, except insurance and pension funding",64.1 - Monetary intermediation,64.19 - Other monetary intermediation,1.0,0.98,0.95,0.92,2 - Professionals,24 - Business and administration professionals,242 - Administration professionals,,0.95,0.9,0.6,0.2,"Industry classification is clear: the employer is a state-owned development bank, fitting within ISIC K, Division 64, Group 64.1 and Class 64.19 (other monetary intermediation). The occupation maps to ISCO major group 2 (Professionals) and sub-major 24 (Business and administration professionals); the precise 4-digit unit group is less certain from the posting (compliance roles can map to several unit groups within administration/finance), so only the 3-digit assignment is given with moderate confidence."
