job_id,isic_1digit,isic_2digit,isic_3digit,isic_4digit,isic_1digit_confidence,isic_2digit_confidence,isic_3digit_confidence,isic_4digit_confidence,isco_1digit,isco_2digit,isco_3digit,isco_4digit,isco_1digit_confidence,isco_2digit_confidence,isco_3digit_confidence,isco_4digit_confidence,classification_summary
25377,P - Education,85 - Education,853 - Higher education,8530 - Higher education,0.98,0.98,0.96,0.95,2 - Professionals,23 - Teaching professionals,231 - University and higher education teachers,2310 - University and higher education teachers,0.99,0.98,0.96,0.95,
24184,H - Transportation and storage,49 - Land transport and transport via pipelines,492 - Freight transport by road,4921 - Freight transport by road,0.98,0.95,0.95,0.9,8 - Plant and machine operators and assemblers,83 - Drivers and mobile plant operators,833 - Heavy truck and bus drivers,,0.95,0.95,0.95,0.4,
21709,G - Wholesale and retail trade; repair of motor vehicles and motorcycles,45 - Wholesale and retail trade and repair of motor vehicles and motorcycles,452 - Maintenance and repair of motor vehicles,4520 - Maintenance and repair of motor vehicles,0.95,0.95,0.95,0.9,7 - Craft and related trades workers,"72 - Metal, machinery and related trades workers",723 - Motor vehicle mechanics and repairers,7231 - Motor vehicle mechanics and repairers,0.95,0.9,0.95,0.9,
25362,F - Construction,42 - Civil engineering,429 - Construction of other civil engineering projects,4290 - Construction of other civil engineering projects,1.0,0.98,0.95,0.9,2 - Professionals,21 - Science and engineering professionals,214 - Engineering professionals,2141 - Civil engineers,0.99,0.96,0.93,0.9,
25071,P - Education,85 - Education,852 - Secondary education,8520 - Secondary education,0.99,0.99,0.97,0.92,2 - Professionals,23 - Teaching professionals,232 - Secondary education teachers,2320 - Secondary school teachers,0.99,0.98,0.95,0.92,
25226,P - Education,85 - Education,853 - Higher education,8530 - Higher education,0.98,0.98,0.96,0.96,2 - Professionals,23 - Teaching professionals,231 - University and higher education teachers,2310 - University and higher education teachers,0.97,0.97,0.95,0.95,
25245,B - Mining and quarrying,07 - Mining of metal ores,072 - Mining of non-ferrous metal ores,0720 - Mining of non-ferrous metal ores,0.98,0.97,0.95,0.6,2 - Professionals,21 - Science and engineering professionals,214 - Engineering professionals,2141 - Civil engineers,0.95,0.9,0.9,0.9,
25026,P - Education,85 - Education,853 - Higher education,8530 - Higher education,0.99,0.98,0.97,0.96,2 - Professionals,23 - Teaching professionals,231 - University and higher education teachers,2310 - University and higher education teachers,0.99,0.95,0.96,0.95,
24826,B - Mining and quarrying,07 - Mining of metal ores,071 - Mining of metal ores,0710 - Mining of metal ores,0.99,0.98,0.95,0.9,2 - Professionals,21 - Science and engineering professionals,214 - Engineering professionals,2143 - Electrical engineers,0.98,0.97,0.96,0.9,
25324,P - Education,85 - Education,853 - Higher education,8530 - Higher education,0.99,0.99,0.95,0.95,1 - Managers,12 - Administrative and commercial managers,"122 - Sales, marketing and development managers",1221 - Sales and marketing managers,0.99,0.9,0.88,0.8,
24582,B - Mining and quarrying,07 - Mining of metal ores,072 - Mining of non-ferrous metal ores,,0.98,0.98,0.92,0.15,8 - Plant and machine operators and assemblers,81 - Stationary plant and machine operators,811 - Mining and mineral processing plant operators,,0.98,0.9,0.75,0.15,
25228,P - Education,85 - Education,85.3 - Higher education,"85.31 - Higher education (universities, colleges and other higher education)",1.0,0.99,0.97,0.86,2 - Professionals,23 - Teaching professionals,231 - University and higher education teachers,2310 - University and higher education teachers,0.99,0.97,0.95,0.92,
25012,L - Real estate activities,68 - Real estate activities,68.2 - Renting and operating of own or leased real estate,68.20 - Renting and operating of own or leased real estate,0.9,0.9,0.85,0.8,7 - Craft and related trades workers,74 - Electrical and electronic trades workers,741 - Electrical and electronic installers and repairers,7411 - Electricians,0.95,0.95,0.9,0.9,
25269,B - Mining and quarrying,07 - Mining of metal ores,072 - Mining of non‑ferrous metal ores,,0.99,0.98,0.9,0.2,2 - Professionals,21 - Science and engineering professionals,212 - Engineering professionals,2123 - Electrical engineers,0.95,0.95,0.95,0.98,
25162,B - Mining and quarrying,07 - Mining of metal ores,072 - Mining of non-ferrous metal ores,0729 - Mining of other non-ferrous metal ores,0.99,0.98,0.9,0.85,7 - Craft and related trades workers,74 - Electrical and electronic trades workers,741 - Electrical and electronic equipment mechanics and fitters,7411 - Electricians and electrical fitters,0.95,0.92,0.9,0.88,
25331,"M - Professional, scientific and technical activities","74 - Other professional, scientific and technical activities",741 - Specialised design activities,7410 - Specialised design activities,0.95,0.9,0.9,0.95,2 - Professionals,21 - Science and engineering professionals,"216 - Architectural, engineering and related professionals",2166 - Graphic and multimedia designers,0.95,0.85,0.85,0.95,
25346,I - Accommodation and food service activities,55 - Accommodation,551 - Short-term accommodation activities,5510 - Short-term accommodation activities,0.99,0.98,0.97,0.95,1 - Managers,"14 - Hospitality, retail and other services managers",141 - Hotel managers,1411 - Hotel managers,0.98,0.95,0.85,0.7,
14919,H - Transportation and storage,52 - Warehousing and support activities for transportation,521 - Warehousing and storage,5210 - Warehousing and storage,0.98,0.98,0.95,0.95,8 - Plant and machine operators and assemblers,83 - Drivers and mobile plant operators,,,0.95,0.9,0.2,0.15,
25174,P - Education,85 - Education,853 - Higher education,8530 - Higher education,0.99,0.98,0.95,0.93,2 - Professionals,23 - Teaching professionals,231 - University and higher education teachers,2310 - University and higher education teachers,0.99,0.97,0.95,0.93,
24989,P - Education,85 - Education,854 - Higher education,8540 - Higher education,0.99,0.99,0.98,0.98,2 - Professionals,23 - Teaching Professionals,231 - University and higher education teachers,2310 - University and higher education teachers,0.99,0.99,0.98,0.97,
24918,B - Mining and quarrying,07 - Mining of metal ores,072 - Mining of non-ferrous metal ores,0729 - Mining of other non-ferrous metal ores,0.99,0.98,0.95,0.9,3 - Technicians and associate professionals,31 - Physical and engineering science technicians,311 - Physical and engineering science technicians,3115 - Mechanical engineering technicians,0.95,0.9,0.85,0.8,
25158,P - Education,85 - Education,853 - Higher education,8530 - Higher education,0.95,0.95,0.9,0.9,2 - Professionals,"26 - Legal, social and cultural professionals","262 - Librarians, archivists and curators",2621 - Archivists and librarians,0.95,0.9,0.9,0.85,
25203,"M - Professional, scientific and technical activities",73 - Advertising and market research,731 - Advertising,7310 - Advertising,0.9,0.92,0.88,0.86,2 - Professionals,24 - Business and administration professionals,243 - Advertising and marketing professionals,2431 - Advertising and marketing professionals,0.9,0.86,0.89,0.84,
25256,F - Construction,42 - Civil engineering,429 - Construction of other civil engineering projects,4290 - Construction of other civil engineering projects,0.95,0.85,0.75,0.65,2 - Professionals,24 - Business and administration professionals,241 - Accountants,2411 - Accountants,0.99,0.98,0.95,0.95,
24731,B - Mining and quarrying,07 - Mining of metal ores,071 - Mining of metal ores,0710 - Mining of metal ores,0.98,0.96,0.95,0.95,2 - Professionals,21 - Science and engineering professionals,214 - Engineering professionals,2146 - Mining engineers,0.96,0.94,0.93,0.9,
24602,B - Mining and quarrying,07 - Mining of metal ores,072 - Mining of non-ferrous metal ores,0729 - Mining of other non-ferrous metal ores (e.g. gold),0.99,0.98,0.85,0.75,2 - Professionals,21 - Science and engineering professionals,211 - Physical and earth science professionals,2112 - Geologists and geophysicists,0.99,0.95,0.9,0.85,
25386,I - Accommodation and food service activities,55 - Accommodation,551 - Hotels and similar accommodation,5510 - Hotels and similar accommodation,0.95,0.95,0.9,0.85,3 - Technicians and associate professionals,33 - Business and administration associate professionals,332 - Sales and marketing associate professionals,3322 - Commercial sales representatives / Sales and marketing associate professionals (events & hotel sales coordinator),0.9,0.8,0.95,0.75,
25222,P - Education,85 - Education,853 - Higher education,8530 - Higher education,0.95,0.95,0.9,0.85,2 - Professionals,23 - Teaching professionals,231 - University and higher education teachers,2310 - University and higher education teachers,0.98,0.97,0.95,0.9,
24941,C - Manufacturing,"21 - Manufacture of pharmaceuticals, medicinal chemical and botanical products","210 - Manufacture of pharmaceuticals, medicinal chemical and botanical products","2100 - Manufacture of pharmaceuticals, medicinal chemical and botanical products",0.9,0.9,0.85,0.8,4 - Clerical support workers,43 - Numerical and material recording clerks,431 - Accounting and bookkeeping clerks,4311 - Accounting clerks / Bookkeepers (Accounts/Finance Assistant),0.95,0.9,0.85,0.8,
25129,P - Education,85 - Education,853 - Higher education,8530 - Higher education,0.95,0.95,0.95,0.95,2 - Professionals,24 - Business and administration professionals,243 - Advertising and public relations professionals,2431 - Public relations professionals,0.85,0.78,0.72,0.7,
25309,P - Education,85 - Education,853 - Higher education,8530 - Higher education,0.98,0.98,0.96,0.96,2 - Professionals,23 - Teaching professionals,231 - University and higher education teachers,2310 - University and higher education teachers,0.99,0.98,0.96,0.95,
24972,F - Construction,42 - Civil engineering,429 - Construction of other civil engineering projects,4290 - Construction of other civil engineering projects,0.99,0.98,0.9,0.9,2 - Professionals,21 - Science and engineering professionals,214 - Engineering professionals,2141 - Civil engineers,0.99,0.98,0.95,0.95,
25043,O - Public administration and defence; compulsory social security,84 - Public administration and defence; compulsory social security,841 - Administration of the State and the economic and social policy of the community,8411 - Administration of the State and the economic and social policy of the community,0.99,0.98,0.95,0.75,1 - Managers,"11 - Chief executives, senior officials and legislators",111 - Legislators and senior officials (senior government officials / top public sector managers),,0.99,0.95,0.85,0.35,
25115,K - Financial and insurance activities,"64 - Financial service activities, except insurance and pension funding",641 - Monetary intermediation,6419 - Other monetary intermediation,0.95,0.95,0.9,0.75,4 - Clerical support workers,42 - Customer and information clerks,422 - Client information and customer service clerks,4222 - Call centre operators,0.9,0.9,0.85,0.7,
24990,P - Education,85 - Education,853 - Higher education,8530 - Higher education,0.99,0.99,0.97,0.95,2 - Professionals,23 - Teaching professionals,231 - University and higher education teachers,2310 - University and higher education teachers,0.99,0.98,0.97,0.96,
24991,P - Education,85 - Education,854 - Higher education,8540 - Higher education,0.99,0.98,0.95,0.93,2 - Professionals,23 - Teaching professionals,231 - University and higher education teachers,2310 - University and higher education teachers,0.99,0.98,0.95,0.93,
24798,G - Wholesale and retail trade; repair of motor vehicles and motorcycles,45 - Wholesale and retail trade and repair of motor vehicles and motorcycles,452 - Maintenance and repair of motor vehicles,4520 - Maintenance and repair of motor vehicles,0.98,0.97,0.96,0.95,7 - Craft and related trades workers,"72 - Metal, machinery and related trades workers",723 - Motor vehicle mechanics and repairers,7231 - Motor vehicle mechanics and repairers,0.98,0.9,0.92,0.85,
25335,H,51,511,5110,0.98,0.97,0.95,0.9,4,43,431,4311,0.98,0.95,0.9,0.85,
24939,P - Education,85 - Education,854 - Higher education,8540 - Higher education,0.98,0.98,0.95,0.95,3 - Technicians and associate professionals,31 - Science and engineering technicians,311 - Physical and engineering science technicians (or general science technicians),,0.95,0.9,0.65,0.3,
24935,K - Financial and insurance activities,"64 - Financial service activities, except insurance and pension funding",64.1 - Monetary intermediation,6419 - Other monetary intermediation (banks and similar financial intermediation),0.99,0.98,0.95,0.85,2 - Professionals,25 - Information and communications technology professionals,252 - Database and network professionals,2522 - Systems administrators,0.99,0.97,0.93,0.9,
25274,P - Education,85 - Education,853 - Higher education,8530 - Higher education,1.0,0.99,0.98,0.95,2 - Professionals,23 - Teaching professionals,231 - University and higher education teachers,2310 - University and higher education teachers,0.99,0.98,0.96,0.95,
25079,N - Administrative and support service activities,"82 - Office administrative, office support and other business support activities",821 - Office administrative and support activities,8211 - Combined office administrative service activities,0.9,0.85,0.6,0.5,4 - Clerical support workers,41 - General and keyboard clerks,411 - General office clerks,4110 - General office clerks,0.95,0.9,0.9,0.9,
25111,B - Mining and quarrying,07 - Mining of metal ores,073 - Mining of non-ferrous metal ores,0730 - Mining of non‑ferrous metal ores,0.98,0.95,0.9,0.85,2 - Professionals,21 - Science and engineering professionals,214 - Engineering professionals,2146 - Mining engineers,0.98,0.9,0.9,0.85,
25221,B - Mining and quarrying,07 - Mining of metal ores,072 - Mining of non-ferrous metal ores,0729 - Mining of other non-ferrous metal ores,0.95,0.95,0.9,0.85,7 - Craft and related trades workers,"72 - Metal, machinery and related trades workers",723 - Machinery mechanics and repairers,7232,0.95,0.9,0.9,0.6,
25007,F - Construction,42 - Civil engineering,429 - Construction of other civil engineering projects,4290 - Construction of other civil engineering projects,0.95,0.9,0.8,0.75,3 - Technicians and associate professionals,31 - Physical and engineering science technicians,313 - Safety and quality inspectors (incl. occupational safety technicians),3132 - Occupational health and safety technicians / Safety officers,0.9,0.8,0.75,0.65,
25220,I - Accommodation and food service activities,56 - Food and beverage service activities,561 - Restaurants and mobile food service activities,5610 - Restaurants and mobile food service activities,0.98,0.97,0.96,0.95,1 - Managers,"14 - Hospitality, retail and other services managers",141 - Hotel and restaurant managers,1412 - Restaurant managers,0.98,0.95,0.9,0.75,
25049,K - Financial and insurance activities,"65 - Insurance, reinsurance and pension funding, except compulsory social security",652 - Pension funding,6520 - Pension funding,0.98,0.95,0.9,0.88,4 - Clerical support workers,43 - Numerical and material-recording clerks,431 - Numerical clerks,4311 - Book-keepers and accounting clerks,0.98,0.92,0.9,0.88,
25364,P - Education,85 - Education,853 - Higher education,8530 - Higher education,0.95,0.95,0.98,0.98,2 - Professionals,23 - Teaching professionals,231 - University and higher education teachers,2310 - University and higher education teachers,0.98,0.98,0.99,0.99,
25253,H - Transportation and storage,49 - Land transport and transport via pipelines,493 - Freight transport by road,4930 - Freight transport by road,0.95,0.92,0.9,0.85,8 - Plant and machine operators and assemblers,83 - Drivers and mobile-plant operators,833 - Motor vehicle drivers,8332 - Truck drivers (heavy goods vehicle / tanker drivers),0.98,0.97,0.95,0.9,
25311,Q - Human health and social work activities,86 - Human health activities,861 - Hospital activities,8610 - Hospital activities,0.95,0.95,0.9,0.9,3 - Technicians and associate professionals,32 - Health associate professionals,,,0.9,0.9,0.3,0.2,
24974,F,43,,,0.95,0.95,0.4,0.2,7,71,713,,0.95,0.95,0.95,0.4,
25121,G - Wholesale and retail trade; repair of motor vehicles and motorcycles,45 - Wholesale and retail trade and repair of motor vehicles and motorcycles,452 - Maintenance and repair of motor vehicles,4520 - Maintenance and repair of motor vehicles,0.99,0.99,0.99,0.98,7 - Craft and related trades workers,"72 - Metal, machinery and related trades workers",723 - Motor mechanics and repairers,7231 - Motor vehicle mechanics and repairers,0.95,0.85,0.9,0.88,
25368,B - Mining and quarrying,07 - Mining of metal ores,072 - Mining of non-ferrous metal ores,0720 - Mining of other non‑ferrous metal ores,0.95,0.9,0.7,0.6,5 - Service and sales workers,54 - Protective services workers,,,0.95,0.9,0.3,0.2,
25270,H - Transportation and storage,52 - Warehousing and support activities for transportation,522 - Support activities for transportation,5220 - Service activities incidental to transportation (logistics/freight support),0.9,0.9,0.85,0.8,2 - Professionals,24 - Business and administration professionals,241 - Accountants (accounting professionals),2411 - Accountants,0.99,0.97,0.95,0.98,
25354,B - Mining and quarrying,07 - Mining of metal ores,071 - Mining of metal ores (group),0710 - Mining of metal ores (class - gold mining),0.99,0.95,0.9,0.65,2 - Professionals,24 - Business and administration professionals,242 - Administration professionals,2423 - Human resource professionals,0.92,0.9,0.75,0.65,
25297,K - Financial and insurance activities,"64 - Financial service activities, except insurance and pension funding",641 - Monetary intermediation,6419 - Other monetary intermediation (includes commercial banking activities),0.98,0.95,0.9,0.7,1 - Managers,12 - Administrative and commercial managers,121 - Finance managers,1211 - Finance managers / Financial controllers (unit group),0.99,0.92,0.9,0.85,
25243,O - Public administration and defence; compulsory social security,84 - Public administration and defence; compulsory social security,,,0.95,0.9,0.25,0.2,1 - Managers,"11 - Chief executives, senior officials and legislators",111 - Chief executives and senior officials,1110 - Chief executives and senior officials (Chief Executive Officer),0.99,0.97,0.95,0.9,
25108,F - Construction,42 - Civil engineering,422 - Construction of utility projects,4220 - Construction of utility projects,0.9,0.85,0.8,0.75,4 - Clerical support workers,41 - General and keyboard clerks,411 - General office clerks,4110 - General office clerks,0.95,0.9,0.85,0.7,
25316,I - Accommodation and food service activities,55 - Accommodation,551 - Hotels and similar accommodation,5510 - Hotels and similar accommodation (short‑term accommodation activities),0.98,0.98,0.95,0.93,1 - Managers,12 - Administrative and commercial managers,"122 - Sales, marketing and development managers",1221 - Sales and marketing managers,0.97,0.95,0.92,0.95,
24960,H - Transportation and storage,51 - Air transport,511 - Passenger air transport,5110 - Passenger air transport,0.98,0.98,0.9,0.85,3 - Technicians and associate professionals,,,,0.85,0.3,0.25,0.2,
25077,"M - Professional, scientific and technical activities",69 - Legal and accounting activities,"692 - Accounting, bookkeeping and auditing activities; tax consultancy","6920 - Accounting, bookkeeping and auditing activities; tax consultancy",0.98,0.97,0.95,0.95,2 - Professionals,24 - Business and administration professionals,"241 - Accountants, auditors and related professionals",2411 - Accountants,0.98,0.96,0.94,0.98,
25257,J - Information and communication,"62 - Computer programming, consultancy and related activities","620 - Computer programming, consultancy and related activities",6209 - Other information technology and computer service activities,0.98,0.92,0.9,0.8,2 - Professionals,25 - Information and communications technology professionals,252 - Database and network professionals,2522 - Systems administrators,0.95,0.95,0.95,0.95,
25106,B - Mining and quarrying,07 - Mining of metal ores,072 - Mining of non-ferrous metal ores,,0.99,0.95,0.85,0.2,2 - Professionals,21 - Science and engineering professionals,214 - Engineering professionals,2143 - Mechanical engineers,0.95,0.92,0.92,0.9,
25251,C - Manufacturing,10 - Manufacture of food products,106 - Manufacture of grain mill products,1061 - Manufacture of grain mill products,0.95,0.9,0.85,0.7,4 - Clerical support workers,42 - Customer services clerks,422 - Client information clerks / Customer service clerks (minor group),,0.95,0.95,0.85,0.4,
25208,F - Construction,43 - Specialized construction activities,439 - Other specialized construction activities,4390 - Other specialized construction activities n.e.c.,0.9,0.8,0.6,0.5,4 - Clerical support workers,43 - Numerical and material recording clerks,431 - Numerical clerks,,0.95,0.9,0.85,0.3,
25123,C - Manufacturing,11 - Manufacture of beverages,110 - Manufacture of beverages,1105 - Manufacture of beer,0.95,0.92,0.88,0.9,3 - Technicians and associate professionals,31 - Science and engineering associate professionals,311 - Physical and engineering science technicians,3112 - Mechanical engineering technicians,0.95,0.9,0.85,0.7,
25315,"M - Professional, scientific and technical activities",70 - Activities of head offices; management consultancy activities,702 - Management consultancy activities,7020 - Management consultancy activities,0.9,0.85,0.8,0.75,1 - Managers,13 - Business and administration managers,131 - Finance and administration managers (or equivalent business/administration managers),1319 - Business and administration managers not elsewhere classified (as Grants Lead / Grants Programme Manager),0.9,0.75,0.6,0.5,
25350,B - Mining and quarrying,07 - Mining of metal ores,072 - Mining of non-ferrous metal ores,0729 - Mining of other non-ferrous metal ores,0.98,0.97,0.95,0.88,2 - Professionals,21 - Science and engineering professionals,211 - Physical and earth science professionals,"2112 - Geologists, geophysicists and related professionals",0.99,0.98,0.97,0.95,
25124,B - Mining and quarrying,06 - Extraction of crude petroleum and natural gas,061 - Extraction of crude petroleum and natural gas,0610 - Extraction of crude petroleum and natural gas,0.9,0.9,0.85,0.8,1 - Managers,12 - Administrative and commercial managers,121 - Business services and administration managers,,0.95,0.9,0.75,0.3,
25205,G - Wholesale and retail trade; repair of motor vehicles and motorcycles,"47 - Retail trade, except of motor vehicles and motorcycles",475 - Retail sale of other household equipment in specialised stores,"4752 - Retail sale of hardware, paints and glass in specialised stores",0.98,0.92,0.85,0.7,1 - Managers,12 - Administrative and commercial managers,122 - Sales and marketing managers,1221 - Sales and marketing managers,0.99,0.92,0.88,0.85,
25097,S - Other service activities,94 - Activities of membership organisations,949 - Activities of other membership organisations,9491 - Activities of religious organizations,0.95,0.95,0.9,0.9,2 - Professionals,"26 - Legal, social and cultural professionals",263 - Social and religious professionals,,0.95,0.85,0.75,0.2,
24185,H - Transportation and storage,49 - Land transport and transport via pipelines,493 - Freight transport by road,4930 - Freight transport by road,0.95,0.9,0.9,0.85,8 - Plant and machine operators and assemblers,83 - Drivers and mobile-plant operators,833 - Heavy truck and bus drivers (truck and lorry drivers),8332 - Heavy truck and lorry drivers,0.95,0.9,0.9,0.85,
25010,G - Wholesale and retail trade; repair of motor vehicles and motorcycles,45 - Wholesale and retail trade and repair of motor vehicles and motorcycles,451 - Sale of motor vehicles,4510 - Sale of motor vehicles,0.99,0.98,0.98,0.97,5 - Service and sales workers,52 - Sales workers,522 - Shop salespersons and demonstrators,5223 - Motor vehicle and parts salespersons,0.99,0.98,0.85,0.7,
25329,"M - Professional, scientific and technical activities",70 - Activities of head offices; management consultancy activities,70.2 - Management consultancy activities,70.22 - Business and other management consultancy activities,0.95,0.9,0.88,0.8,4 - Clerical support workers,43 - Numerical and material recording clerks,"432 - Book-keepers, payroll clerks and wage clerks",4321 - Book-keepers and payroll clerks,0.95,0.9,0.85,0.7,
25072,H - Transportation and storage,49 - Land transport and transport via pipelines,492 - Freight transport by road,4920 - Freight transport by road,0.95,0.9,0.9,0.9,8 - Plant and machine operators and assemblers,83 - Drivers and mobile-plant operators,833 - Heavy truck and lorry drivers (road freight drivers),8332 - Heavy truck and lorry drivers / Road freight drivers,0.95,0.9,0.8,0.7,
25131,"R - Arts, entertainment and recreation","91 - Libraries, archives, museums and other cultural activities","910 - Libraries, archives, museums and other cultural activities",9102 - Library and archive activities,0.95,0.95,0.9,0.75,2 - Professionals,"26 - Legal, social and cultural professionals","262 - Archivists, librarians and curators",2622 - Librarians and related information professionals,0.98,0.92,0.9,0.95,
25267,N - Administrative and support service activities,78 - Employment activities,78.1 - Employment activities,78.10 - Activities of employment placement agencies,0.9,0.85,0.8,0.7,2 - Professionals,24 - Business and administration professionals,242 - Administration professionals,2423 - Personnel and careers professionals,0.95,0.9,0.85,0.8,
25370,K - Financial and insurance activities,"64 - Financial service activities, except insurance and pension funding",64.1 - Monetary intermediation / Banking (group),64.19 - Other monetary intermediation / Commercial banking (class),0.95,0.92,0.88,0.75,4 - Clerical support workers,42 - Customer services clerks,422 - Client information workers / Customer service clerks,4221 - Client information workers (call centre / contact centre operators),0.92,0.85,0.78,0.65,
25180,F - Construction,41 - Construction of buildings,412 - Construction of residential and non-residential buildings,4120 - Construction of residential and non-residential buildings,0.95,0.9,0.8,0.7,4 - Clerical support workers,41 - General and keyboard clerks,411 - General clerks,4110 - General office clerks,0.9,0.75,0.65,0.6,
25241,B - Mining and quarrying,09 - Support activities for mining and quarrying,099 - Support activities for other mining and quarrying,0990 - Support activities for other mining and quarrying,0.9,0.9,0.85,0.8,1 - Managers,13 - Production and specialised services managers,"132 - Manufacturing, mining and construction managers",1322 - Mining managers,0.9,0.8,0.75,0.7,
24988,B - Mining and quarrying,07 - Mining of metal ores,072 - Mining of non-ferrous metal ores,0729 - Mining of other non-ferrous metal ores,0.98,0.97,0.9,0.85,8 - Plant and machine operators and assemblers,81 - Stationary plant and machine operators,,,0.9,0.85,0.4,0.2,
25340,G - Wholesale and retail trade; repair of motor vehicles and motorcycles,45 - Wholesale and retail trade and repair of motor vehicles and motorcycles,453 - Sale of motor vehicle parts and accessories,4530 - Sale of motor vehicle parts and accessories,0.95,0.9,0.85,0.8,1 - Managers,"11 - Chief executives, senior officials and legislators",112 - Managing directors and chief executives,1120 - Managing directors and chief executives,0.99,0.9,0.9,0.9,
25070,H - Transportation and storage,49 - Land transport and transport via pipelines,494 - Freight transport by road and removal services,4941 - Freight transport by road,0.95,0.9,0.9,0.85,8 - Plant and machine operators and assemblers,83 - Drivers and mobile plant operators,833 - Motor vehicle drivers,8332 - Heavy truck and lorry drivers (including tanker drivers),0.95,0.92,0.9,0.75,
25075,G - Wholesale and retail trade; repair of motor vehicles and motorcycles,"47 - Retail trade, except of motor vehicles and motorcycles",477 - Retail sale of other goods in specialised stores,4773 - Retail sale of pharmaceutical and medical goods in specialised stores,0.95,0.9,0.85,0.7,2 - Professionals,,,,0.9,0.25,0.15,0.1,
25387,I - Accommodation and food service activities,55 - Accommodation,551 - Short term accommodation activities,5510 - Short term accommodation activities,0.98,0.97,0.96,0.95,"6 - Skilled agricultural, forestry and fishery workers",61 - Market gardeners and crop growers,611 - Market gardeners and crop growers,6112 - Gardeners and horticulturists,0.95,0.8,0.7,0.6,
25040,C - Manufacturing,33 - Repair and installation of machinery and equipment,"331 - Repair of fabricated metal products, machinery and equipment","3312 - Repair of machinery (including heavy earthmoving, mining and marine equipment)",0.9,0.95,0.9,0.85,7 - Craft and related trades workers,"72 - Metal, machinery and related trades workers",723 - Machinery mechanics and repairers,7232 - (Machinery/vehicle mechanics and fitters — heavy equipment/diesel fitter),0.95,0.9,0.9,0.75,
25259,K - Financial and insurance activities,"64 - Financial service activities, except insurance and pension funding",64.1 - Monetary intermediation,64.19 - Other monetary intermediation (commercial banks),0.95,0.95,0.95,0.9,1 - Managers,12 - Administrative and commercial managers,121 - Business services and administration managers,1211 - Finance managers,0.95,0.88,0.85,0.8,
25211,N - Administrative and support service activities,80 - Security and investigation activities,801 - Private security activities,8010 - Private security activities,0.95,0.95,0.9,0.9,5 - Service and sales workers,54 - Protective services workers,541 - Protective services workers,5413 - Security guards and related workers,0.9,0.9,0.85,0.8,
25308,K - Financial and insurance activities,"64 - Financial service activities, except insurance and pension funding",641 - Monetary intermediation,6419 - Other monetary intermediation,0.95,0.95,0.9,0.9,2 - Professionals,24 - Business and administration professionals,242 - Administration and human resource professionals,2422 - Personnel and careers professionals,0.95,0.9,0.85,0.9,
25017,B - Mining and quarrying,06 - Extraction of crude petroleum and natural gas,061 - Extraction of crude petroleum and natural gas,0610 - Extraction of crude petroleum and natural gas,0.95,0.95,0.95,0.95,1 - Managers,12 - Administrative and commercial managers,121 - Business services and administration managers,1219 - Other business services and administration managers,0.9,0.8,0.75,0.7,
24578,"M - Professional, scientific and technical activities",71 - Architectural and engineering activities; technical testing and analysis,71.1 - Architectural and engineering activities and related technical consultancy,71.11 - Architectural activities,0.9,0.95,0.95,0.95,2 - Professionals,21 - Science and engineering professionals,"216 - Architects, town and traffic planners and surveyors",2161 - Architects,0.98,0.9,0.92,0.95,
24525,H - Transportation and storage,51 - Air transport,511 - Passenger air transport,5110 - Passenger air transport,0.97,0.96,0.93,0.92,4 - Clerical support workers,42 - Customer service clerks,422 - Client information workers,4223 - Travel consultants and clerks,0.9,0.85,0.7,0.5,
25002,"A - Agriculture, forestry and fishing","01 - Crop and animal production, hunting and related service activities",014 - Animal production,0142 - Raising of poultry,0.98,0.97,0.96,0.75,4 - Clerical support workers,43 - Numerical and material recording clerks,432 - Material-recording clerks,4321 - Stock clerks and order clerks,0.99,0.97,0.95,0.92,
24536,F - Construction,43 - Specialized construction activities,"432 - Electrical, plumbing and other construction installation",4329 - Other construction installation,0.95,0.9,0.85,0.7,2 - Professionals,21 - Science and engineering professionals,214 - Engineering professionals,2149 - Engineering professionals not elsewhere classified,0.95,0.9,0.9,0.75,
23356,C - Manufacturing,,,,0.65,0.2,0.2,0.2,1 - Managers,12 - Administrative and commercial managers,121 - Business services and administration managers,1213 - Human resource managers,0.95,0.9,0.88,0.85,
24858,B - Mining and quarrying,07 - Mining of metal ores,072 - Mining of non-ferrous metal ores,0729 - Mining of other non-ferrous metal ores,0.99,0.99,0.95,0.9,2 - Professionals,24 - Business and administration professionals,241 - Accounting professionals,2411 - Accountants,0.95,0.9,0.85,0.75,
25301,F - Construction,43 - Specialised construction activities,"432 - Electrical, plumbing and other construction installation",4321 - Electrical installation,0.95,0.9,0.9,0.95,7 - Craft and related trades workers,74 - Electrical and electronic trades workers,741 - Electrical and electronic trades workers,7411 - Electricians and electrical fitters,0.95,0.9,0.85,0.9,
25098,F - Construction,42 - Civil engineering,429 - Construction of other civil engineering projects,4290 - Construction of other civil engineering projects,0.95,0.8,0.6,0.6,2 - Professionals,24 - Business and administration professionals,241 - Accountants and auditors (accounting professionals),2411 - Accountants,0.9,0.9,0.85,0.85,
24796,H - Transportation and storage,52 - Warehousing and support activities for transportation,522 - Support activities for transportation,5221 - Service activities incidental to land transportation,0.95,0.85,0.9,0.8,1 - Managers,12 - Administrative and commercial managers,121 - Business services and administration managers,1212 - Administrative services managers,0.9,0.75,0.8,0.75,
25333,B - Mining and quarrying,07 - Mining of metal ores,072 - Mining of non-ferrous metal ores,0729 - Mining of other non-ferrous metal ores,0.95,0.9,0.85,0.8,3 - Technicians and associate professionals,31 - Science and engineering technicians,311 - Physical and engineering science technicians,,0.9,0.85,0.7,0.3,
24189,H - Transportation and storage,52 - Warehousing and support activities for transportation,522 - Support activities for transportation,5220 - Support activities for transportation,0.95,0.9,0.85,0.7,2 - Professionals,22 - Health professionals,226 - Other health professionals,2263 - Environmental and occupational health and hygiene professionals,0.8,0.6,0.6,0.7,
25233,C - Manufacturing,,,,0.7,0.2,0.2,0.2,4 - Clerical support workers,43 - Numerical and material recording clerks,431 - Numerical clerks,4311 - Accounting and bookkeeping clerks,0.95,0.9,0.85,0.8,
25027,P - Education,85 - Education,853 - Higher education,8530 - Higher education,0.95,0.95,0.95,0.95,3 - Technicians and associate professionals,31 - Science and engineering technicians,311 - Physical and engineering science technicians,,0.95,0.9,0.7,0.2,
25061,G - Wholesale and retail trade; repair of motor vehicles and motorcycles,"46 - Wholesale trade, except of motor vehicles and motorcycles",467 - Wholesale of other goods (includes wholesale of fuels and related products),"4671 - Wholesale of solid, liquid and gaseous fuels and related products",0.95,0.96,0.9,0.92,8 - Plant and machine operators and assemblers,83 - Drivers and mobile-plant operators,833 - Heavy truck and bus drivers,8332 - Heavy truck and lorry drivers,0.98,0.97,0.95,0.92,
23926,H - Transportation and storage,51 - Air transport,512 - Freight air transport,5120 - Freight air transport,0.95,0.92,0.85,0.8,4 - Clerical support workers,43 - Numerical and material recording clerks,432 - Material-recording and transport clerks,4322 - Material-recording and transport clerks,0.95,0.9,0.88,0.85,
24942,H - Transportation and storage,52 - Warehousing and support activities for transportation,522 - Support activities for transportation,5220 - Support activities for transportation,0.9,0.8,0.7,0.6,2 - Professionals,25 - Information and communications technology professionals,252 - Database and network professionals,2521 - Database designers and administrators,0.85,0.8,0.7,0.6,
24359,B - Mining and quarrying,07 - Mining of metal ores,072 - Mining of non-ferrous metal ores,0720 - Mining of non-ferrous metal ores,0.99,0.98,0.95,0.85,4 - Clerical support workers,43 - Numerical and material recording clerks,432 - Material-recording clerks,4322 - Shipping and receiving clerks,0.85,0.8,0.8,0.75,
24747,S - Other service activities,95 - Repair of computers and personal and household goods,951 - Repair of computers and peripheral equipment,9511 - Repair of computers and peripheral equipment,0.9,0.9,0.85,0.9,3 - Technicians and associate professionals,35 - Information and communications technicians,351 - Information and communications technology operations and user support technicians,3513 - Computer network and systems technicians,0.95,0.95,0.9,0.9,
25287,B - Mining and quarrying,07 - Mining of metal ores,072 - Mining of non-ferrous metal ores,,0.99,0.98,0.92,0.3,2 - Professionals,21 - Science and engineering professionals,211 - Physical and earth science professionals,,0.99,0.95,0.9,0.3,
25369,K - Financial and insurance activities,"64 - Financial service activities, except insurance and pension funding",,,0.9,0.7,0.2,0.1,1 - Managers,12 - Administrative and commercial managers,121 - Business services and administration managers,1212 - Finance managers,0.95,0.8,0.7,0.75,
25237,F - Construction,43 - Specialised construction activities,"432 - Electrical, plumbing and other construction installation activities",4321 - Electrical installation,0.95,0.95,0.9,0.88,7 - Craft and related trades workers,74 - Electrical and electronic trades workers,741 - Electrical and electronic trades workers,7411 - Electricians,0.98,0.95,0.9,0.92,
25165,B - Mining and quarrying,07 - Mining of metal ores,072 - Mining of non-ferrous metal ores,0729 - Mining of other non‑ferrous metal ores,0.98,0.97,0.95,0.9,8 - Plant and machine operators and assemblers,81 - Stationary plant and machine operators,811 - Mining and mineral processing plant operators,8112 - Mine drill rig operator / Driller (diamond drill operator),0.95,0.8,0.75,0.6,
24475,B - Mining and quarrying,07 - Mining of metal ores,072 - Mining of non-ferrous metal ores,0729 - Mining of other non-ferrous metal ores,0.99,0.98,0.96,0.9,1 - Managers,13 - Production and specialised services managers,"132 - Manufacturing, mining and construction managers",1322 - Mining production managers,0.95,0.9,0.8,0.65,
25095,Q - Human health and social work activities,88 - Social work activities without accommodation,88.9 - Other social work activities without accommodation,88.99 - Other social work activities without accommodation n.e.c.,0.95,0.95,0.9,0.85,2 - Professionals,"26 - Legal, social and cultural professionals",263 - Social and religious professionals,2634 - Social work and counselling professionals,0.95,0.9,0.9,0.85,
24996,B,07,072,0720,0.95,0.9,0.85,0.8,5,54,541,5411,0.8,0.75,0.7,0.6,
25302,F - Construction,41 - Construction of buildings,412 - Construction of residential and non-residential buildings,4120 - Construction of residential and non-residential buildings,0.75,0.6,0.5,0.5,7 - Craft and related trades workers,"72 - Metal, machinery and related trades workers",723 - Motor mechanics and repairers,7231 - Motor mechanics and repairers,0.95,0.85,0.85,0.85,
24937,P - Education,85 - Education,85.3 - Higher education (tertiary education activities),,0.95,0.95,0.9,0.2,3 - Technicians and associate professionals,31 - Science and engineering technicians,311 - Physical and engineering science technicians,,0.95,0.9,0.85,0.2,
25379,C - Manufacturing,10 - Manufacture of food products,"106 - Manufacture of grain mill products, starches and starch products",1061 - Manufacture of grain mill products,0.98,0.96,0.9,0.9,3 - Technicians and associate professionals,31 - Science and engineering technicians,"312 - Mining, manufacturing and construction supervisors",3121 - Manufacturing supervisors,0.9,0.85,0.9,0.95,
25248,B - Mining and quarrying,07 - Mining of metal ores,072 - Mining of non‑ferrous metal ores,,0.95,0.95,0.85,0.2,2 - Professionals,24 - Business and administration professionals,242 - Administration professionals,2421 - Human resource professionals,0.9,0.9,0.85,0.8,
25254,C - Manufacturing,10 - Manufacture of food products,"106 - Manufacture of grain mill products, starches and starch products",1061 - Manufacture of grain mill products,0.95,0.9,0.85,0.8,5 - Service and sales workers,52 - Sales workers,522 - Shop sales assistants and demonstrators,5223 - Demonstrators and product promoters (merchandisers),0.95,0.9,0.85,0.7,
24645,H - Transportation and storage,52 - Warehousing and support activities for transportation,522 - Support activities for transportation,5222 - Service activities incidental to water transportation,0.99,0.95,0.9,0.9,8 - Plant and machine operators and assemblers,83 - Drivers and mobile-plant operators,"833 - Ship and related workers (deck crew, seafarers)","8332 - Ship's deck crew / Seafarers (tugboat crew, deckhands)",0.9,0.8,0.75,0.7,
25073,H - Transportation and storage,49 - Land transport and transport via pipelines,494 - Freight transport by road,4941 - Freight transport by road,0.98,0.96,0.92,0.9,8 - Plant and machine operators and assemblers,83 - Drivers and mobile-plant operators,833 - Drivers and mobile-plant operators (heavy vehicles),8332 - Heavy truck and lorry drivers,0.95,0.94,0.9,0.9,
24919,B - Mining and quarrying,07 - Mining of metal ores,072 - Mining of non-ferrous metal ores,0729 - Mining of other non-ferrous metal ores,0.98,0.97,0.95,0.8,2 - Professionals,24 - Business and administration professionals,242 - Administration and organisation professionals,2423 - Personnel and careers professionals,0.95,0.9,0.75,0.6,
25025,P - Education,85 - Education,853 - Higher education,8530 - Higher education,0.99,0.99,0.98,0.98,1 - Managers,12 - Administrative and commercial managers,"122 - Sales, marketing and public relations managers",1222 - Advertising and public relations managers,0.98,0.95,0.95,0.9,
25136,P - Education,85 - Education,853 - Higher education,8530 - Higher education,0.95,0.95,0.9,0.9,2 - Professionals,"26 - Legal, social and cultural professionals","262 - Librarians, archivists and curators",2621 - Librarians and related information professionals,0.95,0.85,0.8,0.75,
22683,H - Transportation and storage,51 - Air transport,51.1 - Passenger air transport,51.10 - Passenger air transport,0.95,0.9,0.85,0.75,4 - Clerical support workers,43 - Numerical and material recording clerks,432 - Material-recording and transport clerks,4321 - Stock clerks and order clerks,0.95,0.9,0.9,0.9,
25393,H - Transportation and storage,52 - Warehousing and support activities for transportation,521 - Warehousing and storage,5210 - Warehousing and storage,0.95,0.95,0.95,0.95,4 - Clerical support workers,43 - Numerical and material recording clerks,431 - Material-recording clerks / Stock clerks and storekeepers (inventory control),,0.9,0.88,0.8,0.2,
25376,P - Education,85 - Education,85.3 - Higher education,,0.95,0.95,0.9,0.2,2 - Professionals,23 - Teaching professionals,231 - University and higher education teachers,,0.95,0.95,0.9,0.25,
25275,P - Education,85 - Education,853 - Higher education,8530 - Higher education,0.98,0.98,0.97,0.96,2 - Professionals,24 - Business and administration professionals,242 - Administration professionals,2421 - Management and organisation analysts,0.7,0.75,0.6,0.4,
25394,"M - Professional, scientific and technical activities",73 - Advertising and market research,731 - Advertising,7310 - Advertising,0.85,0.8,0.75,0.7,5 - Service and sales workers,52 - Sales workers,522 - Shop sales assistants,5223 - Shop sales assistants (merchandiser),0.95,0.9,0.8,0.7,
24737,B - Mining and quarrying,07 - Mining of metal ores,072 - Mining of non-ferrous metal ores,,0.95,0.95,0.9,0.3,2 - Professionals,21 - Science and engineering professionals,214 - Engineering professionals,"2146 - Mining, metallurgical and related engineers",0.99,0.98,0.95,0.85,
25126,"M - Professional, scientific and technical activities",69 - Legal and accounting activities,"692 - Accounting, bookkeeping and auditing activities; tax consultancy","6920 - Accounting, bookkeeping and auditing activities; tax consultancy",0.85,0.9,0.9,0.9,4 - Clerical support workers,43 - Numerical and material recording clerks,431 - Numerical and material recording clerks,4312 - Book-keepers and other accounting clerks,0.99,0.95,0.95,0.95,
24834,H - Transportation and storage,49 - Land transport and transport via pipelines,493 - Other passenger land transport,4939 - Other passenger land transport n.e.c.,0.95,0.9,0.7,0.6,8 - Plant and machine operators and assemblers,83 - Drivers and mobile plant operators,833 - Drivers and mobile-plant operators,"8334 - Car, taxi and van drivers",0.95,0.9,0.85,0.7,
25258,G - Wholesale and retail trade; repair of motor vehicles and motorcycles,45 - Wholesale and retail trade and repair of motor vehicles and motorcycles,452 - Maintenance and repair of motor vehicles,4520 - Maintenance and repair of motor vehicles,0.98,0.97,0.95,0.93,7 - Craft and related trades workers,"72 - Metal, machinery and related trades workers",723 - Motor mechanics and repairers,7231 - Motor vehicle mechanics and repairers,0.9,0.88,0.86,0.84,
25001,B - Mining and quarrying,07 - Mining of metal ores,072 - Mining of non-ferrous metal ores,0729 - Mining of other non-ferrous metal ores,0.98,0.95,0.92,0.85,8 - Plant and machine operators and assemblers,81 - Stationary plant and machine operators,811 - Mining and mineral processing plant operators,8112 - Mining and mineral processing plant operators (shotcrete/underground equipment operator),0.95,0.8,0.65,0.5,
25016,G - Wholesale and retail trade; repair of motor vehicles and motorcycles,45 - Wholesale and retail trade and repair of motor vehicles and motorcycles,451 - Sale of motor vehicles,4510 - Sale of motor vehicles,0.98,0.98,0.97,0.95,5 - Service and sales workers,52 - Sales workers,522 - Shop sales assistants and other sales workers,,0.95,0.9,0.85,0.3,
25307,I - Accommodation and food service activities,55 - Accommodation,55.1 - Hotels and similar accommodation,55.10 - Hotels and similar accommodation,0.95,0.95,0.9,0.9,1 - Managers,13 - Production and specialised services managers,133 - Information and communications technology service managers,1330 - Information and communications technology service managers,0.9,0.85,0.8,0.75,
25281,C - Manufacturing,10 - Manufacture of food products,108 - Manufacture of other food products,1089 - Manufacture of other food products n.e.c.,0.95,0.95,0.85,0.8,2 - Professionals,21 - Science and engineering professionals,"211 - Physical and earth science professionals (physicists, chemists and related)",2112 - Chemists,0.9,0.85,0.8,0.75,
25170,H - Transportation and storage,52 - Warehousing and support activities for transportation,522 - Support activities for transportation,5220 - Support activities for transportation,0.98,0.95,0.92,0.9,1 - Managers,13 - Production and specialised services managers,132 - Transport and distribution managers (minor group),1322 - Transport and distribution managers (unit group),0.98,0.9,0.85,0.82,
24934,K - Financial and insurance activities,"64 - Financial service activities, except insurance and pension funding",641 - Monetary intermediation,6419 - Other monetary intermediation (commercial banking and similar),0.98,0.95,0.85,0.8,1 - Managers,13 - Information and communications technology service managers,133 - Information and communications technology service managers,1330 - Information and communications technology service managers (ICT Operations Lead),0.95,0.8,0.7,0.6,
25014,S - Other service activities,94 - Activities of membership organisations,94.9 - Activities of other membership organisations,94.99 - Activities of other membership organisations n.e.c.,0.8,0.75,0.7,0.65,4 - Clerical support workers,43 - Numerical and material recording clerks,431 - Numerical and material recording clerks (accounting/financial clerks),4311 - Accounting and bookkeeping clerks,0.9,0.85,0.8,0.7,
24840,C - Manufacturing,,,,0.9,0.2,0.1,0.05,3 - Technicians and associate professionals,,,,0.85,0.25,0.15,0.1,
25183,S - Other service activities,94 - Activities of membership organisations,94.9 - Activities of other membership organisations,94.99 - Activities of other membership organisations n.e.c.,0.85,0.8,0.75,0.7,1 - Managers,,,,0.95,0.3,0.2,0.1,
25193,N - Administrative and support service activities,"82 - Office administrative, office support and other business support activities",821 - Office administrative and support activities,8211 - Combined office administrative service activities,0.9,0.85,0.8,0.65,4 - Clerical support workers,41 - General and keyboard clerks,411 - General office clerks,4110 - General office clerks,0.85,0.75,0.7,0.6,
25179,S - Other service activities,94 - Activities of membership organisations,94.9 - Activities of other membership organisations,94.99 - Activities of other membership organisations n.e.c.,0.9,0.85,0.8,0.7,1 - Managers,12 - Administrative and commercial managers,121 - Business services and administration managers,1212 - Human resource managers,0.95,0.9,0.85,0.8,
25380,C - Manufacturing,10 - Manufacture of food products,"106 - Manufacture of grain mill products, starches and starch products",1061 - Manufacture of grain mill products,0.95,0.9,0.75,0.65,7 - Craft and related trades workers,"72 - Metal, machinery and related trades workers","721 - Metal moulders, welders, sheet- and structural-metal workers","7212 - Welders, flame-cutters and related machine operators",0.98,0.95,0.9,0.9,
25332,B - Mining and quarrying,06 - Extraction of crude petroleum and natural gas,061 - Extraction of crude petroleum and natural gas,0610 - Extraction of crude petroleum and natural gas,0.95,0.95,0.95,0.95,2 - Professionals,23 - Teaching professionals,235 - Vocational education teachers,,0.9,0.85,0.7,0.3,
24950,G - Wholesale and retail trade; repair of motor vehicles and motorcycles,"47 - Retail trade, except of motor vehicles and motorcycles",473 - Retail sale of automotive fuel,4730 - Retail sale of automotive fuel in specialised stores,0.95,0.95,0.9,0.9,5 - Service and sales workers,52 - Sales workers,522 - Shop salespersons and demonstrators,5221 - Shop salespersons,0.95,0.95,0.85,0.75,
24962,G - Wholesale and retail trade; repair of motor vehicles and motorcycles,45 - Wholesale and retail trade and repair of motor vehicles and motorcycles (Division 45),451 - Sale of motor vehicles (Group 451),4510 - Sale of motor vehicles (Class 4510),0.95,0.95,0.95,0.95,2 - Professionals,24 - Business and administration professionals,243 - Advertising and marketing professionals,2431 - Advertising and marketing professionals (unit group),0.85,0.7,0.75,0.65,
24964,H - Transportation and storage,52 - Warehousing and support activities for transportation,522 - Support activities for transportation,5229 - Other transportation support activities,0.95,0.85,0.85,0.75,2 - Professionals,24 - Business and administration professionals,"243 - Sales, marketing and public relations professionals",2432 - Market research and marketing specialists,0.95,0.9,0.8,0.7,
25279,C - Manufacturing,11 - Manufacture of beverages,110 - Manufacture of beverages,1103 - Manufacture of malt liquors and malt,0.98,0.96,0.94,0.92,8 - Plant and machine operators and assemblers,81 - Stationary plant and machine operators,815 - Food and related products plant operators,8151 - Food processing / beverage plant operators,0.95,0.9,0.85,0.75,
25064,G - Wholesale and retail trade; repair of motor vehicles and motorcycles,"46 - Wholesale trade, except of motor vehicles and motorcycles","465 - Wholesale of machinery, equipment and supplies",,0.8,0.75,0.6,0.3,1 - Managers,12 - Administrative and commercial managers,122 - Sales and marketing managers,1221 - Sales and marketing managers,0.95,0.9,0.9,0.85,
25189,B - Mining and quarrying,07 - Mining of metal ores,072 - Mining of non‑ferrous metal ores,,0.98,0.95,0.9,0.25,7 - Craft and related trades workers,71 - Building and related trades workers,"712 - Plumbing, heating and related trades workers",7122 - Plumbers and pipe fitters,0.97,0.85,0.8,0.75,
25060,O - Public administration and defence; compulsory social security,84 - Public administration and defence; compulsory social security,842 - Local government activities,,0.95,0.95,0.88,0.2,2 - Professionals,"26 - Legal, social and cultural professionals",261 - Legal professionals,2611 - Lawyers,0.99,0.98,0.98,0.95,
25390,Q - Human health and social work activities,88 - Social work activities without accommodation,889 - Other social work activities without accommodation,8890 - Other social work activities without accommodation,0.85,0.8,0.75,0.7,2 - Professionals,24 - Business and administration professionals,242 - Management and organisation analysts,2421 - Management and organisation analysts,0.95,0.9,0.75,0.65,
25119,B - Mining and quarrying,07 - Mining of metal ores,,,0.99,0.95,0.2,0.1,8 - Plant and machine operators and assemblers,,,,0.85,0.3,0.2,0.1,
25294,Q - Human health and social work activities,86 - Human health activities,869 - Other human health activities,8690 - Other human health activities,0.9,0.8,0.65,0.4,2 - Professionals,22 - Health professionals,226 - Other health professionals,2261 - Pharmacists,0.99,0.98,0.96,0.93,
24156,B - Mining and quarrying,07 - Mining of metal ores,072 - Mining of non-ferrous metal ores,,0.99,0.95,0.9,0.2,7 - Craft and related trades workers,74 - Electrical and electronic trades workers,741 - Electrical and electronic installers and repairers,7411 - Electricians,0.98,0.95,0.9,0.88,
25310,B - Mining and quarrying,07 - Mining of metal ores,071 - Mining of metal ores,,0.95,0.9,0.85,0.3,7 - Craft and related trades workers,"72 - Metal, machinery and related trades workers",723 - Machinery mechanics and fitters,7232 - Heavy vehicle and mobile equipment mechanics and repairers,0.95,0.9,0.9,0.92,
25046,H - Transportation and storage,52 - Warehousing and support activities for transportation,522 - Support activities for transportation,5224 - Cargo handling,0.95,0.92,0.9,0.75,4 - Clerical support workers,43 - Numerical and material recording clerks,432 - Material-recording clerks,4321 - Stock clerks and order fillers,0.75,0.7,0.68,0.65,
25278,H - Transportation and storage,50 - Water transport,502 - Sea and coastal water transport,5020 - Sea and coastal freight water transport,0.95,0.8,0.75,0.6,3 - Technicians and associate professionals,31 - Science and engineering associate professionals,315 - Safety and quality inspectors,3152 - Safety and quality inspectors,0.92,0.8,0.78,0.65,
25273,J - Information and communication,"62 - Computer programming, consultancy and related activities","620 - Computer programming, consultancy and related activities",6209 - Other information technology and computer service activities,0.9,0.95,0.9,0.8,3 - Technicians and associate professionals,35 - Information and communications technicians,351 - Information and communications technicians,,0.95,0.95,0.9,0.3,
25366,C - Manufacturing,10 - Manufacture of food products,107 - Manufacture of bakery products and farinaceous products,1071 - Manufacture of bread; manufacture of fresh pastry goods and cakes,0.95,0.95,0.9,0.8,1 - Managers,13 - Production and specialised services managers,131 - Manufacturing managers,1311 - Manufacturing managers,0.9,0.85,0.7,0.5,
24987,P - Education,85 - Education,853 - Higher education,8530 - Higher education,0.99,0.99,0.95,0.95,2 - Professionals,23 - Teaching professionals,231 - University and higher education teachers,2310 - University and higher education teachers,0.99,0.98,0.97,0.97,
25306,H - Transportation and storage,52 - Warehousing and support activities for transportation,522 - Support activities for transportation,5220 - Service activities incidental to transportation,0.95,0.9,0.9,0.85,1 - Managers,13 - Production and specialised services managers,"132 - Supply, distribution and related managers",1322 - Supply and distribution managers,0.95,0.75,0.7,0.7,
25355,B - Mining and quarrying,07 - Mining of metal ores,072 - Mining of non-ferrous metal ores,0720 - Mining of non‑ferrous metal ores,0.99,0.99,0.98,0.95,2 - Professionals,21 - Science and engineering professionals,214 - Engineering professionals,"2146 - Mining engineers, metallurgical and materials engineers",0.99,0.98,0.98,0.8,
25381,P - Education,85 - Education,855 - Other education,8550 - Educational support services,0.9,0.9,0.8,0.8,4 - Clerical support workers,41 - General and keyboard clerks,411 - General office clerks,4110 - General office clerks,0.85,0.8,0.7,0.65,
25288,C - Manufacturing,10 - Manufacture of food products,106 - Manufacture of grain mill products,1061 - Manufacture of grain mill products,0.95,0.9,0.85,0.8,9 - Elementary occupations,91 - Cleaners and helpers,"911 - Cleaners and helpers in offices, hotels and other establishments",,0.95,0.9,0.85,0.3,
25037,B - Mining and quarrying,07 - Mining of metal ores,,,0.95,0.85,0.3,0.2,4 - Clerical support workers,43 - Numerical and material-recording clerks,,,0.8,0.75,0.35,0.25,
24853,Q - Human health and social work activities,86 - Human health activities,869 - Other human health activities,8690 - Other human health activities,0.95,0.93,0.9,0.88,8 - Plant and machine operators and assemblers,83 - Drivers and mobile plant operators,"832 - Car, van and motorcycle drivers","8322 - Car, taxi and van drivers",0.95,0.92,0.85,0.75,
25255,B - Mining and quarrying,07 - Mining of metal ores,072 - Mining of non‑ferrous metal ores,0729 - Mining of other non‑ferrous metal ores,0.99,0.99,0.95,0.95,7 - Craft and related trades workers,74 - Electrical and electronic trades workers,742 - Electrical and electronic trades workers (minor group),7421 - Electricians and electrical fitters,0.95,0.85,0.75,0.6,
25356,B - Mining and quarrying,07 - Mining of metal ores,072 - Mining of non-ferrous metal ores,0729 - Mining of other non-ferrous metal ores,0.99,0.98,0.95,0.9,2 - Professionals,24 - Business and administration professionals,"241 - Accountants, auditors and tax specialists",2411 - Accountants,0.99,0.97,0.95,0.9,
25385,I - Accommodation and food service activities,55 - Accommodation,55.1 - Hotels and similar accommodation,55.10 - Hotels and similar accommodation,0.95,0.95,0.9,0.85,4 - Clerical support workers,42 - Client information workers,422 - Client information clerks,4225 - Hotel receptionists,0.9,0.85,0.8,0.6,
25173,K - Financial and insurance activities,"64 - Financial service activities, except insurance and pension funding",64.1 - Monetary intermediation,64.19 - Other monetary intermediation (commercial banking / deposit-taking institutions),0.99,0.96,0.92,0.9,1 - Managers,12 - Administrative and commercial managers,121 - Business services and administration managers,1211 - Finance managers,0.98,0.93,0.87,0.85,
24967,P - Education,85 - Education,853 - Higher education,8530 - Higher education,0.99,0.99,0.98,0.95,1 - Managers,13 - Production and specialised services managers,134 - Other specialist managers (education managers / school principals),1343 - School principals and administrators,0.95,0.88,0.82,0.78,
25044,O - Public administration and defence; compulsory social security,84 - Public administration and defence; compulsory social security,,,0.95,0.9,0.2,0.1,1 - Managers,"11 - Chief executives, senior officials and legislators",112 - Senior government officials (excluding legislators),,0.95,0.9,0.85,0.3,
25154,P - Education,85 - Education,853 - Higher education,8530 - Higher education,0.98,0.95,0.9,0.85,2 - Professionals,"26 - Legal, social and cultural professionals","263 - Archivists, Librarians and Curators",2632 - Librarians,0.9,0.85,0.8,0.75,
24534,"M - Professional, scientific and technical activities",71 - Architectural and engineering activities; technical testing and analysis,711 - Architectural activities,7110 - Architectural activities,0.95,0.95,0.93,0.92,2 - Professionals,21 - Science and engineering professionals,"216 - Architects, town and traffic planners and landscape architects",2161 - Architects,0.96,0.92,0.9,0.9,
24922,P - Education,85 - Education,853 - Higher education,8530 - Higher education,0.95,0.95,0.95,0.95,2 - Professionals,24 - Business and administration professionals,242 - Administration and human resource professionals,2421 - Human resource professionals,0.8,0.75,0.65,0.6,
25338,G - Wholesale and retail trade; repair of motor vehicles and motorcycles,45 - Wholesale and retail trade and repair of motor vehicles and motorcycles,453 - Sale of motor vehicle parts and accessories,4530 - Sale of motor vehicle parts and accessories,0.95,0.92,0.85,0.8,1 - Managers,"11 - Chief executives, senior officials and legislators","111 - Chief executives, senior officials and legislators",1110 - Chief executives,0.98,0.9,0.85,0.8,
25122,S - Other service activities,95 - Repair of computers and personal and household goods,952 - Repair of personal and household goods,,0.9,0.85,0.7,0.3,4 - Clerical support workers,42 - Customer services clerks,422 - Client information workers / Customer service clerks,,0.9,0.85,0.7,0.3,
24978,F - Construction,41 - Construction of buildings,411 - Development of building projects,4110 - Development of building projects,0.7,0.65,0.55,0.45,4 - Clerical support workers,42 - Customer services clerks,422 - Client information workers / Receptionists,4221 - Receptionists,0.95,0.9,0.9,0.9,
25318,P - Education,85 - Education,85.4 - Higher education,85.42 - Tertiary education (universities),0.95,0.95,0.9,0.85,1 - Managers,13 - Production and specialised services managers,133 - Information and communications technology service managers,1330 - Information and communications technology service managers,0.95,0.9,0.9,0.88,
24995,Q - Human health and social work activities,88 - Social work activities without accommodation,,,0.85,0.8,0.3,0.2,3 - Technicians and associate professionals,33 - Business and administration associate professionals,331 - (Accounting and bookkeeping/related associate professionals),3312 - Accounting associate professionals,0.9,0.88,0.65,0.7,
25084,C - Manufacturing,33 - Repair and installation of machinery and equipment,"331 - Repair of fabricated metal products, machinery and equipment",3312 - Repair of machinery,0.85,0.9,0.9,0.9,7 - Craft and related trades workers,"72 - Metal, machinery and related trades workers",723 - Machinery mechanics and fitters,7231 - Machinery mechanics and fitters (unit group),0.95,0.9,0.9,0.8,
25238,B - Mining and quarrying,07 - Mining of metal ores,072 - Mining of non-ferrous metal ores,0721 - Mining of gold,0.98,0.98,0.96,0.95,3 - Technicians and associate professionals,33 - Business and administration associate professionals,332 - Business services and administration associate professionals,3322 - Purchasing and supply officers,0.88,0.84,0.72,0.7,
13420,H - Transportation and storage,52 - Warehousing and support activities for transportation,522 - Support activities for transportation,5224 - Cargo handling,0.95,0.92,0.9,0.85,8 - Plant and machine operators and assemblers,83 - Drivers and mobile plant operators,834 - Mobile plant operators,,0.95,0.9,0.8,0.35,
25348,G - Wholesale and retail trade; repair of motor vehicles and motorcycles,"46 - Wholesale trade, except of motor vehicles and motorcycles",,,0.9,0.9,0.3,0.2,1 - Managers,12 - Administrative and commercial managers,,,0.95,0.8,0.3,0.2,
24976,J - Information and communication,"62 - Computer programming, consultancy and related activities","620 - Computer programming, consultancy and related activities (group)",6203 - Computer facilities management activities (class - closest match for in-house ICT operations),0.9,0.9,0.75,0.6,1 - Managers,13 - Information and communications technology service managers,133 - Information and communications technology service managers (minor group),1330 - Information and communications technology service managers,0.99,0.95,0.95,0.97,
24799,F - Construction,41 - Construction of buildings,412 - Construction of residential and non-residential buildings,4120 - Construction of residential and non-residential buildings,0.95,0.9,0.8,0.75,4 - Clerical support workers,41 - General and keyboard clerks,411 - General office clerks,4110 - General office clerks,0.9,0.85,0.75,0.65,
25323,S - Other service activities,80 - Security and investigation activities,801 - Private security activities,8010 - Private security activities,0.9,0.9,0.85,0.8,3 - Technicians and associate professionals,35 - Information and communications technicians,351 - Information and communications technicians,3513 - Computer network and systems technicians,0.98,0.96,0.92,0.9,
25086,"M - Professional, scientific and technical activities",73 - Advertising and market research,732 - Market research and public opinion polling,7320 - Market research and public opinion polling,0.95,0.95,0.98,0.98,2 - Professionals,24 - Business and administration professionals,"243 - Sales, marketing and public relations professionals",2431 - Advertising and marketing professionals,0.9,0.75,0.7,0.5,
24980,S - Other service activities,94 - Activities of membership organisations,949 - Activities of other membership organisations,9499 - Activities of other membership organisations n.e.c.,0.85,0.8,0.7,0.6,2 - Professionals,"26 - Legal, social and cultural professionals",263 - Social and religious professionals,2635 - Social work and counselling professionals,0.9,0.75,0.65,0.5,
25319,P - Education,85 - Education,853 - Higher education,8530 - Higher education,0.99,0.98,0.98,0.95,1 - Managers,12 - Administrative and commercial managers,"122 - Sales, marketing and development managers",1221 - Sales and marketing managers,0.95,0.9,0.85,0.75,
24835,K - Financial and insurance activities,"64 - Financial service activities, except insurance and pension funding",64.1 - Monetary intermediation,64.19 - Other monetary intermediation (commercial banking / digital bank operations),0.92,0.88,0.75,0.55,2 - Professionals,"26 - Legal, social and cultural professionals",261 - Legal professionals,2611 - Lawyers,0.95,0.92,0.9,0.88,
25218,P - Education,85 - Education,854 - Higher education,8541 - Higher education,0.95,0.95,0.9,0.85,1 - Managers,12 - Administrative and commercial managers,121 - Business services and administration managers,1219 - Business services and administration managers n.e.c.,0.95,0.8,0.65,0.5,
25314,"M - Professional, scientific and technical activities",70 - Activities of head offices; management consultancy activities,702 - Management consultancy activities,7020 - Management consultancy activities,0.9,0.9,0.85,0.75,1 - Managers,13 - Production and specialised services managers,133 - Construction managers,1332 - Construction project managers,0.95,0.8,0.75,0.65,
25078,F - Construction,43 - Specialised construction activities,"432 - Electrical, plumbing and other construction installation activities","4322 - Plumbing, heat and air-conditioning installation",0.95,0.95,0.9,0.9,7 - Craft and related trades workers,"72 - Metal, machinery and related trades workers",723 - Machinery mechanics and repairers,7232 - Refrigeration and air-conditioning mechanics and fitters,0.97,0.85,0.75,0.6,
25217,P - Education,85 - Education,854 - Higher education,8540 - Higher education,0.98,0.97,0.9,0.85,1 - Managers,,,,0.95,0.2,0.15,0.1,
25337,B - Mining and quarrying,07 - Mining of metal ores,072 - Mining of non-ferrous metal ores,0729 - Mining of other non-ferrous metal ores,0.99,0.98,0.95,0.85,1 - Managers,13 - Production and specialised services managers,"132 - Manufacturing, mining and construction managers",1322 - Mining and quarrying managers,0.95,0.9,0.88,0.8,
25160,P - Education,85 - Education,854 - Higher education,8540 - Higher education,0.95,0.9,0.85,0.85,3 - Technicians and associate professionals,31 - Science and engineering associate professionals,312 - Civil engineering technicians,3122 - Surveying and mapping technicians,0.95,0.9,0.88,0.85,
24764,B - Mining and quarrying,07 - Mining of metal ores,072 - Mining of non-ferrous metal ores,0721 - Mining of gold,0.99,0.98,0.95,0.9,3 - Technicians and associate professionals,33 - Business and administration associate professionals,332 - Buyers and purchasing officers (minor group),3322 - Buyers and purchasing officers (unit group),0.9,0.85,0.8,0.75,
25185,N - Administrative and support service activities,81 - Services to buildings and landscape activities,81.1 - Combined facilities support activities,81.10 - Combined facilities support activities,0.9,0.92,0.9,0.88,1 - Managers,13 - Production and specialised services managers,,,0.95,0.6,0.2,0.1,
25327,B - Mining and quarrying,06 - Extraction of crude petroleum and natural gas,061 - Extraction of crude petroleum and natural gas,0610 - Extraction of crude petroleum and natural gas,0.95,0.93,0.9,0.9,1 - Managers,13 - Production and specialised services managers,,,0.95,0.6,0.2,0.1,
25013,K - Financial and insurance activities,"64 - Financial service activities, except insurance and pension funding",641 - Monetary intermediation,6419 - Other monetary intermediation,0.99,0.98,0.95,0.9,4 - Clerical support workers,43 - Numerical and material recording clerks,431 - Numerical and material recording clerks (accounting related),4311 - Accounting and bookkeeping clerks,0.95,0.9,0.85,0.8,
25359,G - Wholesale and retail trade; repair of motor vehicles and motorcycles,"47 - Retail trade, except of motor vehicles and motorcycles","471 - Retail sale in non‑specialized stores with food, beverages or tobacco","4711 - Retail sale in non‑specialized stores with food, beverages or tobacco (e.g. supermarkets)",0.9,0.8,0.6,0.4,5 - Service and sales workers,52 - Shop sales assistants and demonstrators,522 - Shop sales assistants and demonstrators,5223 - Demonstrators and product promoters (merchandisers),0.95,0.85,0.8,0.6,
25003,F - Construction,43 - Specialised construction activities,439 - Other specialised construction activities,4399 - Other specialised construction activities n.e.c.,0.95,0.85,0.8,0.75,3 - Technicians and associate professionals,31 - Science and engineering associate professionals,"311 - Architectural, civil and related engineering technicians",3112 - Draughtspersons,0.99,0.9,0.85,0.75,
25305,F - Construction,43 - Specialised construction activities,433 - Building completion and finishing,4330 - Building completion and finishing,0.99,0.95,0.95,0.9,7 - Craft and related trades workers,"71 - Building and related trades workers, excluding electricians",712 - Building finishers and related trades workers,7122 - Floor layers and tile setters,0.99,0.97,0.95,0.85,
25053,O - Public administration and defence; compulsory social security,84 - Public administration and defence; compulsory social security,,,0.95,0.95,0.2,0.1,1 - Managers,11 - Legislators and senior officials,112 - Senior government officials,1120 - Senior government officials,0.95,0.85,0.8,0.6,
24917,"M - Professional, scientific and technical activities",73 - Advertising and market research,731 - Advertising,7310 - Advertising,0.9,0.9,0.85,0.8,5 - Service and sales workers,52 - Sales workers,522 - Shop sales assistants and other sales workers,5223 - Merchandisers and window dressers,0.95,0.9,0.8,0.55,
25191,N - Administrative and support service activities,80 - Security and investigation activities,801 - Private security activities,8010 - Private security activities,0.95,0.95,0.9,0.9,1 - Managers,12 - Administrative and commercial managers,122 - Sales and marketing managers (or equivalent client/ account management managers),1221 - Sales and marketing managers (closest unit-group match for client/account management roles),0.95,0.85,0.7,0.6,
24577,F - Construction,41 - Construction of buildings,41.1 - Development of building projects,41.10 - Development of building projects,0.9,0.8,0.6,0.5,4 - Clerical support workers,41 - General and keyboard clerks,411 - General office clerks,4110 - General office clerks,0.85,0.7,0.6,0.5,
25239,B - Mining and quarrying,07 - Mining of metal ores,072 - Mining of non-ferrous metal ores,0729 - Mining of other non-ferrous metal ores,0.99,0.98,0.9,0.75,2 - Professionals,24 - Business and administration professionals,241 - Accountants,2411 - Accountants,0.95,0.9,0.85,0.7,
25216,G - Wholesale and retail trade; repair of motor vehicles and motorcycles,"47 - Retail trade, except of motor vehicles and motorcycles",477 - Retail sale of other goods in specialised stores,4778 - Other retail sale of new goods in specialised stores (n.e.c.),0.95,0.95,0.7,0.5,3 - Technicians and associate professionals,33 - Business and administration associate professionals,333 - Business services agents and trade brokers (closest match for procurement/purchasing support),,0.9,0.9,0.6,0.3,
25290,B - Mining and quarrying,07 - Mining of metal ores,072 - Mining of non-ferrous metal ores,0729 - Mining of other non-ferrous metal ores,0.99,0.98,0.95,0.85,2 - Professionals,24 - Business and administration professionals,243 - Business services and administration professionals,2434 - Public relations professionals,0.95,0.9,0.85,0.8,
25336,H - Transportation and storage,51 - Air transport,511 - Passenger air transport,5110 - Passenger air transport,0.99,0.97,0.92,0.92,4 - Clerical support workers,43 - Numerical and material recording clerks,431 - Numerical and material recording clerks,4311 - Book-keepers and accounting clerks,0.85,0.8,0.78,0.75,
24946,K - Financial and insurance activities,"64 - Financial service activities, except insurance and pension funding",641 - Monetary intermediation,6419 - Other monetary intermediation,0.95,0.95,0.9,0.85,2 - Professionals,24 - Business and administration professionals,241 - Finance professionals,2419 - Finance professionals not elsewhere classified,0.95,0.9,0.85,0.75,
25099,B - Mining and quarrying,09 - Mining support service activities,09.9 - Support activities for other mining and quarrying,09.90 - Support activities for other mining and quarrying n.e.c.,0.8,0.8,0.6,0.6,2 - Professionals,24 - Business and administration professionals,242 - Human resource professionals,2421 - Human resource professionals,0.95,0.9,0.85,0.85,
24169,B - Mining and quarrying,07 - Mining of metal ores,072 - Mining of non-ferrous metal ores,0729 - Mining of other non-ferrous metal ores,0.99,0.98,0.9,0.85,8 - Plant and machine operators and assemblers,81 - Stationary plant and machine operators,811 - Mining and mineral processing plant operators,,0.95,0.9,0.85,0.2,
25157,"R - Arts, entertainment and recreation","91 - Libraries, archives, museums and other cultural activities",910 - Library and archive activities,9101 - Library and archive activities,0.85,0.92,0.93,0.9,2 - Professionals,"26 - Legal, social and cultural professionals","262 - Librarians, archivists and curators",2622 - Librarians and related information professionals,0.97,0.93,0.92,0.9,
24868,H - Transportation and storage,52 - Warehousing and support activities for transportation,521 - Warehousing and storage,5210 - Warehousing and storage,0.9,0.9,0.8,0.75,1 - Managers,13 - Production and specialised services managers,,,0.95,0.6,0.3,0.2,
25291,B - Mining and quarrying,07 - Mining of metal ores,072 - Mining of non-ferrous metal ores,0729 - Mining of other non-ferrous metal ores,0.99,0.98,0.95,0.9,2 - Professionals,21 - Science and engineering professionals,"214 - Architects, planners, surveyors and designers",2143 - Surveyors (including mine surveyors / cartographers),0.95,0.9,0.85,0.8,
25028,H - Transportation and storage,52 - Warehousing and support activities for transportation,522 - Support activities for transportation,"5229 - Other transportation support activities (includes freight forwarding, customs brokerage and logistics services)",0.98,0.95,0.9,0.88,1 - Managers,13 - Production and specialised services managers,"133 - Supply, distribution and related managers",1331 - Supply and distribution managers,0.95,0.7,0.7,0.65,
25384,C - Manufacturing,10 - Manufacture of food products,108 - Manufacture of other food products,1089 - Manufacture of other food products n.e.c.,0.95,0.95,0.85,0.7,8 - Plant and machine operators and assemblers,83 - Drivers and mobile-plant operators,833 - Truck and bus drivers (drivers of heavy goods vehicles and buses),8332 - Truck and delivery drivers,0.9,0.95,0.9,0.8,
24700,F - Construction,41 - Construction of buildings,412 - Construction of residential and non-residential buildings,4120 - Construction of residential and non-residential buildings,0.98,0.95,0.9,0.85,3 - Technicians and associate professionals,31 - Science and engineering associate professionals,311 - Physical and engineering science technicians,3112 - Civil engineering technicians,0.85,0.8,0.75,0.7,
24732,B - Mining and quarrying,07 - Mining of metal ores,072 - Mining of non-ferrous metal ores,,0.99,0.98,0.85,0.2,2 - Professionals,21 - Science and engineering professionals,214 - Engineering professionals,"2146 - Mining engineers, metallurgists and related professionals",0.99,0.95,0.9,0.9,
25271,L - Real estate activities,68 - Real estate activities,68.3 - Real estate activities on a fee or contract basis,68.32 - Management of real estate on a fee or contract basis,0.98,0.97,0.9,0.9,1 - Managers,12 - Administrative and commercial managers,,,0.95,0.8,0.35,0.2,
24973,F - Construction,43 - Specialised construction activities,431 - Site preparation,4310 - Site preparation,0.95,0.92,0.9,0.9,8 - Plant and machine operators and assemblers,83 - Drivers and mobile plant operators,832 - Mobile plant operators,8322 - Earth-moving and related plant operators (excavator operators),0.95,0.94,0.9,0.88,
25187,Q - Human health and social work activities,86 - Human health activities,869 - Other human health activities,8690 - Other human health activities,0.9,0.85,0.75,0.7,1 - Managers,12 - Business services and administration managers,121 - Business services and administration managers,"1219 - Business services and administration managers, n.e.c.",0.95,0.8,0.6,0.5,
24866,B - Mining and quarrying,07 - Mining of metal ores,072 - Mining of non‑ferrous metal ores,0729 - Mining of other non‑ferrous metal ores,0.95,0.95,0.9,0.85,3 - Technicians and associate professionals,31 - Science and engineering technicians,315 - Safety and quality inspectors,3151 - Safety and quality inspectors,0.9,0.85,0.8,0.75,
25110,F - Construction,42 - Civil engineering,422 - Construction of utility projects,4220 - Construction of utility projects,0.9,0.8,0.7,0.65,7 - Craft and related trades workers,"72 - Metal, machinery and related trades workers",723 - Motor vehicle mechanics and repairers,7231 - Motor vehicle mechanics and repairers,0.9,0.85,0.75,0.6,
23453,H - Transportation and storage,51 - Air transport,511 - Passenger air transport,5110 - Passenger air transport,0.95,0.95,0.9,0.9,7 - Craft and related trades workers,71 - Building and related trades workers,711 - Building frame and related trades workers,7112 - Carpenters and joiners,0.95,0.75,0.6,0.6,
25074,H - Transportation and storage,49 - Land transport and transport via pipelines,,,0.95,0.9,0.2,0.1,1 - Managers,13 - Production and specialised services managers,"132 - Manufacturing, mining, construction and distribution managers","1322 - Supply, distribution and related managers",0.95,0.85,0.7,0.65,
25029,B - Mining and quarrying,09 - Mining support service activities,099 - Support activities for other mining and quarrying,0990 - Support activities for other mining and quarrying,0.8,0.88,0.9,0.86,3 - Technicians and associate professionals,31 - Physical and engineering science technicians,315 - Safety and quality inspectors,3152 - Health and safety inspectors,0.9,0.85,0.86,0.8,
25175,P - Education,85 - Education,855 - Tertiary education (higher education),8550 - Tertiary education (university level),0.95,0.95,0.9,0.8,1 - Managers,13 - Production and specialised services managers,134 - Protective services managers / Security managers,"1345 - Security services managers (e.g., chief/assistant chief security officer)",0.95,0.85,0.8,0.75,
25066,G - Wholesale and retail trade; repair of motor vehicles and motorcycles,"47 - Retail trade, except of motor vehicles and motorcycles",474 - Retail sale of information and communication equipment in specialized stores,4742 - Retail sale of telecommunications equipment in specialised stores,0.9,0.85,0.9,0.85,4 - Clerical support workers,43 - Numerical and material recording clerks,432 - Material-recording and transport clerks (stock clerks and order fillers),4321 - Stock clerks and order fillers,0.9,0.85,0.8,0.75,
24474,B - Mining and quarrying,07 - Mining of metal ores,072 - Mining of non-ferrous metal ores,0729 - Mining of other non-ferrous metal ores,0.99,0.98,0.95,0.9,1 - Managers,,,,0.95,0.4,0.2,0.1,
25283,S - Other service activities,95 - Repair of computers and personal and household goods,951 - Repair of computers and communication equipment,9512 - Repair of communication equipment,0.85,0.92,0.96,0.96,3 - Technicians and associate professionals,31 - Science and engineering associate professionals,311 - Physical and engineering science technicians,3114 - Electronics engineering technicians,0.95,0.9,0.82,0.86,
25091,I - Accommodation and food service activities,55 - Accommodation,55.1 - Hotels and similar accommodation,55.10 - Hotels and similar accommodation,0.99,0.92,0.9,0.88,5 - Service and sales workers,51 - Personal service workers,512 - Cooks,5120 - Cooks,0.99,0.95,0.94,0.8,
24924,H - Transportation and storage,52 - Warehousing and support activities for transportation,52.2 - Warehousing and support activities for transportation,52.29 - Other transportation support activities,0.95,0.9,0.85,0.7,2 - Professionals,24 - Business and administration professionals,242 - Administration professionals,2421 - Management and organisation analysts,0.95,0.85,0.6,0.45,
25058,O - Public administration and defence; compulsory social security,84 - Public administration and defence; compulsory social security,841 - Administration of the State,8411 - General public administration activities,0.98,0.98,0.9,0.8,1 - Managers,12 - Administrative and commercial managers,121 - Business services and administration managers,1213 - Policy and planning managers,0.99,0.9,0.75,0.6,
24646,B - Mining and quarrying,07 - Mining of metal ores,072 - Mining of non-ferrous metal ores,0720 - Mining of non-ferrous metal ores,0.98,0.99,0.95,0.9,7 - Craft and related trades workers,"72 - Metal, machinery and related trades workers","723 - Metal, machinery and related trades workers (maintenance/repair)",,0.95,0.85,0.6,0.3,
24955,F - Construction,41 - Construction of buildings,412 - Construction of residential and non-residential buildings,4120 - Construction of buildings,0.85,0.8,0.65,0.6,1 - Managers,12 - Administrative and commercial managers,,,0.95,0.8,0.2,0.1,
24882,B - Mining and quarrying,07 - Mining of metal ores,072 - Mining of non‑ferrous metal ores,"0729 - Mining of other non‑ferrous metal ores (e.g. gold, silver)",0.99,0.96,0.88,0.72,7 - Craft and related trades workers,"72 - Metal, machinery and related trades workers",723 - Motor vehicle mechanics and repairers,7231 - Motor vehicle mechanics and repairers,0.98,0.94,0.95,0.88,
24959,H - Transportation and storage,51 - Air transport,511 - Passenger air transport,5110 - Passenger air transport,0.95,0.95,0.9,0.85,4 - Clerical support workers,43 - Numerical and material-recording clerks,432 - Material-recording and transport clerks,4322 - Material-recording and transport clerks (transport clerks / load controllers),0.9,0.85,0.8,0.7,
25367,K - Financial and insurance activities,"64 - Financial service activities, except insurance and pension funding",64.1 - Monetary intermediation,64.19 - Other monetary intermediation (commercial banking and similar),0.95,0.9,0.75,0.6,1 - Managers,12 - Administrative and commercial managers,121 - Business services and administration managers,1219 - Business services and administration managers not elsewhere classified (incl. property/facilities managers / leasing managers),0.95,0.8,0.7,0.5,
25186,L - Real estate activities,68 - Real estate activities,681 - Real estate activities with own or leased property (development and sale of real estate),"6810 - Real estate development (buying, selling and development of own real estate)",0.98,0.95,0.9,0.85,1 - Managers,12 - Administrative and commercial managers,121 - Business services and administration managers,1219 - Business services and administration managers not elsewhere classified,0.95,0.8,0.75,0.6,
25184,F - Construction,43 - Specialised construction activities,"432 - Electrical, plumbing and other construction installation","4322 - Plumbing, heat and air-conditioning installation",0.95,0.9,0.9,0.98,7 - Craft and related trades workers,"72 - Metal, machinery and related trades workers","723 - Metal, machinery and related trades workers",7232 - Refrigeration and air-conditioning mechanics and fitters,0.95,0.75,0.65,0.65,
25133,H - Transportation and storage,52 - Warehousing and support activities for transportation,521 - Warehousing and storage,5210 - Warehousing and storage,0.95,0.95,0.95,0.9,1 - Managers,"14 - Hospitality, retail and other services managers",142 - Retail and wholesale trade managers,1422 - Wholesale and retail trade managers (warehouse/stock manager/supervisor),0.9,0.8,0.75,0.6,
25019,Q - Human health and social work activities,88 - Social work activities without accommodation,88.9 - Other social work activities without accommodation,88.99 - Other social work activities without accommodation n.e.c.,0.8,0.85,0.75,0.7,1 - Managers,12 - Administrative and commercial managers,121 - Finance managers,1211 - Finance managers,0.99,0.9,0.9,0.8,
24797,I - Accommodation and food service activities,56 - Food and beverage service activities,561 - Restaurants and mobile food service activities,5610 - Restaurants and mobile food service activities,0.98,0.97,0.96,0.95,5 - Service and sales workers,51 - Personal service workers,513 - Waiters and bartenders,5131 - Waiters,0.95,0.9,0.85,0.65,
24969,"A - Agriculture, forestry and fishing","01 - Crop and animal production, hunting and related service activities",015 - Mixed farming,0150 - Mixed farming,0.65,0.65,0.6,0.5,1 - Managers,"11 - Chief executives, senior officials and legislators",112 - Managing directors and chief executives,1120 - Managing directors and chief executives,0.99,0.9,0.9,0.9,
23366,H - Transportation and storage,52 - Warehousing and support activities for transportation,522 - Support activities for transportation,5223 - Service activities incidental to air transportation,0.95,0.9,0.85,0.6,4 - Clerical support workers,43 - Numerical and material recording clerks,431 - Material-recording and transport clerks,4312 - Shipping/Receiving and Transport Clerks (material-recording & transport clerks),0.9,0.75,0.6,0.55,
24957,H - Transportation and storage,52 - Warehousing and support activities for transportation,522 - Support activities for transportation,5220 - Support activities for transportation,0.96,0.9,0.85,0.75,4 - Clerical support workers,43 - Material-recording and transport clerks,432 - Material- and transport-related clerks,4322 - Transport clerks,0.85,0.8,0.7,0.55,
25085,C - Manufacturing,33 - Repair and installation of machinery and equipment,,,0.9,0.95,0.3,0.2,7 - Craft and related trades workers,"72 - Metal, machinery and related trades workers",723 - Machinery mechanics and repairers,,0.95,0.9,0.8,0.3,
25042,B - Mining and quarrying,07 - Mining of metal ores,072 - Mining of non‑ferrous metal ores,0729 - Mining of other non‑ferrous metal ores,0.95,0.95,0.9,0.85,1 - Managers,13 - Production and specialised services managers,"132 - Manufacturing, mining and construction managers",1322 - Mining managers,0.9,0.7,0.6,0.45,
24825,B - Mining and quarrying,06 - Extraction of crude petroleum and natural gas,061 - Extraction of crude petroleum and natural gas,0610 - Extraction of crude petroleum and natural gas,0.98,0.97,0.95,0.93,3 - Technicians and associate professionals,31 - Science and engineering associate professionals,313 - Electrical and electronic engineering technicians,3132 - Instrumentation technicians,0.95,0.9,0.85,0.7,
24535,F - Construction,43 - Specialized construction activities,"432 - Electrical, plumbing and other construction installation activities",4321 - Electrical installation,0.9,0.93,0.95,0.97,7 - Craft and related trades workers,74 - Electrical and electronic trades workers,741 - Electrical and electronic equipment mechanics and fitters,7411 - Electricians and electrical fitters,0.9,0.95,0.95,0.98,
25345,K - Financial and insurance activities,"64 - Financial service activities, except insurance and pension funding",641 - Financial intermediation (monetary intermediation and other lending activities),"6419 - Other monetary intermediation / lending activities (incl. commercial banks, lending institutions)",0.95,0.95,0.85,0.65,1 - Managers,"11 - Chief executives, senior officials and legislators (senior management)",112 - Managing directors and chief executives / Senior corporate managers,1120 - Managing directors and chief executives (including COO-level executive managers),1.0,0.9,0.85,0.8,
25190,B - Mining and quarrying,07 - Mining of metal ores,072 - Mining of non-ferrous metal ores,0729 - Mining of other non-ferrous metal ores,1.0,0.99,0.95,0.9,3 - Technicians and associate professionals,31 - Science and engineering associate professionals,315 - Safety and quality inspectors (incl. occupational health and safety technicians),3152 - Occupational health and safety technicians,0.9,0.85,0.8,0.75,
25082,F - Construction,43 - Specialized construction activities,"432 - Electrical, plumbing and other construction installation activities","4322 - Plumbing, heat and air‑conditioning installation",0.95,0.9,0.9,0.95,1 - Managers,13 - Production and specialised services managers,"132 - Manufacturing, mining, construction and distribution managers","1324 - Supply, distribution and related managers",0.95,0.7,0.6,0.6,
25300,H,51,511,5110,0.95,0.9,0.8,0.7,7,72,723,,0.95,0.85,0.9,0.2,
25102,I - Accommodation and food service activities,55 - Accommodation,55.1 - Hotels and similar accommodation,55.10 - Hotels and similar accommodation,0.98,0.75,0.8,0.8,5 - Service and sales workers,51 - Personal service workers,512 - Cooks and chefs,5121 - Chefs,0.95,0.9,0.9,0.8,
24477,B - Mining and quarrying,07 - Mining of metal ores,072 - Mining of non‑ferrous metal ores,0729 - Mining of other non‑ferrous metal ores (e.g. gold),0.98,0.95,0.9,0.8,1 - Managers,12 - Administrative and commercial managers,121 - Business services and administration managers,1219 - Business services and administration managers not elsewhere classified,0.95,0.9,0.85,0.65,
25214,C - Manufacturing,10 - Manufacture of food products,108 - Manufacture of other food products,1089 - Manufacture of other food products n.e.c.,0.9,0.9,0.85,0.6,5 - Service and sales workers,52 - Sales workers,"524 - Sales representatives, wholesale and manufacturing","5241 - Sales representatives, wholesale and manufacturing",0.98,0.95,0.9,0.7,
25225,C - Manufacturing,,,,0.95,0.25,0.2,0.15,2 - Professionals,24 - Business and administration professionals,242 - Personnel and careers professionals,2423 - Human resources professionals,0.9,0.85,0.8,0.75,
25313,B - Mining and quarrying,07 - Mining of metal ores,,,0.98,0.95,0.3,0.2,7 - Craft and related trades workers,"72 - Metal, machinery and related trades workers",723 - Motor vehicle mechanics and repairers,7231 - Motor vehicle mechanics and repairers,0.95,0.9,0.9,0.88,
25328,P - Education,85 - Education,853 - Higher education,8530 - Higher education,0.99,0.98,0.97,0.95,1 - Managers,13 - Production and specialised services managers,134 - Other specialised services managers,1345 - Education managers,0.99,0.95,0.9,0.85,
25194,L - Real estate activities,68 - Real estate activities,682 - Renting and operating of own or leased real estate,6820 - Renting and operating of own or leased real estate,0.95,0.95,0.9,0.85,1 - Managers,12 - Administrative and commercial managers,"122 - Sales, marketing and development managers",1221 - Sales and marketing managers,0.98,0.9,0.8,0.7,
24639,L - Real estate activities,68 - Real estate activities,,,0.8,0.8,0.2,0.2,4 - Clerical support workers,41 - General and keyboard clerks,411 - General office clerks,4110 - General office clerks,0.95,0.75,0.6,0.5,
25176,H - Transportation and storage,50 - Water transport,503 - Sea and coastal freight water transport,5030 - Sea and coastal freight water transport,0.95,0.9,0.85,0.8,1 - Managers,"11 - Chief executives, senior officials and legislators",111 - Chief executives and senior officials,1110 - Chief executives and senior officials (General Manager / Country Head),0.95,0.85,0.75,0.7,
25031,"A - Agriculture, forestry and fishing","01 - Crop and animal production, hunting and related service activities",014 - Animal production and aquaculture,0147 - Raising of poultry,0.95,0.95,0.93,0.9,4 - Clerical support workers,43 - Numerical and material recording clerks,432 - Material-recording and transport clerks,4321 - Stock clerks and records assistants (incl. purchasing/procurement clerks),0.95,0.9,0.85,0.65,
25130,G - Wholesale and retail trade; repair of motor vehicles and motorcycles,"47 - Retail trade, except of motor vehicles and motorcycles",477 - Retail sale of other goods in specialised stores,4779 - Other retail sale of new goods in specialised stores,0.95,0.92,0.88,0.7,3 - Technicians and associate professionals,31 - Physical and engineering science technicians,311 - Physical and engineering technicians,3119 - Physical and engineering technicians not elsewhere classified,0.6,0.55,0.5,0.45,
24921,B - Mining and quarrying,07 - Mining of metal ores,,,0.95,0.9,0.4,0.3,4 - Clerical support workers,41 - General and keyboard clerks,,,0.92,0.75,0.4,0.3,
24601,J - Information and communication,"62 - Computer programming, consultancy and related activities","620 - Computer programming, consultancy and related activities",6209 - Other information technology and computer service activities,0.9,0.8,0.8,0.6,1 - Managers,12 - Administrative and commercial managers,124 - Customer services managers,,0.95,0.85,0.8,0.3,
25172,G - Wholesale and retail trade; repair of motor vehicles and motorcycles,"47 - Retail trade, except of motor vehicles and motorcycles","471 - Retail sale in non‑specialised stores with food, beverages or tobacco predominating","4711 - Retail sale in non‑specialised stores with food, beverages or tobacco predominating",0.85,0.9,0.75,0.6,1 - Managers,"14 - Hospitality, retail and other services managers",142 - Retail and wholesale trade managers,1421 - Shop managers,0.9,0.85,0.8,0.75,
25373,F - Construction,43 - Specialised construction activities,439 - Other specialised construction activities,4390 - Other specialised construction activities,0.95,0.9,0.8,0.7,8 - Plant and machine operators and assemblers,83 - Drivers and mobile-plant operators,833 - Heavy truck and bus drivers,8332 - Heavy truck and lorry drivers,0.98,0.95,0.9,0.9,
24966,K - Financial and insurance activities,"64 - Financial service activities, except insurance and pension funding",641 - Monetary intermediation,6419 - Other monetary intermediation,0.95,0.95,0.9,0.85,1 - Managers,"11 - Chief executives, senior officials and legislators",112 - Managing directors and chief executives,,0.98,0.75,0.45,0.2,
24870,B - Mining and quarrying,09 - Support activities for mining and quarrying,099 - Support activities for other mining and quarrying,0990 - Support activities for other mining and quarrying,0.95,0.95,0.85,0.75,7 - Craft and related trades workers,"72 - Metal, machinery and related trades workers",723 - Machinery mechanics and fitters,,0.9,0.85,0.75,0.3,
24983,H - Transportation and storage,52 - Warehousing and support activities for transportation,522 - Support activities for transportation,5220 - Service activities incidental to transportation,0.9,0.8,0.7,0.55,3 - Technicians and associate professionals,35 - Information and communications technicians,351 - Information and communications technicians,3512 - Telecommunications engineering technicians,0.95,0.85,0.8,0.6,
25087,B - Mining and quarrying,07 - Mining of metal ores,072 - Mining of non-ferrous metal ores,0729 - Other mining of non-ferrous metal ores,0.98,0.95,0.9,0.85,7 - Craft and related trades workers,"72 - Metal, machinery and related trades workers",723 - Machinery mechanics and repairers,7232 - Mobile heavy equipment and machinery mechanics and repairers,0.95,0.9,0.88,0.75,
25039,U - Activities of extraterritorial organisations and bodies,99 - Activities of extraterritorial organisations and bodies,99.0 - Activities of extraterritorial organisations and bodies,99.00 - Activities of extraterritorial organisations and bodies,0.9,0.85,0.8,0.75,2 - Professionals,"26 - Legal, social and cultural professionals",263 - Social and religious professionals,2639 - Social and religious professionals not elsewhere classified,0.95,0.65,0.55,0.4,
25347,S - Other service activities,94 - Activities of membership organisations,949 - Other membership n.e.c.,9499 - Activities of other membership organisations n.e.c.,0.85,0.85,0.75,0.7,2 - Professionals,24 - Business and administration professionals,242 - Management and organisation analysts,2421 - Management and organisation analysts,0.9,0.8,0.6,0.45,
24999,J - Information and communication,"62 - Computer programming, consultancy and related activities","620 - Computer programming, consultancy and related activities",6203 - Computer facilities management activities,0.85,0.8,0.8,0.8,2 - Professionals,25 - Information and communications technology professionals,252 - Database and network professionals,2522 - Systems administrators,0.95,0.95,0.95,0.95,
25266,N - Administrative and support service activities,78 - Employment activities,781 - Activities of employment placement agencies,7810 - Activities of employment placement agencies,0.9,0.9,0.8,0.75,2 - Professionals,24 - Business and administration professionals,242 - Personnel and careers professionals (minor group),2423 - Personnel and careers professionals (unit group),0.85,0.8,0.75,0.7,
25249,S - Other service activities,94 - Activities of membership organisations,949 - Activities of other membership organisations,9499 - Activities of other membership organizations n.e.c.,0.85,0.8,0.7,0.6,1 - Managers,12 - Administrative and commercial managers,121 - Business services and administration managers,1219 - Business services and administration managers n.e.c.,0.95,0.8,0.7,0.55,
25035,P - Education,85 - Education,853 - Higher education,8530 - Higher education,0.9,0.88,0.8,0.7,2 - Professionals,22 - Health Professionals,222 - Nursing and Midwifery Professionals,2221 - Nursing Professionals,0.98,0.99,0.99,0.99,
24859,I - Accommodation and food service activities,55 - Accommodation,551 - Short term accommodation activities,5510 - Hotels and similar accommodation,0.85,0.8,0.75,0.8,5 - Service and sales workers,52 - Sales workers,522 - Sales workers (retail and other salespersons) [approximate],,0.95,0.9,0.6,0.2,
25210,H - Transportation and storage,51 - Air transport,51.1 - Passenger air transport,51.10 - Passenger air transport,0.95,0.9,0.9,0.9,1 - Managers,12 - Administrative and commercial managers,121 - Business services and administration managers,1212 - Human resource managers,0.95,0.9,0.85,0.7,
25192,I - Accommodation and food service activities,56 - Food and beverage service activities,563 - Beverage serving activities,5630 - Beverage serving activities,0.98,0.96,0.95,0.95,1 - Managers,"12 - Hospitality, retail and other services managers",122 - Restaurant and bar managers (minor group),,0.9,0.85,0.8,0.35,
25272,"M - Professional, scientific and technical activities",71 - Architectural and engineering activities; technical testing and analysis,71.1 - Architectural and engineering activities and related technical consultancy,71.12 - Engineering activities and related technical consultancy,0.65,0.55,0.45,0.35,3 - Technicians and associate professionals,31 - Science and engineering technicians,,,0.85,0.55,0.2,0.1,
25090,C - Manufacturing,33 - Repair and installation of machinery and equipment,"331 - Repair of fabricated metal products, machinery and equipment",3312 - Repair of machinery,0.8,0.85,0.9,0.85,7 - Craft and related trades workers,"72 - Metal, machinery and related trades workers",723 - Motor vehicle and other machinery mechanics and repairers,7231 - Motor vehicle mechanics and repairers,0.95,0.95,0.9,0.85,
25344,H - Transportation and storage,53 - Postal and courier activities,532 - Other postal and courier activities,5320 - Other postal and courier activities,0.95,0.92,0.88,0.8,1 - Managers,13 - Production and specialised services managers,,,0.95,0.65,0.25,0.1,
20735,H - Transportation and storage,51 - Air transport,511 - Passenger air transport,5110 - Passenger air transport,0.95,0.92,0.8,0.7,7 - Craft and related trades workers,"72 - Metal, machinery and related trades workers",723 - Machinery mechanics and repairers,7232 - Aircraft engine mechanics and repairers,0.9,0.8,0.75,0.6,
24481,B - Mining and quarrying,07 - Mining of metal ores,072 - Mining of non‑ferrous metal ores,0729 - Mining of other non‑ferrous metal ores,0.99,0.98,0.95,0.92,8 - Plant and machine operators and assemblers,83 - Drivers and mobile plant operators,,,0.95,0.8,0.3,0.2,
24977,N - Administrative and support service activities,81 - Services to buildings and landscape activities,813 - Landscape service activities,8130 - Landscape service activities,0.9,0.9,0.95,0.95,"6 - Skilled agricultural, forestry and fishery workers",61 - Market-oriented skilled agricultural workers,611 - Market gardeners and crop growers (including horticultural workers),6112 - Gardeners and landscape gardeners (garden and horticultural workers),0.85,0.7,0.65,0.55,
25062,B - Mining and quarrying,06 - Extraction of crude petroleum and natural gas,06.1 - Extraction of crude petroleum and natural gas (group),06.10 - Extraction of crude petroleum and natural gas (class),0.95,0.9,0.8,0.75,4 - Clerical support workers,41 - General and keyboard clerical support workers,411 - General office clerks,4110 - General office clerks (unit group),0.95,0.85,0.8,0.75,
24476,B - Mining and quarrying,07 - Mining of metal ores,072 - Mining of non-ferrous metal ores,0729 - Mining of other non-ferrous metal ores,0.99,0.98,0.97,0.9,1 - Managers,13 - Production and specialised services managers,,,0.95,0.85,0.25,0.1,
24888,P - Education,85 - Education,855 - Other education,8550 - Other education not elsewhere classified,0.85,0.8,0.75,0.7,1 - Managers,13 - Production and specialised services managers,134 - Other specialist managers (incl. education managers),1343 - Education managers,0.9,0.75,0.7,0.65,
24947,B - Mining and quarrying,07 - Mining of metal ores,072 - Mining of non-ferrous metal ores,0729 - Other non-ferrous metal ore mining,0.95,0.9,0.85,0.8,2 - Professionals,21 - Science and engineering professionals,214 - Engineering professionals,2141 - Civil engineers,0.85,0.8,0.75,0.65,
25054,O - Public administration and defence; compulsory social security,84 - Public administration and defence; compulsory social security,842 - Provision of services to the community as a whole (provincial and local government activities),,0.95,0.95,0.85,0.25,1 - Managers,"11 - Chief executives, senior officials and legislators",111 - Senior government officials / Legislators and senior officials,,0.98,0.88,0.75,0.3,
25322,L - Real estate activities,68 - Real estate activities,682 - Renting and operating of own or leased real estate,6820 - Renting and operating of own or leased real estate,0.95,0.95,0.9,0.85,1 - Managers,13 - Production and specialised services managers,133 - Production and specialised services managers,1339 - Other production and specialised services managers,0.99,0.8,0.7,0.6,
25299,H - Transportation and storage,51 - Air transport,511 - Passenger air transport,5110 - Passenger air transport,0.95,0.9,0.85,0.8,3 - Technicians and associate professionals,31 - Science and engineering associate professionals,311 - Physical and engineering science technicians,3119 - Physical and engineering science technicians not elsewhere classified,0.95,0.9,0.85,0.7,
24738,B - Mining and quarrying,07 - Mining of metal ores,072 - Mining of non-ferrous metal ores,0729 - Mining of other non-ferrous metal ores,0.99,0.98,0.96,0.94,2 - Professionals,21 - Science and engineering professionals,214 - Engineering professionals,2146 - Mining engineers,0.99,0.97,0.95,0.92,
25168,F - Construction,43 - Specialised construction activities,"43.2 - Electrical, plumbing and other construction installation activities",43.29 - Other construction installation,0.95,0.9,0.85,0.75,7 - Craft and related trades workers,71 - Building and related trades workers,,,0.95,0.8,0.3,0.2,
25351,N - Administrative and support service activities,"82 - Office administrative, office support and other business support activities",829 - Other business support service activities n.e.c.,8299 - Other business support service activities n.e.c.,0.9,0.88,0.82,0.78,5 - Service and sales workers,52 - Sales workers,522 - Shop sales assistants and retail cashiers,,0.95,0.92,0.75,0.3,
25204,L - Real estate activities,68 - Real estate activities,682 - Rental and operating of own or leased real estate,6820 - Renting and operating of own or leased real estate,0.95,0.92,0.88,0.8,3 - Technicians and associate professionals,33 - Business and administration associate professionals,332 - Sales and purchasing agents and brokers (incl. leasing/letting roles),3322 - Real estate agents and property managers,0.8,0.75,0.6,0.6,
25105,C - Manufacturing,23 - Manufacture of other non-metallic mineral products,"239 - Manufacture of non-metallic mineral products n.e.c. (e.g., building products)",,0.95,0.85,0.8,0.2,1 - Managers,12 - Administrative and commercial managers,122 - Sales and marketing managers,1221 - Sales and marketing managers,0.99,0.85,0.9,0.9,
25202,B - Mining and quarrying,06 - Extraction of crude petroleum and natural gas,061 - Extraction of crude petroleum and natural gas,0610 - Extraction of crude petroleum and natural gas,0.95,0.95,0.92,0.92,2 - Professionals,21 - Science and engineering professionals,214 - Engineering professionals,2146 - Petroleum engineers,0.95,0.9,0.8,0.75,
25178,B - Mining and quarrying,06 - Extraction of crude petroleum and natural gas,061,0610,0.95,0.95,0.8,0.7,1 - Managers,12 - Administrative and commercial managers,121,1211,0.95,0.9,0.85,0.8,
25008,F - Construction,42 - Civil engineering,429 - Construction of other civil engineering projects,4290 - Construction of other civil engineering projects,0.95,0.85,0.7,0.6,4 - Clerical support workers,43 - Numerical and material recording clerks,431 - Numerical and material recording clerks,4311 - Stock clerks and order clerks,0.85,0.75,0.6,0.5,
25289,B - Mining and quarrying,07 - Mining of metal ores,072 - Mining of non-ferrous metal ores,0729 - Mining of other non-ferrous metal ores,1.0,0.99,0.98,0.9,2 - Professionals,21 - Science and engineering professionals,214 - Engineering professionals,2141 - Civil engineers,0.95,0.95,0.9,0.85,
25188,C - Manufacturing,10 - Manufacture of food products,"106 - Manufacture of grain mill products, starches and starch products",1061 - Manufacture of grain mill products,0.98,0.95,0.9,0.6,3 - Technicians and associate professionals,31 - Science and engineering associate professionals,311 - Chemical and physical science technicians,,0.9,0.85,0.8,0.3,
25358,B - Mining and quarrying,07 - Mining of metal ores,072 - Mining of non-ferrous metal ores,0729 - Other non-ferrous metal ores,1.0,0.99,0.9,0.6,1 - Managers,13 - Production and specialized services managers,"132 - Manufacturing, mining and construction managers",1322 - Mining and quarrying managers,1.0,0.95,0.8,0.7,
25206,H - Transportation and storage,49 - Land transport and transport via pipelines,492 - Freight transport by road,4920 - Freight transport by road,0.98,0.97,0.95,0.95,1 - Managers,13 - Production and specialised services managers,"132 - Manufacturing, mining, construction and distribution managers",1322 - Transport and distribution managers,0.95,0.75,0.6,0.6,
25231,B - Mining and quarrying,07 - Mining of metal ores,072 - Mining of non-ferrous metal ores,0729 - Mining of other non-ferrous metal ores,0.95,0.95,0.95,0.9,1 - Managers,12 - Administrative and commercial managers,121 - Business services and administration managers,1212 - Human resources managers,0.98,0.9,0.88,0.7,
24138,B - Mining and quarrying,07 - Mining of metal ores,072 - Mining of non-ferrous metal ores,,0.99,0.95,0.85,0.3,3 - Technicians and associate professionals,31 - Physical and engineering science technicians,311 - Physical and engineering science technicians,3112 - Mining and metallurgical technicians (or equivalent mining technician role),0.9,0.75,0.6,0.5,
25094,Q - Human health and social work activities,88 - Social work activities without accommodation,88.9 - Other social work activities without accommodation,88.99 - Other social work activities without accommodation n.e.c.,0.9,0.9,0.8,0.7,1 - Managers,13 - Production and specialised services managers,134 - Specialised services managers,1345 - Social and community service managers,0.95,0.75,0.75,0.85,
24656,N - Administrative and support service activities,80 - Security and investigation activities,801 - Private security activities,8010 - Private security activities,0.95,0.95,0.9,0.9,5 - Service and sales workers,54 - Protective services workers,541 - Protective services workers,5414 - Security guards and related workers,0.95,0.9,0.85,0.8,
25023,S - Other service activities,94 - Activities of membership organisations,94.9 - Activities of other membership organisations,94.99 - Activities of other membership organisations n.e.c.,0.85,0.8,0.7,0.6,4 - Clerical support workers,43 - Numerical and material recording clerks,432 - Material-recording clerks,4321 - Stock clerks and order fillers,0.95,0.85,0.75,0.6,
25209,G - Wholesale and retail trade; repair of motor vehicles and motorcycles,"46 - Wholesale trade, except of motor vehicles and motorcycles","46.7 - Wholesale of other intermediate products, waste and scrap","46.71 - Wholesale of solid, liquid and gaseous fuels and related products",0.95,0.95,0.9,0.9,2 - Professionals,21 - Science and engineering professionals,214 - Engineering professionals,2145 - Mechanical engineers,0.9,0.9,0.85,0.65,
25033,B,07,072,0729,0.95,0.95,0.95,0.95,1,13,132,1322,0.9,0.75,0.7,0.6,
25382,L - Real estate activities,68 - Real estate activities,68.2 - Renting and operating of own or leased real estate,68.20 - Renting and operating of own or leased real estate,0.9,0.9,0.88,0.85,7 - Craft and related trades workers,71 - Building and related trades workers,,,0.9,0.8,0.25,0.1,
25056,O - Public administration and defence; compulsory social security,84 - Public administration and defence; compulsory social security,841 - Administration of the state and the economic and social policy of the community,8411 - General public administration activities,0.95,0.95,0.9,0.7,1 - Managers,12 - Administrative and commercial managers,121 - Business services and administration managers,1211 - Finance managers,0.99,0.95,0.9,0.9,
25092,I - Accommodation and food service activities,55 - Accommodation,55.1 - Hotels and similar accommodation,55.10 - Hotels and similar accommodation,0.98,0.97,0.95,0.95,2 - Professionals,24 - Business and administration professionals,241 - Accountants,2411 - Accountants,0.95,0.9,0.75,0.65,
25065,G - Wholesale and retail trade; repair of motor vehicles and motorcycles,"47 - Retail trade, except of motor vehicles and motorcycles",474 - Retail sale of information and communication equipment in specialised stores,4742 - Retail sale of telecommunications equipment in specialised stores,0.96,0.92,0.9,0.85,4 - Clerical support workers,43 - Numerical and material recording clerks,432 - Material-recording and transport clerks,4322 - Shipping and receiving clerks,0.95,0.88,0.8,0.7,
25159,P - Education,85 - Education,853 - Higher education,8530 - Higher education,0.98,0.98,0.95,0.95,3 - Technicians and associate professionals,31 - Science and engineering technicians,311 - Physical and engineering science technicians,,0.9,0.85,0.7,0.2,
25161,H - Transportation and storage,52 - Warehousing and support activities for transportation,52.2 - Support activities for transportation,52.29 - Other transportation support activities,0.97,0.9,0.9,0.8,1 - Managers,12 - Administrative and commercial managers,121 - Business services and administration managers,,0.98,0.85,0.7,0.2,
25219,P - Education,85 - Education,85.4 - Higher education,85.41 - Higher education,0.95,0.95,0.9,0.85,2 - Professionals,24 - Business and administration professionals,242 - Management and organization analysts,2421 - Management and organization analysts,0.9,0.9,0.85,0.8,
25260,C - Manufacturing,10 - Manufacture of food products,108 - Manufacture of other food products,1080 - Manufacture of other food products,0.95,0.9,0.65,0.6,1 - Managers,12 - Administrative and commercial managers,122 - Sales and marketing managers,1221 - Sales and marketing managers,0.99,0.9,0.9,0.85,
25050,B - Mining and quarrying,07 - Mining of metal ores,072 - Mining of non‑ferrous metal ores,0729 - Mining of other non‑ferrous metal ores,1.0,0.99,0.95,0.8,4 - Clerical support workers,41 - General and keyboard clerks,411 - General office clerks,4110 - General office clerks,0.9,0.85,0.8,0.75,
25320,P - Education,85 - Education,85.3 - Higher education,,0.95,0.95,0.9,0.2,1 - Managers,12 - Administrative and commercial managers,122 - Marketing and sales managers,1221 - Sales and marketing managers,0.95,0.9,0.95,0.85,
25215,C - Manufacturing,10 - Manufacture of food products,"106 - Manufacture of grain mill products, starches and starch products",1061 - Manufacture of grain mill products,0.9,0.85,0.75,0.7,5 - Service and sales workers,52 - Sales workers,522 - Shop sales assistants and shopkeepers,,0.95,0.9,0.6,0.25,
25117,C - Manufacturing,,,,0.6,0.2,0.1,0.1,3 - Technicians and associate professionals,35 - Information and communications technicians,351 - Information and communications technology technicians (operations and user support),3513 - Computer network and systems technicians,0.95,0.95,0.9,0.85,
25303,F - Construction,43 - Specialised construction activities,"432 - Electrical, plumbing and other construction installation","4322 - Plumbing, heat and air-conditioning installation",0.98,0.97,0.95,0.92,7 - Craft and related trades workers,71 - Building and related trades workers,712 - Building finishers and related trades workers,7122 - Plumbers and pipe fitters,0.98,0.9,0.85,0.92,
25000,K - Financial and insurance activities,"64 - Financial service activities, except insurance and pension funding","649 - Other financial service activities, except insurance and pension funding",6492 - Other credit granting,0.95,0.95,0.9,0.85,1 - Managers,"11 - Chief executives, senior officials and legislators",112 - Managing directors and chief executives,1120 - Managing directors and chief executives,0.99,0.95,0.9,0.85,
24139,B - Mining and quarrying,07 - Mining of metal ores,072 - Mining of other non-ferrous metal ores,0729 - Mining of other non-ferrous metal ores,0.99,0.96,0.9,0.9,3 - Technicians and associate professionals,31 - Physical and engineering science technicians,"313 - Mining, manufacturing and construction supervisors / technicians (operational control)",3131 - Mining supervisors / operational control officers (closest unit-group match),0.95,0.9,0.8,0.75,
25343,H - Transportation and storage,53 - Postal and courier activities,53.2 - Courier activities,53.20 - Courier activities,0.98,0.98,0.97,0.97,8 - Plant and machine operators and assemblers,83 - Drivers and mobile-plant operators,"832 - Car, van and motorcycle drivers",8322 - Delivery drivers and motorcycle riders,0.9,0.95,0.92,0.86,
24985,H - Transportation and storage,52 - Warehousing and support activities for transportation,522 - Support activities for transportation,5222 - Service activities incidental to water transportation,0.98,0.95,0.9,0.85,1 - Managers,12 - Administrative and commercial managers,121 - Business services and administration managers,1212 - Human resource managers,0.98,0.9,0.85,0.75,
24929,B - Mining and quarrying,07 - Mining of metal ores,,,1.0,0.95,0.2,0.1,1 - Managers,,,,0.9,0.4,0.2,0.1,
25234,J - Information and communication,"62 - Computer programming, consultancy and related activities","620 - Computer programming, consultancy and related activities",6202 - Computer consultancy activities,0.9,0.9,0.9,0.75,1 - Managers,12 - Administrative and commercial managers,"122 - Sales, marketing and development managers",1221 - Sales and marketing managers,1.0,0.95,0.95,0.9,
24956,S - Other service activities,94 - Activities of membership organizations,94.9 - Activities of other membership organizations,94.99 - Activities of other membership organizations n.e.c.,0.9,0.85,0.8,0.75,4 - Clerical support workers,43 - Numerical and material recording clerks,431 - Material-recording and transport clerks,4312 - Stock clerks and order fillers,0.9,0.85,0.8,0.6,
25081,L - Real estate activities,68 - Real estate activities,68.3 - Real estate activities on a fee or contract basis,68.32 - Management of real estate on a fee or contract basis,0.95,0.95,0.9,0.85,1 - Managers,12 - Administrative and commercial managers,121 - Business services and administration managers,,0.98,0.9,0.6,0.25,
25280,B - Mining and quarrying,07 - Mining of metal ores,072 - Mining of non-ferrous metal ores,0721 - Mining of gold,0.98,0.95,0.9,0.9,1 - Managers,13 - Production and specialised services managers,"132 - Manufacturing, mining and construction managers",1322 - Mining production managers (mine-level production/supervisory manager),0.95,0.9,0.7,0.6,
25032,S - Other service activities,94 - Activities of membership organizations,949 - Activities of other membership organizations,9499 - Activities of other membership organizations n.e.c.,0.95,0.92,0.9,0.88,1 - Managers,"11 - Chief executives, senior officials and legislators","111 - Chief executives, senior officials and legislators","1110 - Chief executives and senior officials (e.g., executive director / managing director)",0.98,0.95,0.9,0.85,
25353,B - Mining and quarrying,07 - Mining of metal ores,072 - Mining of non-ferrous metal ores,,0.99,0.95,0.9,0.3,3 - Technicians and associate professionals,31 - Science and engineering associate professionals,311 - Physical and engineering science technicians,,0.95,0.9,0.8,0.3,
25181,F - Construction,43 - Specialised construction activities,439 - Other specialised construction activities,4390 - Other specialised construction activities n.e.c.,0.95,0.8,0.7,0.6,7 - Craft and related trades workers,"72 - Metal, machinery and related trades workers","721 - Sheet and structural metal workers, moulders and welders",7212 - Welders and flamecutters,0.95,0.9,0.85,0.75,
25006,C - Manufacturing,10 - Manufacture of food products,"106 - Manufacture of grain mill products, starches and starch products",1061 - Manufacture of grain mill products,0.9,0.88,0.8,0.75,5 - Service and sales workers,52 - Sales workers,522 - (closest: Shop sales assistants and demonstrators / sales workers),,0.95,0.9,0.6,0.2,
24949,G - Wholesale and retail trade; repair of motor vehicles and motorcycles,"46 - Wholesale trade, except of motor vehicles and motorcycles",466 - Wholesale of other goods (including fuels),"4663 - Wholesale of solid, liquid and gaseous fuels and related products",0.95,0.92,0.9,0.9,7 - Craft and related trades workers,"72 - Metal, machinery and related trades workers",723 - Motor vehicle mechanics and repairers,7231 - Motor vehicle mechanics and repairers,0.95,0.9,0.9,0.75,
24994,S - Other service activities,94 - Activities of membership organizations,94.9 - Activities of other membership organizations n.e.c.,94.99 - Activities of other membership organizations n.e.c.,0.85,0.9,0.9,0.9,2 - Professionals,22 - Health professionals,226 - Other health professionals,2263 - Dieticians and nutritionists,0.9,0.9,0.85,0.8,
24975,F - Construction,43 - Specialized construction activities,432 - Building installation,4321 - Electrical installation,0.85,0.8,0.65,0.6,7 - Craft and related trades workers,"72 - Metal, machinery and related trades workers",723 - Machinery mechanics and repairers,7232 - Industrial machinery mechanics and repairers,0.9,0.85,0.8,0.75,
25116,F - Construction,42 - Civil engineering,429 - Construction of other civil engineering projects,4290 - Construction of other civil engineering projects,0.95,0.9,0.8,0.78,1 - Managers,13 - Production and specialised services managers,"133 - Manufacturing, mining and construction managers",1331 - Construction managers,0.99,0.9,0.86,0.8,
24954,C - Manufacturing,22 - Manufacture of rubber and plastics products,222 - Manufacture of plastics products,2220 - Manufacture of plastics products,0.95,0.9,0.9,0.85,8 - Plant and machine operators and assemblers,81 - Stationary plant and machine operators,,,0.95,0.8,0.3,0.2,
25292,C - Manufacturing,"25 - Manufacture of fabricated metal products, except machinery and equipment","251 - Manufacture of structural metal products, tanks, reservoirs and steam generators",2511 - Manufacture of metal structures and parts of structures,0.95,0.9,0.85,0.8,3 - Technicians and associate professionals,33 - Business and administration associate professionals,332 - Administrative associate professionals,,0.85,0.7,0.6,0.35,
25375,G - Wholesale and retail trade; repair of motor vehicles and motorcycles,"46 - Wholesale trade, except of motor vehicles and motorcycles","466 - Wholesale of machinery, equipment and supplies",4669 - Wholesale of other machinery and equipment (not elsewhere classified),0.9,0.9,0.9,0.8,2 - Professionals,22 - Health professionals,226 - Other health professionals,2263 - Environmental and occupational health and hygiene professionals,0.75,0.65,0.6,0.6,
24986,H - Transportation and storage,51 - Air transport,511 - Passenger air transport,5110 - Passenger air transport,0.95,0.95,0.9,0.85,7 - Craft and related trades workers,71 - Building and related trades workers (excluding electricians),713 - Carpenters and joiners,7131 - Carpenters and joiners,0.98,0.95,0.92,0.85,
24958,B - Mining and quarrying,07 - Mining of metal ores,072 - Mining of non-ferrous metal ores,,0.99,0.98,0.95,0.3,8 - Plant and machine operators and assemblers,83 - Drivers and mobile plant operators,833 - Mining and construction labourers,,0.9,0.75,0.7,0.3,
24795,N - Administrative and support service activities,"82 - Office administrative, office support and other business support activities",82.9 - Other business support service activities,82.99 - Other business support service activities n.e.c.,0.9,0.85,0.75,0.7,4 - Clerical support workers,41 - General and keyboard clerks,411 - General office clerks,4110 - General office clerks,0.85,0.7,0.6,0.55,
25392,K - Financial and insurance activities,"64 - Financial service activities, except insurance and pension funding",641 - Monetary intermediation,6419 - Other monetary intermediation (commercial banks and similar),0.95,0.95,0.9,0.85,1 - Managers,12 - Administrative and commercial managers,121 - Business services and administration managers,1212 - Human resources managers,0.99,0.9,0.88,0.9,
25268,B - Mining and quarrying,07 - Mining of metal ores,072 - Mining of non‑ferrous metal ores,0729 - Mining of other non‑ferrous metal ores,0.98,0.97,0.93,0.9,1 - Managers,13 - Production and specialised services managers,"132 - Manufacturing, mining and construction managers",1323 - Mining production managers,0.9,0.85,0.8,0.75,
25325,H - Transportation and storage,52 - Warehousing and support activities for transportation,52.2 - Support activities for transportation,52.21 - Service activities incidental to water transportation,0.95,0.9,0.88,0.8,4 - Clerical support workers,43 - Numerical and material recording clerks,431 - Accounting and bookkeeping clerks,4311 - Book-keepers and payroll clerks,0.99,0.95,0.92,0.88,
25171,B - Mining and quarrying,07 - Mining of metal ores,072 - Mining of non-ferrous metal ores,0721 - Mining of gold,0.99,0.98,0.9,0.85,2 - Professionals,21 - Science and engineering professionals,,,0.9,0.85,0.2,0.1,
25093,S - Other service activities,94 - Activities of membership organisations,949 - Activities of other membership organisations,9499 - Activities of other membership organisations n.e.c.,0.9,0.9,0.85,0.8,1 - Managers,12 - Administrative and commercial managers,121 - Business services and administration managers,,0.95,0.7,0.6,0.2,
24933,P - Education,85 - Education,,,0.98,0.98,0.2,0.1,1 - Managers,,,,0.95,0.25,0.15,0.05,
25295,S - Other service activities,94 - Activities of membership organisations,94.9 - Activities of other membership organisations,94.99 - Activities of other membership organisations n.e.c.,0.85,0.8,0.75,0.65,3 - Technicians and associate professionals,34 - Business and administration associate professionals,,,0.75,0.65,0.3,0.2,
25223,F - Construction,43 - Specialized construction activities,"432 - Electrical, plumbing and other construction installation activities","4322 - Plumbing, heat and air-conditioning installation",0.95,0.9,0.9,0.95,3 - Technicians and associate professionals,31 - Physical and engineering science technicians,311 - Physical and engineering science technicians,3119 - Physical and engineering science technicians not elsewhere classified,0.85,0.75,0.7,0.5,
24945,K - Financial and insurance activities,"64 - Financial service activities, except insurance and pension funding",641 - Monetary intermediation,6419 - Other monetary intermediation,0.98,0.98,0.95,0.9,2 - Professionals,24 - Business and administration professionals,241 - Finance professionals,2413 - Financial and investment advisers (financial analysts / risk specialists),0.95,0.9,0.85,0.7,
25055,O - Public administration and defence; compulsory social security,84 - Public administration and defence; compulsory social security,841 - Administration of the State and the economic and social policy of the community,,0.95,0.95,0.85,0.3,1 - Managers,11 - Legislators and senior officials (chief executives and senior officials),112 - Senior government officials,,0.95,0.75,0.6,0.2,
25201,L - Real estate activities,68 - Real estate activities,682 - Real estate activities on a fee or contract basis,6820 - Real estate activities on a fee or contract basis,0.95,0.95,0.85,0.75,5 - Service and sales workers,52 - Sales workers,,,0.95,0.9,0.2,0.15,
24736,G - Wholesale and retail trade; repair of motor vehicles and motorcycles,"47 - Retail trade, except of motor vehicles and motorcycles",477 - Retail sale of other goods in specialised stores,4773 - Retail sale of pharmaceutical and medical goods in specialised stores (dispensing chemists / pharmacies),0.75,0.72,0.65,0.6,2 - Professionals,22 - Health professionals,226 - Pharmacists (minor group),2263 - Pharmacists (unit group),0.95,0.95,0.92,0.92,
25038,"M - Professional, scientific and technical activities",73 - Advertising and market research,732 - Market research and public opinion polling,7320 - Market research and public opinion polling,0.95,0.95,0.9,0.9,2 - Professionals,24 - Business and administration professionals,"243 - Advertising, marketing and public relations professionals",2434 - Market researchers and marketing specialists,0.75,0.7,0.65,0.7,
25371,K - Financial and insurance activities,"64 - Financial service activities, except insurance and pension funding",641 - Monetary intermediation,6419 - Other monetary intermediation,0.99,0.98,0.95,0.85,1 - Managers,12 - Administrative and commercial managers,121 - Business services and administration managers,1219 - Business services and administration managers not elsewhere classified,0.99,0.94,0.88,0.7,
25396,B - Mining and quarrying,07 - Mining of metal ores,,,0.99,0.95,0.3,0.2,8 - Plant and machine operators and assemblers,83 - Drivers and mobile-plant operators,,,0.99,0.95,0.3,0.2,
24794,L - Real estate activities,68 - Real estate activities,68.2 - Renting and operating of own or leased real estate,68.20 - Renting and operating of own or leased real estate,0.6,0.6,0.5,0.4,2 - Professionals,24 - Business and administration professionals,242 - Administration professionals,2421 - Human resource professionals,0.95,0.9,0.85,0.85,
25057,O - Public administration and defence; compulsory social security,84 - Public administration and defence; compulsory social security,841 - Administration of the state and the economic and social policy of the community,,0.98,0.97,0.85,0.3,1 - Managers,12 - Administrative and commercial managers,121 - Business services and administration managers,1212 - Human resource managers,0.98,0.9,0.85,0.75,
25076,C - Manufacturing,10 - Manufacture of food products,"106 - Manufacture of grain mill products, starches and starch products",1061 - Manufacture of grain mill products,0.9,0.9,0.85,0.75,3 - Technicians and associate professionals,35 - Information and communications technicians,351 - Information and communications technicians,3511 - Information and communications technology (ICT) user support technicians,0.98,0.98,0.95,0.88,
24877,F - Construction,42 - Civil engineering,421 - Construction of roads and railways,4210 - Construction of roads and railways,0.98,0.95,0.85,0.8,8 - Plant and machine operators and assemblers,83 - Drivers and mobile-plant operators,833 - Heavy truck and bus drivers (covers tipper/truck drivers),,0.95,0.95,0.75,0.3,
25125,H - Transportation and storage,52 - Warehousing and support activities for transportation,522 - Support activities for transportation,5220 - Support activities for transportation,0.95,0.9,0.85,0.8,1 - Managers,12 - Administrative and commercial managers,121 - Business services and administration managers,1212 - Human resource managers,0.98,0.9,0.88,0.9,
25011,G - Wholesale and retail trade; repair of motor vehicles and motorcycles,45 - Wholesale and retail trade and repair of motor vehicles and motorcycles,452 - Maintenance and repair of motor vehicles,4520 - Maintenance and repair of motor vehicles,0.99,0.98,0.96,0.93,4 - Clerical support workers,42 - Customer services clerks,422 - Client / customer information workers,4221 - Client information workers (customer service clerks),0.9,0.88,0.82,0.72,
24899,G - Wholesale and retail trade; repair of motor vehicles and motorcycles,"46 - Wholesale trade, except of motor vehicles and motorcycles",464 - Wholesale of household goods,,0.9,0.8,0.55,0.2,5 - Service and sales workers,52 - Sales workers,524 - Other sales workers,,0.95,0.9,0.8,0.25,
24961,"R - Arts, entertainment and recreation",93 - Sports activities and amusement and recreation activities,931 - Sports activities,9313 - Fitness facilities,0.95,0.95,0.95,0.85,5 - Service and sales workers,,,,0.85,0.4,0.25,0.15,
25365,F - Construction,43 - Specialised construction activities,"43.2 - Electrical, plumbing and other construction installation","43.22 - Plumbing, heat and air-conditioning installation",0.9,0.85,0.9,0.7,5 - Service and sales workers,52 - Sales workers,,,0.95,0.95,0.3,0.2,
25030,C - Manufacturing,22 - Manufacture of rubber and plastics products,221 - Manufacture of rubber products,2219 - Manufacture of other rubber products n.e.c.,0.85,0.8,0.78,0.7,7 - Craft and related trades workers,"72 - Metal, machinery and related trades workers",723 - Machinery mechanics and repairers (incl. vehicle/heavy equipment mechanics),"7232 - Vehicle, mobile plant and machinery mechanics and repairers",0.95,0.9,0.85,0.7,
25063,C - Manufacturing,10 - Manufacture of food products,106 - Manufacture of grain mill products,1061 - Manufacture of grain mill products,0.95,0.92,0.88,0.85,5 - Service and sales workers,52 - Sales workers,"522 - Shop salespersons, demonstrators and other sales workers",5223 - Sales representatives (field/territory sales) (approx.),0.95,0.9,0.8,0.6,
25296,"A - Agriculture, forestry and fishing","01 - Crop and animal production, hunting and related service activities",015 - Mixed farming,0150 - Mixed farming,0.8,0.8,0.7,0.6,1 - Managers,"11 - Chief executives, senior officials and legislators",112 - Managing directors and chief executives,1120 - Managing directors and chief executives,0.95,0.8,0.75,0.7,
25312,F - Construction,43 - Specialized construction activities,439 - Other specialised construction activities,4390 - Other specialised construction activities,0.75,0.6,0.55,0.45,8 - Plant and machine operators and assemblers,83 - Drivers and mobile-plant operators,"833 - Car, taxi and van drivers","8330 - Car, taxi and van drivers",0.98,0.97,0.95,0.85,
24703,I - Accommodation and food service activities,56 - Food and beverage service activities,561 - Restaurants and mobile food service activities,5610 - Restaurants and mobile food service activities,0.99,0.98,0.97,0.96,5 - Service and sales workers,51 - Personal service workers,513 - Waiters and bartenders,5131 - Waiter/waitress,0.99,0.95,0.93,0.9,
24660,H - Transportation and storage,51 - Air transport,511 - Passenger air transport,5110 - Passenger air transport,0.95,0.95,0.93,0.92,3 - Technicians and associate professionals,31 - Science and engineering associate professionals,315 - Air traffic controllers and aircraft flight operations associate professionals,,0.9,0.8,0.85,0.4,
25155,P - Education,85 - Education,855 - Tertiary education,8550 - Tertiary education,0.95,0.95,0.9,0.6,2 - Professionals,"26 - Legal, social and cultural professionals","262 - Archivists, librarians and curators",2621 - Librarians,0.9,0.85,0.8,0.6,
25109,F - Construction,42 - Civil engineering,422 - Construction of utility projects,4220 - Construction of utility projects,0.95,0.9,0.85,0.8,3 - Technicians and associate professionals,31 - Physical and engineering science technicians,311 - Physical and engineering science technicians (incl. civil engineering technicians),3112 - Civil engineering technicians,0.85,0.8,0.7,0.6,
25166,B - Mining and quarrying,07 - Mining of metal ores,072 - Mining of non-ferrous metal ores,0721 - Mining of gold (mining of precious metal ores) [class assignment indicative],0.99,0.95,0.9,0.6,3 - Technicians and associate professionals,31 - Science and engineering associate professionals,"315 - Safety, health and environment technicians / inspectors (minor group)",3152 - Occupational health and safety technicians / safety officers (unit group) [indicative],0.8,0.7,0.65,0.65,
25246,B - Mining and quarrying,07 - Mining of metal ores,072 - Mining of non‑ferrous metal ores,0729 - Mining of other non‑ferrous metal ores,0.95,0.92,0.9,0.85,1 - Managers,13 - Production and specialised services managers,"132 - Manufacturing, mining and construction managers","1322 - Supply, distribution and related managers",0.9,0.7,0.6,0.45,
25041,O - Public administration and defence; compulsory social security,84 - Public administration and defence; compulsory social security,841 - Administration of the State (central government activities),8411 - Administration of the State / Central government administration (including public anti-corruption bodies),0.95,0.95,0.8,0.6,1 - Managers,,,,0.95,0.3,0.2,0.1,
25083,C - Manufacturing,"25 - Manufacture of fabricated metal products, except machinery and equipment",259 - Manufacture of other fabricated metal products; metalworking service activities,2599 - Manufacture of other fabricated metal products n.e.c.,0.8,0.75,0.7,0.6,1 - Managers,13 - Production and specialised services managers,131 - Production managers,1311 - Manufacturing managers,0.95,0.9,0.85,0.7,
24496,B - Mining and quarrying,07 - Mining of metal ores,072 - Mining of non-ferrous metal ores,0729 - Mining of other non-ferrous metal ores,0.95,0.95,0.9,0.9,1 - Managers,13 - Production and specialised services managers,134 - Other specialist managers,1345 - Social and community service managers,0.95,0.85,0.75,0.7,
25229,G - Wholesale and retail trade; repair of motor vehicles and motorcycles,"47 - Retail trade, except of motor vehicles and motorcycles",474 - Retail sale of information and communication equipment in specialised stores,4741 - Retail sale of information and communication equipment in specialised stores,0.95,0.95,0.8,0.6,4 - Clerical support workers,42 - Customer services clerks,422 - Client information workers,4222 - Client information clerks,0.85,0.75,0.7,0.55,
25096,Q - Human health and social work activities,88 - Social work activities without accommodation,889 - Other social work activities without accommodation,8899 - Other social work activities without accommodation n.e.c.,0.85,0.9,0.8,0.7,4 - Clerical support workers,43 - Numerical and material recording clerks,431 - Numerical and material recording clerks (data recording/entry),4311 - Data entry clerks,0.85,0.85,0.8,0.7,
25212,G - Wholesale and retail trade; repair of motor vehicles and motorcycles,"47 - Retail trade, except of motor vehicles and motorcycles",474 - Retail sale of information and communication equipment in specialised stores,"4741 - Retail sale of computers, peripheral units and software in specialised stores",0.95,0.7,0.6,0.4,5 - Service and sales workers,52 - Sales workers,522 - Shop salespersons and demonstrators (sales workers),"5223 - Sales representatives, wholesale and retail trade (unit group - best fit)",0.98,0.9,0.5,0.35,
25240,B - Mining and quarrying,07 - Mining of metal ores,,,0.95,0.95,0.25,0.2,3 - Technicians and associate professionals,35 - Information and communications technicians,351 - Information and communications technicians,,0.9,0.88,0.85,0.3,
24186,H - Transportation and storage,49 - Land transport and transport via pipelines,492 - Freight transport by road,4920 - Freight transport by road,0.98,0.97,0.96,0.92,8 - Plant and machine operators and assemblers,83 - Drivers and mobile-plant operators,833 - Heavy truck and bus drivers (drivers of heavy goods vehicles),8331 - Heavy truck and lorry drivers,0.95,0.95,0.9,0.75,
25021,H - Transportation and storage,52 - Warehousing and support activities for transportation,522 - Support activities for transportation,5220 - Support activities for transportation,0.98,0.95,0.9,0.88,1 - Managers,12 - Administrative and commercial managers,121 - Business services and administration managers,1219 - Business services and administration managers not elsewhere classified,0.95,0.85,0.7,0.5,
25321,B - Mining and quarrying,07 - Mining of metal ores,072 - Mining of non‑ferrous metal ores,0729 - Mining of other non‑ferrous metal ores,0.95,0.95,0.9,0.85,2 - Professionals,22 - Health professionals,226 - Other health professionals,2263 - Environmental and occupational health professionals,0.85,0.75,0.7,0.6,
25163,B - Mining and quarrying,07 - Mining of metal ores,071 - Mining of metal ores,0710 - Mining of metal ores (gold mining activity at site level),0.99,0.97,0.95,0.7,1 - Managers,12 - Administrative and commercial managers,"122 - Sales, marketing and development managers (includes business development managers)",1223 - Sales and marketing manager / Business development manager (closest unit group for principal business development role),0.99,0.85,0.65,0.55,
25167,B - Mining and quarrying,07 - Mining of metal ores,072 - Mining of non-ferrous metal ores,,0.99,0.98,0.9,0.3,3 - Technicians and associate professionals,,,,0.85,0.35,0.3,0.2,
25298,I - Accommodation and food service activities,55 - Accommodation,55.1 - Hotels and similar accommodation,55.10 - Hotels and similar accommodation,0.97,0.95,0.92,0.9,1 - Managers,"14 - Hospitality, retail and other services managers",143 - Accommodation and food service managers,1431 - Accommodation managers,0.97,0.92,0.9,0.85,
25004,H - Transportation and storage,52 - Warehousing and support activities for transportation,522 - Support activities for transportation,5224 - Cargo handling,0.95,0.9,0.85,0.8,8 - Plant and machine operators and assemblers,83 - Drivers and mobile-plant operators,833 - Drivers and mobile-plant operators (including forklift/reach-stacker operators),8332 - Fork-lift and reach-stacker operators,0.98,0.95,0.9,0.85,
25264,F - Construction,43 - Specialized construction activities,439 - Other specialized construction activities,4390 - Other specialized construction activities,0.9,0.85,0.75,0.65,4 - Clerical support workers,43 - Numerical and material recording clerks,431 - Numerical and material recording clerks,,0.9,0.85,0.75,0.4,
25114,G - Wholesale and retail trade; repair of motor vehicles and motorcycles,"46 - Wholesale trade, except of motor vehicles and motorcycles",467 - Wholesale of other products,"4671 - Wholesale of solid, liquid and gaseous fuels and related products",0.95,0.95,0.85,0.95,1 - Managers,"14 - Hospitality, retail and other services managers",142 - Retail and wholesale trade managers,1422 - Wholesale and retail trade managers,1.0,0.9,0.9,0.75,
25059,O - Public administration and defence; compulsory social security,84 - Public administration and defence; compulsory social security,841 - Administration of the State and the economic and social policy of the community,,0.95,0.95,0.9,0.3,1 - Managers,,,,0.95,0.25,0.15,0.1,
25045,S - Other service activities,94 - Activities of membership organisations,94.9 - Activities of other membership organisations,94.99 - Activities of other membership organisations n.e.c.,0.9,0.9,0.85,0.8,2 - Professionals,24 - Business and administration professionals,242 - Administration professionals,2423 - Personnel and careers professionals,0.9,0.88,0.8,0.75,
25068,F - Construction,41 - Construction of buildings,412 - Construction of residential and non-residential buildings,4120 - Construction of residential and non-residential buildings,0.95,0.9,0.8,0.7,2 - Professionals,21 - Science and engineering professionals,"216 - Architects, planners, surveyors and designers",,0.85,0.75,0.6,0.3,
24793,F - Construction,41 - Construction of buildings,412 - Construction of residential and non-residential buildings,4120 - Construction of residential and non-residential buildings,0.95,0.9,0.85,0.8,4 - Clerical support workers,41 - General and keyboard clerks,411 - General office clerks,4110 - General office clerks,0.95,0.7,0.6,0.4,
25363,Q - Human health and social work activities,86 - Human health activities,861 - Hospital activities,8610 - Hospital activities,0.99,0.99,0.97,0.95,2 - Professionals,22 - Health professionals,222 - Nursing and midwifery professionals,2221 - Nursing professionals,0.9,0.9,0.92,0.75,
24016,H - Transportation and storage,51 - Air transport,511 - Passenger air transport,5110 - Passenger air transport,0.95,0.95,0.9,0.88,9 - Elementary occupations,"93 - Labourers in mining, construction, manufacturing and transport",933 - Freight handlers and other elementary transport workers,9333 - Baggage handlers / Ramp agents (freight/airport handling),0.9,0.85,0.8,0.65,
25330,"M - Professional, scientific and technical activities",70 - Activities of head offices; management consultancy activities,702 - Management consultancy activities,7020 - Management consultancy activities,0.95,0.9,0.85,0.8,1 - Managers,12 - Administrative and commercial managers,121 - Business services and administration managers,1212 - Human resource managers,0.95,0.9,0.85,0.8,
25395,P - Education,85 - Education,853 - Higher education,8530 - Higher education,0.98,0.98,0.99,0.99,1 - Managers,12 - Administrative and commercial managers,121 - Business services and administration managers,1212 - Human resource managers,0.99,0.9,0.9,0.85,
25067,H - Transportation and storage,51 - Air transport,511 - Passenger air transport,5110 - Passenger air transport,0.95,0.9,0.8,0.75,4 - Clerical support workers,43 - Numerical and material recording clerks,432 - Material-recording and transport clerks,4321 - Stock clerks and storekeepers,0.9,0.85,0.8,0.8,
24948,G - Wholesale and retail trade; repair of motor vehicles and motorcycles,"46 - Wholesale trade, except of motor vehicles and motorcycles",467 - Wholesale of other intermediate products (including fuels),"4671 - Wholesale of solid, liquid and gaseous fuels and related products",0.95,0.95,0.9,0.9,1 - Managers,"14 - Hospitality, retail and other services managers",142 - Retail and wholesale trade managers,1422 - Wholesale and retail trade managers (depot/warehouse/stock supervisors),0.9,0.8,0.75,0.65,
25069,H - Transportation and storage,52 - Warehousing and support activities for transportation,522 - Support activities for transportation,5221 - Service activities incidental to land transportation,0.95,0.9,0.85,0.8,4 - Clerical support workers,41 - General and keyboard clerks,411 - General office clerks,4110 - General office clerks,0.95,0.85,0.7,0.6,
25182,"M - Professional, scientific and technical activities",71 - Architectural and engineering activities; technical testing and analysis,711 - Architectural activities,7110 - Architectural activities,0.9,0.95,0.95,0.9,3 - Technicians and associate professionals,31 - Science and engineering associate professionals,312 - Architectural and civil engineering technicians,3121 - Architectural and civil engineering technicians,0.95,0.9,0.88,0.8,
25005,B - Mining and quarrying,07 - Mining of metal ores,072 - Mining of non-ferrous metal ores,0729 - Mining of other non-ferrous metal ores,0.95,0.95,0.9,0.7,1 - Managers,13 - Production and specialised services managers,"132 - Supply, distribution and related managers","1322 - Supply, distribution and related managers",0.9,0.8,0.8,0.85,
24867,B - Mining and quarrying,07 - Mining of metal ores,,,0.95,0.9,0.2,0.1,5 - Service and sales workers,51 - Personal service workers,516 - Animal attendants and animal trainers,,0.85,0.75,0.6,0.25,
25104,I - Accommodation and food service activities,55 - Accommodation,551 - Short term accommodation activities,5510 - Hotels and similar accommodation,1.0,0.97,0.92,0.92,5 - Service and sales workers,51 - Personal service workers,512 - Cooks and catering assistants (cooks),5120 - Cooks,1.0,0.95,0.9,0.85,
25134,"R - Arts, entertainment and recreation","91 - Libraries, archives, museums and other cultural activities","91.0 - Libraries, archives, museums and other cultural activities (group)",91.02 - Library and archive activities (class),0.98,0.97,0.9,0.9,2 - Professionals,"26 - Legal, social and cultural professionals","262 - Librarians, archivists and curators",2622 - Librarians and related information professionals,0.95,0.92,0.9,0.95,
25227,P - Education,85 - Education,853 - Higher education,8530 - Higher education,0.99,0.98,0.97,0.96,1 - Managers,13 - Specialist managers (production and specialised services managers),134 - Education managers,1345 - School principals and administrators,0.99,0.95,0.9,0.85,
25196,L - Real estate activities,68 - Real estate activities,683 - Real estate activities on a fee or contract basis,6830 - Real estate agencies and brokerage,0.95,0.95,0.9,0.9,5 - Service and sales workers,52 - Sales workers,522 - Shop salespersons and demonstrators,,0.95,0.9,0.6,0.3,
25317,C - Manufacturing,23 - Manufacture of other non-metallic mineral products,239 - Manufacture of other non-metallic mineral products n.e.c.,"2392 - Manufacture of articles of concrete, cement and plaster",0.95,0.9,0.85,0.6,1 - Managers,12 - Administrative and commercial managers,121 - Business services and administration managers,1212 - Human resource managers,0.99,0.9,0.88,0.85,
24951,Q - Human health and social work activities,88 - Social work activities without accommodation,88.9 - Other social work activities without accommodation,88.99 - Other social work activities without accommodation n.e.c.,0.9,0.88,0.82,0.78,1 - Managers,12 - Administrative and commercial managers,121 - Business services and administration managers,1219 - Business services and administration managers not elsewhere classified,0.95,0.75,0.65,0.6,
24187,H - Transportation and storage,52 - Warehousing and support activities for transportation,522 - Support activities for transportation,5229 - Other transportation support activities,0.95,0.9,0.8,0.6,7 - Craft and related trades workers,"72 - Metal, machinery and related trades workers",723 - Motor mechanics and repairers,7231 - Motor vehicle mechanics and repairers,0.95,0.9,0.92,0.92,
24188,H - Transportation and storage,49 - Land transport and transport via pipelines,,,0.95,0.92,0.2,0.15,8 - Plant and machine operators and assemblers,83 - Drivers and mobile-plant operators,833 - Drivers and mobile-plant operators (unit-level grouping),8332 - Heavy truck and bus drivers (closest match),0.9,0.88,0.85,0.7,
25372,H - Transportation and storage,52 - Warehousing and support activities for transportation,522 - Support activities for transportation,5224 - Customs clearance services,0.95,0.92,0.9,0.85,1 - Managers,,,,0.98,0.3,0.2,0.1,
25334,B - Mining and quarrying,07 - Mining of metal ores,,,0.98,0.95,0.3,0.2,3 - Technicians and associate professionals,31 - Physical and engineering science technicians,,,0.85,0.75,0.3,0.2,
24537,F - Construction,43 - Specialized construction activities,433 - Building completion and finishing,"4330 - Building completion and finishing (e.g. joinery installation, plastering, painting, floor and wall covering)",0.98,0.95,0.93,0.9,7 - Craft and related trades workers,71 - Building and related trades workers,711 - Building frame and related trades workers,7112 - Carpenters and joiners,0.95,0.9,0.85,0.7,
20799,H - Transportation and storage,51 - Air transport,511 - Passenger air transport,5110 - Passenger air transport,0.95,0.95,0.9,0.85,3 - Technicians and associate professionals,31 - Science and engineering associate professionals,311 - Physical and engineering science technicians,3115 - Mechanical engineering technicians,0.9,0.85,0.8,0.7,
25101,I - Accommodation and food service activities,55 - Accommodation,55.1 - Hotels and similar accommodation,55.10 - Hotels and similar accommodation,0.98,0.95,0.9,0.9,7 - Craft and related trades workers,"75 - Food processing, wood and related trades workers","751 - Food processing, wood and related trades workers",7511 - Bakers and pastry-cooks,0.95,0.9,0.9,0.93,
24981,B - Mining and quarrying,07 - Mining of metal ores,072 - Mining of non‑ferrous metal ores,0729 - Mining of other non‑ferrous metal ores (includes gold mining),0.99,0.98,0.9,0.7,2 - Professionals,23 - Teaching professionals,235 - Vocational education teachers (including technical and workplace trainers),2353 - Vocational education teachers,0.85,0.8,0.7,0.6,
24478,B - Mining and quarrying,07 - Mining of metal ores,072 - Mining of non‑ferrous metal ores,0720 - Mining of non‑ferrous metal ores,0.98,0.98,0.9,0.75,1 - Managers,13 - Production and specialised services managers,,,0.9,0.75,0.3,0.2,
24702,I - Accommodation and food service activities,56 - Food and beverage service activities,561 - Restaurants and mobile food service activities,5610 - Restaurants and mobile food service activities,0.98,0.95,0.95,0.95,5 - Service and sales workers,52 - Sales workers,522 - Shop sales assistants and demonstrators,5221 - Shop sales assistants,0.98,0.95,0.9,0.75,
25230,C - Manufacturing,,,,0.65,0.25,0.1,0.05,2 - Professionals,24 - Business and administration professionals,"243 - Sales, marketing and public relations professionals",2433 - Market and survey researchers / Market research analysts and marketing specialists,0.95,0.9,0.85,0.75,
25018,P - Education,85 - Education,854 - Other education,8540 - Other education n.e.c.,0.92,0.92,0.88,0.82,2 - Professionals,,,,0.7,0.3,0.2,0.1,
25127,B - Mining and quarrying,07 - Mining of metal ores,072 - Mining of non-ferrous metal ores (incl. gold),,0.95,0.95,0.85,0.3,2 - Professionals,24 - Business and administration professionals (communications / public relations fit),,,0.9,0.7,0.3,0.1,
25232,G - Wholesale and retail trade; repair of motor vehicles and motorcycles,"46 - Wholesale trade, except of motor vehicles and motorcycles","463 - Wholesale of food, beverages and tobacco","4630 - Wholesale of food, beverages and tobacco",0.95,0.88,0.8,0.75,1 - Managers,12 - Administrative and commercial managers,122 - Sales and marketing managers,1221 - Sales and marketing managers,0.97,0.92,0.9,0.86,
25304,F - Construction,43 - Specialised construction activities,439 - Other specialised construction activities,4390 - Other specialised construction activities n.e.c.,1.0,0.95,0.9,0.85,7 - Craft and related trades workers,71 - Building and related trades workers,711 - Building frame and related trades workers,7112 - Carpenters and joiners,1.0,0.9,0.8,0.75,
25360,K - Financial and insurance activities,"64 - Financial service activities, except insurance and pension funding",64.1 - Monetary intermediation,64.19 - Other monetary intermediation,0.95,0.9,0.8,0.7,3 - Technicians and associate professionals,31 - Science and engineering associate professionals,315 - Safety and quality inspectors,3151 - Safety and occupational health inspectors (Occupational Health & Safety Officer),0.9,0.75,0.7,0.6,
24255,H - Transportation and storage,51 - Air transport,511 - Passenger air transport,51.10 - Passenger air transport,0.98,0.98,0.95,0.9,8 - Plant and machine operators and assemblers,83 - Drivers and mobile-plant operators,"832 - Car, taxi and van drivers (drivers of light vehicles used to transport persons and light goods)","8321 - Car, taxi and van drivers",0.95,0.92,0.8,0.65,
25339,I - Accommodation and food service activities,55 - Accommodation,551 - Short term accommodation activities,5510 - Hotels and similar accommodation,0.98,0.96,0.93,0.9,1 - Managers,"14 - Hospitality, retail and other services managers",141 - Hotel and restaurant managers,1411 - Hotel managers,0.98,0.9,0.75,0.55,
25135,"R - Arts, entertainment and recreation","91 - Libraries, archives, museums and other cultural activities","910 - Libraries, archives, museums and other cultural activities",9102 - Libraries and archives activities,0.9,0.95,0.95,0.9,2 - Professionals,"26 - Legal, social and cultural professionals","262 - Librarians, archivists and curators",2621 - Librarians and related information professionals,0.95,0.9,0.9,0.8,
25132,"R - Arts, entertainment and recreation","91 - Libraries, archives, museums and other cultural activities",910 - Library and archives activities,9101 - Library and archives activities,0.95,0.95,0.9,0.85,2 - Professionals,"26 - Legal, social and cultural professionals","262 - Librarians, archivists and curators",2621 - Librarians and related information professionals,1.0,0.95,0.95,0.85,
25103,I - Accommodation and food service activities,55 - Accommodation,551 - Hotels and similar accommodation,5510 - Hotels and similar accommodation,0.95,0.9,0.9,0.9,9 - Elementary occupations,91 - (Elementary occupations in sales and services / hotel & restaurant support services),"911 - Cleaners and helpers in offices, hotels and other establishments (including hotel/restaurant support helpers)",9112 - Kitchen and catering assistants (food preparation assistants / kitchen hands),0.9,0.7,0.6,0.55,
25088,"M - Professional, scientific and technical activities",72 - Scientific research and development,721 - Research and experimental development on natural sciences and engineering,7210 - Research and experimental development on natural sciences and engineering,0.85,0.9,0.85,0.8,3 - Technicians and associate professionals,32 - Health associate professionals,,,0.9,0.9,0.4,0.2,
25265,"M - Professional, scientific and technical activities",72 - Scientific research and development,72.1 - Research and experimental development on natural sciences and engineering,72.10 - Research and experimental development on natural sciences and engineering,0.85,0.9,0.8,0.7,1 - Managers,12 - Administrative and commercial managers,121 - Business services and administration managers,1211 - Business services and administration managers,0.95,0.9,0.85,0.75,
24925,I - Accommodation and food service activities,56 - Food and beverage service activities,562 - Event catering and other food service activities,56.29 - Other food service activities,0.95,0.9,0.6,0.5,1 - Managers,12 - Administrative and commercial managers,"123 - Supply, distribution and related managers",,0.95,0.85,0.7,0.3,
25293,C - Manufacturing,10 - Manufacture of food products,"106 - Manufacture of grain mill products, starches and starch products",1061 - Manufacture of grain mill products,0.9,0.9,0.85,0.7,1 - Managers,12 - Administrative and commercial managers,"122 - Sales, marketing and public relations managers",1221 - Sales and marketing managers,0.95,0.9,0.9,0.88,
24971,S - Other service activities,95 - Repair of computers and personal and household goods,,,0.7,0.65,0.3,0.2,4 - Clerical support workers,41 - General and keyboard clerks,411 - General office clerks,4110 - General office clerks,0.95,0.9,0.85,0.8,
25341,G - Wholesale and retail trade; repair of motor vehicles and motorcycles,45 - Wholesale and retail trade and repair of motor vehicles and motorcycles,453 - Sale of motor vehicle parts and accessories,4530 - Sale of motor vehicle parts and accessories,0.95,0.9,0.85,0.7,1 - Managers,"11 - Chief executives, senior officials and legislators","111 - Chief executives, senior officials and legislators",1110 - Chief executives / Managing directors (senior enterprise managers),0.95,0.9,0.8,0.7,
24801,H - Transportation and storage,52 - Warehousing and support activities for transportation,522 - Support activities for transportation,5229 - Other transportation support activities,0.98,0.9,0.85,0.75,1 - Managers,13 - Production and specialised services managers,,,0.98,0.75,0.3,0.2,
24953,N - Administrative and support service activities,78 - Employment activities,781 - Activities of employment placement agencies,7810 - Activities of employment placement agencies,0.95,0.95,0.9,0.9,1 - Managers,12 - Administrative and commercial managers,121 - Business services and administration managers,,0.98,0.9,0.85,0.25,
25207,F - Construction,43 - Specialized construction activities,439 - Other specialised construction activities,4390 - Other specialised construction activities n.e.c.,0.9,0.85,0.75,0.6,4 - Clerical support workers,43 - Numerical and material recording clerks,431 - Numerical clerks (incl. accounting/recording clerks),4312 - Payroll clerks / Book-keepers and wage clerks (mapped),0.95,0.9,0.85,0.6,
24881,B - Mining and quarrying,07 - Mining of metal ores,072 - Mining of non‑ferrous metal ores,,0.98,0.95,0.9,0.2,3 - Technicians and associate professionals,31 - Science and engineering technicians,"312 - Mining, manufacturing and construction supervisors",3123 - Construction supervisors,0.95,0.9,0.9,0.9,
25169,S - Other service activities,94 - Activities of membership organisations,949 - Activities of other membership organisations,9499 - Activities of other membership organisations n.e.c.,0.95,0.92,0.9,0.85,2 - Professionals,24 - Business and administration professionals,242 - Administration professionals,,0.95,0.85,0.7,0.2,
25051,N - Administrative and support service activities,78 - Employment activities,781 - Activities of employment placement agencies,7810 - Activities of employment placement agencies,0.85,0.8,0.8,0.65,2 - Professionals,24 - Business and administration professionals,242 - Administration professionals,2423 - Human resource professionals,0.95,0.9,0.85,0.9,
25047,G - Wholesale and retail trade; repair of motor vehicles and motorcycles,45 - Wholesale and retail trade and repair of motor vehicles and motorcycles,453 - Sale of motor vehicle parts and accessories,4530 - Sale of motor vehicle parts and accessories,0.98,0.97,0.96,0.95,1 - Managers,"14 - Hospitality, retail and other service managers",142 - Retail and wholesale trade managers,1421 - Retail and wholesale trade managers (shop/department manager),0.96,0.9,0.89,0.8,
25252,B - Mining and quarrying,07 - Mining of metal ores,072 - Mining of non‑ferrous metal ores,0721 - Mining of gold and silver ores,0.95,0.9,0.6,0.4,8 - Plant and machine operators and assemblers,81 - Stationary plant and machine operators,811 - Stationary plant and machine operators,8112 - Mining plant operators (control room / plant operator),0.9,0.8,0.7,0.55,
25164,B - Mining and quarrying,07 - Mining of metal ores,072 - Mining of non‑ferrous metal ores,0729 - Mining of other non‑ferrous metal ores,0.99,0.95,0.85,0.65,8 - Plant and machine operators and assemblers,83 - Drivers and mobile plant operators,831 - Mining and mineral processing plant operators,8312 - Drillers and borers (diamond drill operator),0.95,0.8,0.7,0.6,
25118,B - Mining and quarrying,07 - Mining of metal ores,072 - Mining of non-ferrous metal ores,0729 - Mining of other non-ferrous metal ores,0.99,0.95,0.9,0.9,3 - Technicians and associate professionals,31 - Science and engineering associate professionals,311 - Physical and engineering science technicians,3113 - Mechanical engineering technicians,0.9,0.85,0.7,0.6,
25020,N - Administrative and support service activities,81 - Services to buildings and landscape activities,811 - Combined facilities support activities,8110 - Combined facilities support activities,0.92,0.9,0.88,0.85,1 - Managers,12 - Administrative and commercial managers,121 - Business services and administration managers,1213 - Facilities manager (or equivalent supervisory role),0.9,0.75,0.7,0.6,
25391,Q - Human health and social work activities,86 - Human health activities,869 - Other human health activities,8690 - Other human health activities,0.9,0.9,0.75,0.7,1 - Managers,12 - Administrative and commercial managers,,,0.9,0.8,0.2,0.1,
24979,F - Construction,41 - Construction of buildings,412 - Construction of residential and non-residential buildings,4120 - Construction of residential and non-residential buildings,0.95,0.8,0.7,0.6,7 - Craft and related trades workers,"72 - Metal, machinery and related trades workers",723 - Machinery mechanics and fitters,7232 - Heavy vehicle and mobile-plant mechanics (or equivalent unit group),0.95,0.85,0.85,0.8,
25389,C - Manufacturing,24 - Manufacture of basic metals,241 - Manufacture of basic iron and steel,2410 - Manufacture of basic iron and steel,0.95,0.9,0.9,0.85,4 - Clerical support workers,43 - Numerical and material recording clerks,431 - Numerical and material recording clerks,4311 - Accounting and bookkeeping clerks (includes payroll clerks),0.98,0.95,0.93,0.9,
24993,S - Other service activities,94 - Activities of membership organisations,949 - Activities of other membership organisations,9499 - Activities of other membership organisations n.e.c.,0.85,0.9,0.8,0.7,1 - Managers,13 - Production and specialised services managers,134 - Other specialised services managers,1345 - Welfare and social services managers,0.95,0.6,0.6,0.5,
25250,N - Administrative and support service activities,80 - Security and investigation activities,801 - Private security activities,8010 - Private security activities,0.95,0.95,0.9,0.85,5 - Service and sales workers,54 - Protective services workers,541 - Protective services workers,5414 - Security guards and related workers,0.95,0.92,0.9,0.87,
25361,F - Construction,42 - Civil engineering,429 - Construction of other civil engineering projects,4290 - Construction of other civil engineering projects n.e.c.,0.95,0.9,0.8,0.7,2 - Professionals,24 - Business and administration professionals,241 - Accountants,2411 - Accountants,0.98,0.97,0.95,0.9,
24938,P - Education,85 - Education,85.4 - Higher education,,0.95,0.95,0.9,0.2,3 - Technicians and associate professionals,31 - Science and engineering associate professionals,311 - Physical and engineering science technicians,,0.95,0.9,0.8,0.2,
23398,H - Transportation and storage,51 - Air transport,511 - Passenger air transport,5110 - Passenger air transport,0.98,0.98,0.95,0.9,3 - Technicians and associate professionals,35 - Information and communications technicians,351 - Information and communications technicians,3512 - ICT user support technicians,0.95,0.92,0.9,0.85,
25113,C - Manufacturing,10 - Manufacture of food products,"106 - Manufacture of grain mill products, starches and starch products",1061 - Manufacture of grain mill products,0.98,0.95,0.9,0.85,3 - Technicians and associate professionals,31 - Science and engineering technicians,311 - Physical and engineering science technicians,3119 - Physical and engineering science technicians not elsewhere classified,0.95,0.88,0.75,0.6,
25349,C - Manufacturing,10 - Manufacture of food products,,,0.95,0.95,0.3,0.2,3 - Technicians and associate professionals,33 - Business and administration associate professionals,,,0.9,0.85,0.3,0.2,
25388,I - Accommodation and food service activities,55 - Accommodation,55.1 - Hotels and similar accommodation,55.10 - Hotels and similar accommodation,0.9,0.9,0.85,0.85,5 - Service and sales workers,52 - Sales workers,522 - Shop salespersons and demonstrators,,0.95,0.9,0.85,0.2,
25100,S - Other service activities,94 - Activities of membership organisations,949 - Activities of other membership organisations,9491 - Activities of religious organisations,0.9,0.85,0.8,0.85,2 - Professionals,"26 - Legal, social and cultural professionals",263 - Social and religious professionals,2634 - Religious professionals,0.7,0.75,0.8,0.9,
24926,P - Education,85 - Education,854 - Higher education,8540 - Higher education,0.99,0.99,0.95,0.95,2 - Professionals,"26 - Legal, social and cultural professionals","262 - Archivists, librarians and curators",2622 - Librarians and related information professionals,0.99,0.9,0.88,0.85,
25286,G - Wholesale and retail trade; repair of motor vehicles and motorcycles,"46 - Wholesale trade, except of motor vehicles and motorcycles",467 - Wholesale of other goods,"4671 - Wholesale of solid, liquid and gaseous fuels and related products",0.9,0.8,0.75,0.7,3 - Technicians and associate professionals,33 - Business and administration associate professionals (incl. sales & marketing associate professionals),332 - Sales and marketing associate professionals,3322 - Commercial sales representatives (field sales / customer liaison support),0.75,0.7,0.65,0.6,
25052,O - Public administration and defence; compulsory social security,84 - Public administration and defence; compulsory social security,841 - Administration of the State and the economic and social policy of the community,,0.95,0.95,0.9,0.2,1 - Managers,"11 - Chief executives, senior officials and legislators",111 - Legislators and senior officials,,0.95,0.9,0.7,0.2,
25326,B - Mining and quarrying,09 - Support activities for mining and quarrying,099 - Support activities for other mining and quarrying,0990 - Support activities for other mining and quarrying,0.95,0.9,0.8,0.75,7 - Craft and related trades workers,"72 - Metal, machinery and related trades workers",723 - Machinery mechanics and repairers,7232 - Mobile heavy equipment mechanics and repairers,0.95,0.85,0.75,0.65,
25244,L - Real estate activities,68 - Real estate activities,68.3 - Real estate activities on a fee or contract basis,68.32 - Management of real estate on a fee or contract basis,0.75,0.8,0.7,0.65,8 - Plant and machine operators and assemblers,83 - Drivers and mobile plant operators,"833 - Car, van and motorcycle drivers (drivers)","8332 - Car, taxi and van drivers",0.95,0.95,0.9,0.85,
25120,B - Mining and quarrying,07 - Mining of metal ores,072 - Mining of non-ferrous metal ores,,0.99,0.95,0.9,0.3,2 - Professionals,21 - Science and engineering professionals,214 - Engineering professionals,,0.98,0.95,0.9,0.3,
25261,I - Accommodation and food service activities,55 - Accommodation,551 - Accommodation,5510 - Short term accommodation activities,0.95,0.95,0.95,0.9,2 - Professionals,24 - Business and administration professionals,241 - Accountants,2411 - Accountants,0.9,0.9,0.88,0.85,
25357,H - Transportation and storage,52 - Warehousing and support activities for transportation,522 - Support activities for transportation,5220 - Support activities for transportation,0.95,0.9,0.9,0.9,4 - Clerical support workers,42 - Customer services clerks,422 - Customer services clerks,4221 - Client information workers (customer service / sales support),0.9,0.85,0.8,0.7,
25213,S - Other service activities,95 - Repair of computers and personal and household goods,951 - Repair of computers and peripheral equipment,9511 - Repair of computers and peripheral equipment,0.9,0.9,0.8,0.7,3 - Technicians and associate professionals,35 - Information and communications technicians,351 - Information and communications technicians,3512 - ICT user support technicians,0.8,0.75,0.7,0.65,
25378,K - Financial and insurance activities,"64 - Financial service activities, except insurance and pension funding",641 - Monetary intermediation,6419 - Other monetary intermediation (commercial banking and similar activities),0.98,0.98,0.95,0.9,1 - Managers,12 - Administrative and commercial managers,"122 - Sales, marketing and public relations managers",1221 - Sales and marketing managers,0.99,0.95,0.95,0.9,
24944,K - Financial and insurance activities,"64 - Financial service activities, except insurance and pension funding",641 - Monetary intermediation,6419 - Other monetary intermediation,0.95,0.95,0.85,0.75,2 - Professionals,24 - Business and administration professionals,242 - Administration professionals,2423 - Policy administration professionals,0.9,0.85,0.8,0.65,
25383,K - Financial and insurance activities,"64 - Financial service activities, except insurance and pension funding",64.1 - Monetary intermediation,64.19 - Other monetary intermediation,0.95,0.9,0.85,0.75,4 - Clerical support workers,43 - Numerical and material recording clerks,,,0.95,0.85,0.3,0.2,
25277,H - Transportation and storage,52 - Warehousing and support activities for transportation,522 - Support activities for transportation,5220 - Support activities for transportation,0.95,0.9,0.85,0.8,3 - Technicians and associate professionals,31 - Science and engineering technicians (incl. maritime/nautical technicians),315 - Ship and aircraft controllers and technicians,3153 - Ship and aircraft controllers and technicians (including vessel/planning officers),0.8,0.6,0.6,0.55,
24898,N - Administrative and support service activities,78 - Employment activities,781 - Employment activities,7810 - Employment activities,0.9,0.9,0.85,0.85,1 - Managers,12 - Administrative and commercial managers,121 - Business services and administration managers,1212 - Human resource managers,0.95,0.85,0.8,0.8,
25352,K - Financial and insurance activities,"64 - Financial service activities, except insurance and pension funding",641 - Monetary intermediation,6419 - Other monetary intermediation,0.95,0.95,0.9,0.85,1 - Managers,12 - Administrative and commercial managers,121 - Finance managers,1211 - Finance managers,0.98,0.8,0.65,0.55,
25374,F - Construction,43 - Specialised construction activities,439 - Other specialised construction activities,4390 - Other specialised construction activities n.e.c.,0.95,0.8,0.75,0.65,8 - Plant and machine operators and assemblers,81 - Stationary plant and machine operators,811 - Stationary plant and machine operators,,0.95,0.9,0.85,0.2,
