job_id,isic_1digit,isic_2digit,isic_3digit,isic_4digit,isic_1digit_confidence,isic_2digit_confidence,isic_3digit_confidence,isic_4digit_confidence,isco_1digit,isco_2digit,isco_3digit,isco_4digit,isco_1digit_confidence,isco_2digit_confidence,isco_3digit_confidence,isco_4digit_confidence,classification_summary
25274,P - Education,85 - Education,853 - Higher education,8530 - Higher education,0.98,0.98,0.98,0.97,2 - Professionals,23 - Teaching professionals,231 - University and higher education teachers,2310 - University and higher education teachers,0.99,0.98,0.97,0.95,
25228,P - Education,85 - Education,853 - Higher education,8530 - Higher education,0.98,0.98,0.95,0.95,2 - Professionals,23 - Teaching professionals,231 - University and higher education teachers,2310 - University and higher education teachers,0.95,0.9,0.9,0.88,
25071,P - Education,85 - Education,852 - Secondary education,8520 - Secondary education,0.95,0.98,0.98,0.95,2 - Professionals,23 - Teaching professionals,232 - Secondary education teachers,2320 - Secondary education teachers,0.98,0.98,0.97,0.9,
25226,P - Education,85 - Education,853 - Higher education,8530 - Higher education,0.99,0.99,0.98,0.98,2 - Professionals,23 - Teaching professionals,231 - University and higher education teachers,2310 - University and higher education teachers,0.98,0.98,0.97,0.95,
25251,C - Manufacturing,10 - Manufacture of food products,,,0.9,0.85,0.3,0.2,4 - Clerical support workers,42 - Customer service clerks,,,0.95,0.9,0.3,0.2,
24990,P - Education,85 - Education,853 - Higher education,8530 - Higher education,0.95,0.95,0.9,0.85,2 - Professionals,23 - Teaching professionals,231 - University and higher education teachers,2310 - University and higher education teachers,0.95,0.95,0.9,0.9,
24186,H - Transportation and storage,49 - Land transport and transport via pipelines,492 - Freight transport by road,4920 - Freight transport by road,0.95,0.93,0.9,0.88,8 - Plant and machine operators and assemblers,83 - Drivers and mobile-plant operators,833 - Heavy truck and bus drivers,8332 - Heavy truck drivers,0.95,0.93,0.9,0.88,
25211,N - Administrative and support service activities,80 - Security and investigation activities,801 - Private security activities,8010 - Private security activities,0.98,0.99,0.99,0.99,5 - Service and sales workers,54 - Protective services workers,541 - Protective services workers,5414 - Security guards and related workers,0.95,0.95,0.92,0.9,
25316,I - Accommodation and food service activities,55 - Accommodation,551 - Hotels and similar accommodation,5510 - Hotels and similar accommodation,0.95,0.95,0.9,0.9,1 - Managers,12 - Administrative and commercial managers,"122 - Sales, marketing and development managers",1221 - Sales and marketing managers,0.98,0.9,0.88,0.86,
25237,F - Construction,43 - Specialized construction activities,"432 - Electrical, plumbing and other construction installation activities",4321 - Electrical installation,0.95,0.9,0.9,0.95,7 - Craft and related trades workers,74 - Electrical and electronic trades workers,741 - Electrical and electronic trades workers (group),7411 - Electricians,0.98,0.95,0.9,0.9,
21709,G - Wholesale and retail trade; repair of motor vehicles and motorcycles,45 - Wholesale and retail trade and repair of motor vehicles and motorcycles,452 - Maintenance and repair of motor vehicles,4520 - Maintenance and repair of motor vehicles,0.99,0.98,0.96,0.95,7 - Craft and related trades workers,"72 - Metal, machinery and related trades workers (incl. motor vehicle mechanics and repairers)",723 - Motor mechanics and repairers,7231 - Motor vehicle mechanics and repairers,0.98,0.95,0.95,0.8,
25261,I - Accommodation and food service activities,55 - Accommodation,551 - Short term accommodation activities,5510 - Short term accommodation activities (Hotels and similar accommodation),0.95,0.95,0.95,0.95,2 - Professionals,24 - Business and Administration Professionals,241 - Accountants,2411 - Accountants,0.8,0.85,0.85,0.85,
25120,B - Mining and quarrying,07 - Mining of metal ores,072 - Mining of non-ferrous metal ores,0720 - Mining of non-ferrous metal ores,0.99,0.98,0.95,0.9,2 - Professionals,21 - Science and engineering professionals,214 - Engineering professionals,"2146 - Mining, metallurgical and materials engineers",0.99,0.97,0.95,0.9,
24731,B - Mining and quarrying,07 - Mining of metal ores,072 - Mining of non-ferrous metal ores,0720 - Mining of non-ferrous metal ores,0.99,0.99,0.96,0.94,2 - Professionals,21 - Science and engineering professionals,214 - Engineering professionals,2145 - Mining engineers,0.98,0.95,0.92,0.75,
25176,H - Transportation and storage,50 - Water transport,503 - Sea and coastal freight water transport,5030 - Sea and coastal freight water transport,0.95,0.93,0.9,0.85,1 - Managers,"11 - Chief executives, senior officials and legislators",112 - Managing directors and chief executives,1120 - Managing directors and chief executives,0.95,0.82,0.8,0.75,
25099,B - Mining and quarrying,09 - Mining support service activities,099 - Support activities for other mining and quarrying,0990 - Support activities for other mining and quarrying,0.9,0.88,0.85,0.8,2 - Professionals,24 - Business and administration professionals,242 - Human resource professionals,2421 - Personnel and careers professionals,0.95,0.9,0.88,0.7,
25106,B - Mining and quarrying,07 - Mining of metal ores,072 - Mining of non-ferrous metal ores,0729 - Mining of other non-ferrous metal ores,0.99,0.98,0.9,0.8,2 - Professionals,21 - Science and engineering professionals,214 - Engineering professionals,2142 - Mechanical engineers,0.98,0.97,0.96,0.95,
25254,C - Manufacturing,10 - Manufacture of food products,106 - Manufacture of grain mill products,1061 - Manufacture of grain mill products,0.9,0.9,0.85,0.8,5 - Service and sales workers,52 - Sales workers,522 - Shop sales assistants and demonstrators,,0.95,0.9,0.7,0.2,
24187,G - Wholesale and retail trade; repair of motor vehicles and motorcycles,45 - Wholesale and retail trade and repair of motor vehicles and motorcycles,452 - Maintenance and repair of motor vehicles,4520 - Maintenance and repair of motor vehicles,0.95,0.95,0.92,0.9,7 - Craft and related trades workers,"72 - Metal, machinery and related trades workers",723 - Motor vehicle mechanics and repairers,7231 - Motor vehicle mechanics and repairers,0.9,0.85,0.8,0.7,
24976,J - Information and communication,"62 - Computer programming, consultancy and related activities","620 - Computer programming, consultancy and related activities",6203 - Computer facilities management activities,0.92,0.9,0.85,0.8,1 - Managers,13 - Business and administration managers,133 - Information and communications technology service managers,1330 - Information and communications technology managers,0.99,0.95,0.95,0.95,
24989,P - Education,85 - Education,853 - Higher education,8530 - Higher education,0.95,0.95,0.95,0.95,2 - Professionals,23 - Teaching professionals,231 - University and higher education teachers,2310 - University and higher education teachers,0.98,0.98,0.98,0.98,
25320,P - Education,85 - Education,854 - Higher education,8540 - Higher education,0.95,0.95,0.92,0.9,1 - Managers,12 - Administrative and commercial managers,122 - Sales and marketing managers,1221 - Sales and marketing managers,0.99,0.95,0.92,0.88,
24937,P - Education,85 - Education,85.4 - Higher education,85.41 - Higher education,0.99,0.98,0.95,0.9,3 - Technicians and associate professionals,31 - Science and engineering associate professionals,312 - Engineering technicians,3124 - Electronic engineering technicians,0.95,0.9,0.85,0.75,
24958,B - Mining and quarrying,07 - Mining of metal ores,072 - Mining of non-ferrous metal ores,0729 - Mining of other non-ferrous metal ores,0.98,0.97,0.75,0.55,8 - Plant and machine operators and assemblers,81 - Stationary plant and machine operators,811 - Mining and mineral processing plant operators,"8112 - Drillers and borers, rock-drillers and related workers",0.9,0.85,0.7,0.65,
25035,P - Education,85 - Education,853 - Higher education,8530 - Higher education,0.9,0.9,0.9,0.9,2 - Professionals,22 - Health professionals,222 - Nursing and midwifery professionals,2221 - Nursing professionals,0.99,0.99,0.99,0.99,
24477,B - Mining and quarrying,07 - Mining of metal ores,072 - Mining of non-ferrous metal ores,0720 - Mining of non-ferrous metal ores,0.99,0.98,0.97,0.95,1 - Managers,12 - Administrative and commercial managers,121 - Business services and administration managers,1219 - Business services and administration managers not elsewhere classified,0.95,0.85,0.8,0.65,
25293,C - Manufacturing,10 - Manufacture of food products,106 - Manufacture of grain mill products,1061 - Manufacture of grain mill products,0.92,0.9,0.88,0.85,1 - Managers,12 - Administrative and commercial managers,"122 - Sales, marketing and development managers",1221 - Sales and marketing managers,0.98,0.9,0.9,0.85,
25098,F - Construction,42 - Civil engineering,429 - Construction of other civil engineering projects,4290 - Construction of other civil engineering projects,0.98,0.75,0.7,0.7,2 - Professionals,24 - Business and administration professionals,241 - Accountants,2411 - Accountants,0.95,0.9,0.85,0.9,
25026,P - Education,85 - Education,853 - Higher education,8530 - Higher education,1.0,0.99,0.98,0.97,2 - Professionals,23 - Teaching professionals,231 - University and higher education teachers,2310 - University and higher education teachers,0.99,0.98,0.96,0.95,
25077,"M - Professional, scientific and technical activities",69 - Legal and accounting activities,"692 - Accounting, bookkeeping and auditing activities; tax consultancy","6920 - Accounting, bookkeeping and auditing activities; tax consultancy",0.95,0.95,0.95,0.9,2 - Professionals,24 - Business and administration professionals,241 - Accountants,2411 - Accountants,0.98,0.97,0.96,0.96,
25208,F - Construction,43 - Specialized construction activities,439 - Other specialized construction activities,4390 - Other specialized construction activities,0.85,0.75,0.6,0.5,4 - Clerical support workers,43 - Numerical and material recording clerks,431 - Numerical clerks,"4311 - Bookkeepers, payroll clerks and wage clerks",0.95,0.9,0.9,0.9,
24732,B - Mining and quarrying,07 - Mining of metal ores,072 - Mining of non‑ferrous metal ores,0729 - Mining of other non‑ferrous metal ores,1.0,0.98,0.95,0.9,2 - Professionals,21 - Science and engineering professionals,214 - Engineering professionals,"2146 - Mining engineers, metallurgists and related professionals",0.99,0.98,0.97,0.92,
24987,P - Education,85 - Education,853 - Higher education,8530 - Higher education,0.99,0.98,0.95,0.95,2 - Professionals,23 - Teaching professionals,231 - University and higher education teachers,2310 - University and higher education teachers,0.99,0.98,0.96,0.96,
25362,F - Construction,42 - Civil engineering,429 - Construction of other civil engineering projects,4290 - Construction of other civil engineering projects,0.95,0.9,0.75,0.72,2 - Professionals,21 - Science and engineering professionals,214 - Engineering professionals,2141 - Civil engineers,0.95,0.9,0.9,0.88,
25378,K - Financial and insurance activities,"64 - Financial service activities, except insurance and pension funding",64.1 - Monetary intermediation,64.19 - Other monetary intermediation,0.99,0.98,0.95,0.95,1 - Managers,12 - Administrative and commercial managers,122 - Sales and marketing managers,1221 - Sales and marketing managers,0.98,0.95,0.92,0.9,
25031,A,01,014,0146,0.95,0.95,0.9,0.85,4,43,432,4321,0.95,0.9,0.85,0.75,
24656,N - Administrative and support service activities,80 - Security and investigation activities,801 - Private security activities,8010 - Private security activities,0.95,0.95,0.9,0.9,5 - Service and sales workers,54 - Protective services workers,541 - Protective services workers (including security and emergency response),5414 - Security guards and related workers,0.9,0.88,0.8,0.7,
25129,P - Education,85 - Education,853 - Higher education,8530 - Higher education,0.99,0.98,0.97,0.96,2 - Professionals,24 - Business and administration professionals,"243 - Advertising, marketing and public relations professionals",,0.75,0.65,0.7,0.3,
24938,P - Education,85 - Education,853 - Higher education,8530 - Higher education,0.98,0.98,0.96,0.96,3 - Technicians and associate professionals,31 - Science and engineering associate professionals,311 - Physical and engineering science technicians,3111 - Chemical and physical science technicians,0.95,0.95,0.92,0.88,
25029,F - Construction,42 - Civil engineering,421 - Construction of roads and railways,4210 - Construction of roads and railways,0.85,0.95,0.95,0.9,2 - Professionals,22 - Health professionals,226 - Other health professionals,2263 - Occupational health and safety professionals,0.9,0.85,0.8,0.75,
25356,B - Mining and quarrying,07 - Mining of metal ores,,,1.0,0.95,0.2,0.1,2 - Professionals,24 - Business and administration professionals,241 - Accountants,2411 - Accountants,0.99,0.98,0.97,0.95,
25115,K - Financial and insurance activities,"64 - Financial service activities, except insurance and pension funding",64.1 - Monetary intermediation,64.19 - Other monetary intermediation (commercial banks and other deposit-taking institutions),0.98,0.97,0.95,0.9,4 - Clerical support workers,42 - Customer services clerks,422 - Client information workers / Customer services clerks,4222 - Cashiers and ticket clerks (includes bank tellers),0.95,0.9,0.88,0.85,
24185,H - Transportation and storage,49 - Land transport and transport via pipelines,493 - Freight transport by road,4930 - Freight transport by road,0.98,0.97,0.96,0.95,8 - Plant and machine operators and assemblers,83 - Drivers and mobile plant operators,833 - Heavy truck and bus drivers,8332 - Heavy truck and lorry drivers,0.95,0.95,0.9,0.8,
25075,G - Wholesale and retail trade; repair of motor vehicles and motorcycles,"47 - Retail trade, except of motor vehicles and motorcycles",477 - Retail sale of other goods in specialized stores,4779 - Other retail sale of other goods in specialized stores (n.e.c.),0.95,0.9,0.6,0.4,2 - Professionals,24 - Business and administration professionals,,,0.6,0.5,0.2,0.1,
25174,P - Education,85 - Education,854 - Higher education,8540 - Higher education,0.98,0.98,0.95,0.95,2 - Professionals,23 - Teaching professionals,231 - University and higher education teachers,2310 - University and higher education teachers,0.98,0.96,0.95,0.94,
24481,B - Mining and quarrying,07 - Mining of metal ores,,,0.95,0.9,0.25,0.25,8 - Plant and machine operators and assemblers,81 - Stationary plant and machine operators,,,0.75,0.6,0.3,0.2,
25364,P - Education,85 - Education,853 - Higher education,8530 - Higher education,0.98,0.99,0.99,0.99,2 - Professionals,23 - Teaching professionals,231 - University and higher education teachers,2310 - University and higher education teachers,0.99,0.98,0.98,0.97,
25373,F - Construction,41 - Construction of buildings,,,0.95,0.7,0.2,0.2,8 - Plant and machine operators and assemblers,83 - Drivers and mobile-plant operators,833 - Truck and bus drivers,8332 - Heavy truck and lorry drivers,0.95,0.95,0.95,0.9,
25030,C - Manufacturing,33 - Repair and installation of machinery and equipment,"331 - Repair of fabricated metal products, machinery and equipment","3310 - Repair of fabricated metal products, machinery and equipment",0.85,0.95,0.9,0.88,7 - Craft and related trades workers,"72 - Metal, machinery and related trades workers",723 - Machinery mechanics and repairers,7232 - Mobile heavy vehicle and equipment mechanics and repairers,0.95,0.85,0.9,0.7,
25258,G - Wholesale and retail trade; repair of motor vehicles and motorcycles,45 - Wholesale and retail trade and repair of motor vehicles and motorcycles,452 - Maintenance and repair of motor vehicles,4520 - Maintenance and repair of motor vehicles,0.99,0.97,0.95,0.95,7 - Craft and related trades workers,"72 - Metal, machinery and related trades workers",723 - Motor mechanics and repairers,7231 - Motor vehicle mechanics and repairers,0.99,0.95,0.92,0.9,
25057,O - Public administration and defence; compulsory social security,84 - Public administration and defence; compulsory social security,841 - General public administration activities,8411 - Executive and legislative bodies; general public administration,0.98,0.98,0.8,0.6,1 - Managers,12 - Administrative and commercial managers,121 - Business services and administration managers,1212 - Human resource managers,0.99,0.88,0.85,0.92,
25219,P - Education,85 - Education,853 - Higher education,8530 - Higher education,0.98,0.97,0.95,0.9,2 - Professionals,24 - Business and administration professionals,242 - Management and organization analysts,2421 - Management and organization analysts,0.85,0.8,0.7,0.6,
25025,P - Education,85 - Education,854 - Higher education,8540 - Higher education,0.95,0.95,0.95,0.95,1 - Managers,12 - Administrative and commercial managers,"122 - Sales, marketing and development managers",1223 - Advertising and public relations managers,0.98,0.9,0.85,0.8,
24475,B - Mining and quarrying,07 - Mining of metal ores,072 - Mining of non‑ferrous metal ores,0729 - Mining of other non‑ferrous metal ores,0.99,0.98,0.96,0.95,1 - Managers,13 - Production and specialised services managers,"132 - Manufacturing, mining and construction managers",1322 - Mining production managers,0.95,0.85,0.8,0.75,
25377,P - Education,85 - Education,855 - Tertiary education,8550 - Tertiary education,0.95,0.95,0.9,0.85,2 - Professionals,23 - Teaching professionals,231 - University and higher education teachers,2310 - University and higher education teachers,0.95,0.95,0.9,0.9,
25297,K - Financial and insurance activities,"64 - Financial service activities, except insurance and pension funding",64.1 - Monetary intermediation,64.19 - Other monetary intermediation,0.99,0.95,0.9,0.85,1 - Managers,12 - Administrative and commercial managers,121 - Business services and administration managers,1211 - Finance managers,0.99,0.95,0.9,0.9,
25259,K - Financial and insurance activities,"64 - Financial service activities, except insurance and pension funding",64.1 - Monetary intermediation (financial service activities),64.19 - Other monetary intermediation (other than central banking / specific bank classes),0.98,0.95,0.85,0.6,1 - Managers,12 - Administrative and commercial managers,121 - Finance managers,1211 - Finance managers (financial reporting / accounting management),0.99,0.9,0.88,0.8,
25315,"M - Professional, scientific and technical activities",70 - Activities of head offices; management consultancy activities,702 - Management consultancy activities,7022 - Business and other management consultancy activities,0.9,0.9,0.85,0.75,1 - Managers,12 - Administrative and commercial managers,,,0.9,0.6,0.2,0.1,
25051,N - Administrative and support service activities,78 - Employment activities,781 - Activities of employment placement agencies,7810 - Activities of employment placement agencies,0.9,0.9,0.65,0.6,2 - Professionals,24 - Business and administration professionals,242 - Administration professionals,2422 - Personnel and careers professionals,0.95,0.9,0.85,0.8,
25105,C - Manufacturing,23 - Manufacture of other non-metallic mineral products,,,0.95,0.7,0.3,0.2,1 - Managers,12 - Administrative and commercial managers,122 - Sales and marketing managers,1221 - Sales and marketing managers,0.99,0.95,0.95,0.9,
25060,O - Public administration and defence; compulsory social security,84 - Public administration and defence; compulsory social security,842 - Regional and local government activities,8420 - Provincial and local government activities,0.95,0.9,0.9,0.8,2 - Professionals,"26 - Legal, social and cultural professionals",261 - Legal professionals,2611 - Lawyers,0.98,0.95,0.95,0.9,
24977,S - Other service activities,81 - Services to buildings and landscape activities,813 - Landscape service activities,8130 - Landscape service activities,0.85,0.95,0.9,0.9,"6 - Skilled agricultural, forestry and fishery workers",61 - Market-oriented skilled agricultural workers,611 - Market gardeners and crop growers,6112 - Gardeners and horticultural workers (including landscapers),0.9,0.85,0.8,0.8,
25033,B - Mining and quarrying,07 - Mining of metal ores,072 - Mining of non-ferrous metal ores,0721 - Mining of gold (non‑ferrous metal ores),1.0,0.95,0.75,0.55,1 - Managers,13 - Production and specialised services managers,"132 - Manufacturing, mining and construction supervisors",1323 - Mining supervisors (first-line supervisors of mining operations),0.95,0.8,0.65,0.55,
25232,G - Wholesale and retail trade; repair of motor vehicles and motorcycles,"46 - Wholesale trade, except of motor vehicles and motorcycles","463 - Wholesale of food, beverages and tobacco","4630 - Wholesale of food, beverages and tobacco",0.95,0.9,0.7,0.6,1 - Managers,"12 - Administrative and commercial managers (Sales, marketing and development managers)",122 - Sales and marketing managers,1221 - Sales and marketing managers,0.98,0.95,0.92,0.9,
25343,H - Transportation and storage,53 - Postal and courier activities,532 - Courier activities,5320 - Courier activities,0.98,0.98,0.95,0.95,8 - Plant and machine operators and assemblers,83 - Drivers and mobile-plant operators,"832 - Car, van and motorcycle drivers",8322 - Delivery drivers,0.96,0.96,0.9,0.75,
24536,F - Construction,41 - Construction of buildings,412 - Construction of residential and non-residential buildings,4120 - Construction of residential and non-residential buildings,0.95,0.9,0.9,0.85,2 - Professionals,21 - Science and engineering professionals,214 - Engineering professionals,2149 - Engineering professionals not elsewhere classified,0.98,0.95,0.95,0.88,
24986,H - Transportation and storage,51 - Air transport,511 - Passenger air transport,5110 - Passenger air transport,0.95,0.95,0.9,0.85,7 - Craft and related trades workers,71 - Building and related trades workers,711 - Building frame and related trades workers,7111 - Carpenters and joiners,0.98,0.97,0.96,0.95,
25073,H - Transportation and storage,49 - Land transport and transport via pipelines,492 - Freight transport by road,4920 - Freight transport by road,1.0,0.97,0.94,0.9,8 - Plant and machine operators and assemblers,83 - Drivers and mobile-plant operators,833 - Heavy truck and bus drivers,8332 - Truck drivers (heavy truck and lorry drivers),1.0,0.98,0.95,0.92,
25307,I - Accommodation and food service activities,55 - Accommodation,55.1 - Hotels and similar accommodation,55.10 - Hotels and similar accommodation,0.99,0.98,0.95,0.95,3 - Technicians and associate professionals,35 - Information and communications technicians,351 - Computer and information technicians (network & user support),3512 - Computer network and systems technicians,0.9,0.9,0.85,0.75,
25273,J - Information and communication,"62 - Computer programming, consultancy and related activities","620 - Computer programming, consultancy and related activities",6203 - Computer facilities management activities,0.9,0.9,0.85,0.7,3 - Technicians and associate professionals,35 - Information and communications technicians,351 - Information and communications technicians,3513 - Computer network and systems technicians,0.95,0.9,0.85,0.65,
25094,Q - Human health and social work activities,88 - Social work activities without accommodation,88.9 - Other social work activities without accommodation,88.99 - Other social work activities without accommodation n.e.c.,0.95,0.9,0.85,0.7,1 - Managers,13 - Production and specialised services managers,134 - Health and social services managers,1345 - Social services and welfare managers,0.95,0.8,0.75,0.65,
25294,Q - Human health and social work activities,86 - Human health activities,869 - Other human health activities,8690 - Other human health activities,0.9,0.85,0.6,0.5,2 - Professionals,22 - Health professionals,226 - Other health professionals,2263 - Pharmacists,0.99,0.99,0.98,0.99,
25062,B - Mining and quarrying,06 - Extraction of crude petroleum and natural gas,061 - Extraction of crude petroleum,0610 - Extraction of crude petroleum and natural gas,0.9,0.95,0.9,0.9,4 - Clerical support workers,41 - General office clerks (clerical support),411 - General office clerks,4110 - General office clerks,0.9,0.8,0.75,0.6,
25004,H - Transportation and storage,52 - Warehousing and support activities for transportation,522 - Support activities for transportation,5220 - Support activities for transportation,0.95,0.9,0.85,0.8,8 - Plant and machine operators and assemblers,83 - Drivers and mobile plant operators,832 - Mobile plant operators,8322 - Fork-lift truck drivers (including reach stacker operators),0.95,0.9,0.9,0.85,
24972,F - Construction,42 - Civil engineering,429 - Construction of other civil engineering projects,4290 - Construction of other civil engineering projects,0.98,0.98,0.9,0.85,2 - Professionals,21 - Science and engineering professionals,214 - Engineering professionals,2141 - Civil engineers,0.99,0.98,0.97,0.95,
24994,Q - Human health and social work activities,86 - Human health activities,869 - Other human health activities,8690 - Other human health activities,0.95,0.9,0.85,0.8,2 - Professionals,22 - Health professionals,226 - Other health professionals,,0.95,0.85,0.6,0.2,
25043,O - Public administration and defence; compulsory social security,84 - Public administration and defence; compulsory social security,841 - Administration of the State and the economic and social policy of the community,8411 - Executive and legislative bodies; general public administration activities,0.99,0.98,0.9,0.8,1 - Managers,"11 - Chief executives, senior officials and legislators",111 - Legislators and senior officials / Chief executives and senior officials,1110 - Legislators and senior officials (senior public sector executives / chief executives),0.99,0.95,0.9,0.8,
25092,I - Accommodation and food service activities,55 - Accommodation,55.1 - Hotels and similar accommodation,55.10 - Hotels and similar accommodation,0.99,0.98,0.95,0.95,2 - Professionals,24 - Business and administration professionals,"241 - Accountants, auditors and related workers",2411 - Accountants,0.98,0.95,0.92,0.8,
24582,B - Mining and quarrying,07 - Mining of metal ores,072 - Mining of non-ferrous metal ores,,0.99,0.95,0.9,0.3,8 - Plant and machine operators and assemblers,81 - Stationary plant and machine operators,811 - Mining and mineral-processing plant operators,,0.99,0.95,0.92,0.5,
24957,H - Transportation and storage,52 - Warehousing and support activities for transportation,522 - Support activities for transportation,5220 - Support activities for transportation,0.95,0.9,0.85,0.8,4 - Clerical support workers,43 - Numerical and material recording clerks,431 - Numerical and material recording clerks,4312 - Material-recording and transport clerks,0.9,0.8,0.75,0.7,
25179,S - Other service activities,94 - Activities of membership organisations,949 - Activities of other membership organisations,9491 - Activities of religious organisations,0.9,0.8,0.75,0.7,1 - Managers,12 - Administrative and commercial managers,121 - Business services and administration managers,1212 - Human resource managers,0.95,0.85,0.82,0.75,
25223,F - Construction,43 - Specialised construction activities,"432 - Electrical, plumbing and other construction installation","4322 - Plumbing, heat and air-conditioning installation",0.9,0.9,0.9,0.95,3,31,311,3113,0.85,0.8,0.7,0.6,
25301,F - Construction,43 - Specialized construction activities,"432 - Electrical, plumbing and other construction installation",4321 - Electrical installation,0.98,0.95,0.93,0.92,7 - Craft and related trades workers,74 - Electrical and electronic trades workers,741 - Electrical and electronic trades workers,7411 - Building electricians,0.99,0.95,0.93,0.9,
25332,B - Mining and quarrying,06 - Extraction of crude petroleum and natural gas,061 - Extraction of crude petroleum and natural gas,0610 - Extraction of crude petroleum and natural gas,0.95,0.95,0.9,0.9,2 - Professionals,23 - Teaching professionals,235 - Teaching professionals,2352 - Vocational education teachers,0.9,0.85,0.75,0.7,
25209,G - Wholesale and retail trade; repair of motor vehicles and motorcycles,"46 - Wholesale trade, except of motor vehicles and motorcycles","467 - Wholesale of solid, liquid and gaseous fuels and related products","4671 - Wholesale of solid, liquid and gaseous fuels and related products",0.95,0.9,0.88,0.85,2 - Professionals,21 - Science and engineering professionals,214 - Engineering professionals,2142 - Mechanical engineers,0.95,0.92,0.9,0.86,
24946,K - Financial and insurance activities,"64 - Financial service activities, except insurance and pension funding",641 - Monetary intermediation,6419 - Other monetary intermediation,0.98,0.96,0.9,0.85,2 - Professionals,24 - Business and administration professionals,241 - Finance professionals,2419 - Finance professionals not elsewhere classified,0.95,0.9,0.75,0.6,
25180,F - Construction,41 - Construction of buildings,412 - Construction of residential and non-residential buildings,4120 - Construction of residential and non-residential buildings,0.95,0.9,0.8,0.7,4 - Clerical support workers,41 - General and keyboard clerks,411 - General office clerks,4110 - General office clerks,0.95,0.9,0.85,0.8,
24738,B - Mining and quarrying,07 - Mining of metal ores,072 - Mining of non‑ferrous metal ores,0729 - Mining of other non‑ferrous metal ores,0.95,0.95,0.9,0.9,2 - Professionals,21 - Science and engineering professionals,214 - Engineering professionals,2143 - Mining engineers,0.95,0.9,0.9,0.95,
25101,I - Accommodation and food service activities,56 - Food and beverage service activities,56.1 - Restaurants and mobile food service activities,56.10 - Restaurants and mobile food service activities,0.95,0.95,0.9,0.9,7 - Craft and related trades workers,"75 - Food processing, wood and related trades workers","751 - Food processing, wood and related trades workers (minor group)",7511 - Bakers and pastry-cooks,0.9,0.8,0.8,0.95,
25280,B - Mining and quarrying,07 - Mining of metal ores,,,0.99,0.95,0.35,0.25,1 - Managers,13 - Production and specialised services managers,"132 - Manufacturing, mining and construction managers",,0.99,0.95,0.8,0.3,
13420,H - Transportation and storage,52 - Warehousing and support activities for transportation,522 - Support activities for transportation,"5220 - Support activities for transportation (terminal/cargo handling, warehousing)",0.95,0.92,0.85,0.8,8 - Plant and machine operators and assemblers,83 - Drivers and mobile-plant operators,833 - Drivers and mobile-plant operators,"8332 - Mobile-plant operators (e.g., forklift / reach-stacker operators)",0.95,0.92,0.88,0.8,
25056,O - Public administration and defence; compulsory social security,84 - Public administration and defence; compulsory social security,841 - Public administration (administration of the State and the economic and social policy of the community / regional and local government administration),8411 - Administration of the State / regional and local government administration (provincial/local government finance and administration),1.0,0.98,0.9,0.75,1 - Managers,12 - Administrative and commercial managers,121 - Business services and administration managers (incl. public administration management roles),1211 - Finance managers,1.0,0.9,0.85,0.8,
24798,G - Wholesale and retail trade; repair of motor vehicles and motorcycles,45 - Wholesale and retail trade and repair of motor vehicles and motorcycles,452 - Maintenance and repair of motor vehicles,4520 - Maintenance and repair of motor vehicles,0.98,0.96,0.95,0.92,7 - Craft and related trades workers,"72 - Metal, machinery and related trades workers",723 - Motor vehicle mechanics and repairers,7231 - Motor vehicle mechanics and repairers (including auto electricians),0.95,0.87,0.82,0.78,
25162,B - Mining and quarrying,07 - Mining of metal ores,072 - Mining of non-ferrous metal ores,0721 - Mining of gold,0.99,0.98,0.95,0.75,7 - Craft and related trades workers,74 - Electrical and electronic trades workers,741 - Electrical and electronic trades workers (minor group),7411 - Electricians and electrical fitters,0.9,0.9,0.9,0.85,
25012,L - Real estate activities,68 - Real estate activities,682 - Renting and operating of own or leased real estate,6820 - Renting and operating of own or leased real estate,0.8,0.8,0.65,0.65,7 - Craft and related trades workers,74 - Electrical and electronic trades workers,741 - Electrical and electronic installers and repairers,7411 - Electricians and electrical fitters,0.95,0.97,0.97,0.95,
25222,P - Education,85 - Education,854 - Higher education,8540 - Higher education,0.99,0.99,0.97,0.97,2 - Professionals,23 - Teaching professionals,231 - University and higher education teachers,2310 - University and higher education teachers,0.99,0.98,0.98,0.98,
25365,F - Construction,43 - Specialized construction activities,"432 - Electrical, plumbing and other construction installation activities","4322 - Plumbing, heat and air-conditioning installation",0.99,0.95,0.9,0.75,5 - Service and sales workers,52 - Sales workers,522 - Shop sales assistants and other sales workers,,0.99,0.95,0.7,0.3,
23398,H - Transportation and storage,51 - Air transport,511 - Passenger air transport,5110 - Passenger air transport,0.9,0.95,0.95,0.9,3 - Technicians and associate professionals,35 - Information and communications technicians,351 - Information and communications technicians,3513 - ICT user support technicians (ICT support),0.95,0.9,0.8,0.75,
24645,H - Transportation and storage,52 - Warehousing and support activities for transportation,522 - Support activities for water transport,5220 - Support activities for water transport,0.98,0.9,0.92,0.88,8 - Plant and machine operators and assemblers,83 - Drivers and mobile plant operators,833 - Ship's deck crews and related workers,8331 - Ship's deck crew (seafarers / deckhands on tug boats),0.9,0.85,0.94,0.92,
25370,K - Financial and insurance activities,"64 - Financial service activities, except insurance and pension funding",641 - Monetary intermediation,6419 - Other monetary intermediation,0.98,0.95,0.9,0.85,4 - Clerical support workers,42 - Customer services clerks,422 - Client information workers,4221 - Call‑centre operators / Client information workers,0.95,0.92,0.88,0.75,
25287,B - Mining and quarrying,07 - Mining of metal ores,,,0.95,0.9,0.3,0.2,2 - Professionals,21 - Science and engineering professionals,213 - Physical and earth science professionals,2131 - Geologists and geophysicists,0.99,0.96,0.92,0.9,
25097,S - Other service activities,94 - Activities of membership organizations,949 - Activities of other membership organizations,9491 - Activities of religious organizations,0.9,0.85,0.8,0.92,2 - Professionals,"26 - Legal, social and cultural professionals",263 - Social and religious professionals,2634 - Social work professionals,0.9,0.85,0.82,0.7,
24974,F - Construction,43 - Specialized construction activities,433 - Building completion and finishing,4330 - Building completion and finishing,0.95,0.93,0.88,0.8,7 - Craft and related trades workers,71 - Building and related trades workers,713 - Carpenters and joiners,7131 - Carpenters and joiners,0.98,0.96,0.92,0.86,
24917,"M - Professional, scientific and technical activities",73 - Advertising and market research,731 - Advertising,7310 - Advertising agencies / Advertising activities,0.85,0.85,0.8,0.7,5 - Service and sales workers,52 - Sales workers,522 - Shop salespersons and demonstrators,5223 - Demonstrators and product promoters (sales merchandisers),0.95,0.9,0.85,0.7,
25270,H - Transportation and storage,52 - Warehousing and support activities for transportation,522 - Support activities for transportation,5229 - Other transportation support activities,0.9,0.9,0.85,0.6,2 - Professionals,24 - Business and administration professionals,241 - Finance professionals,2411 - Accountants,0.95,0.9,0.85,0.9,
24535,F - Construction,43 - Specialised construction activities,"432 - Electrical, plumbing and other construction installation",4321 - Electrical installation,0.95,0.9,0.9,0.95,7 - Craft and related trades workers,74 - Electrical and electronic trades workers,741 - Electrical and electronic trades workers,7411 - Electricians,0.95,0.92,0.9,0.95,
25303,F - Construction,43 - Specialized construction activities,"432 - Electrical, plumbing and other construction installation activities","4322 - Plumbing, heat and air-conditioning installation",0.99,0.98,0.96,0.95,7 - Craft and related trades workers,71 - Building and related trades workers,712 - Building finishers and related trades workers,7122 - Plumbers and pipe fitters,0.99,0.98,0.95,0.9,
25298,I - Accommodation and food service activities,55 - Accommodation,551 - Short term accommodation activities,5510 - Short term accommodation activities,0.99,0.98,0.97,0.95,1 - Managers,"14 - Hospitality, retail and other services managers",141 - Hotel and restaurant managers (Accommodation managers),1411 - Hotel managers,0.95,0.9,0.85,0.6,
25330,"M - Professional, scientific and technical activities",70 - Activities of head offices; management consultancy activities,702 - Management consultancy activities,7020 - Management consultancy activities,0.9,0.9,0.85,0.8,1 - Managers,12 - Administrative and commercial managers,121 - Business services and administration managers,1212 - Human resource managers,0.95,0.9,0.9,0.85,
25328,P - Education,85 - Education,85.4 - Higher education,85.41 - Higher education (tertiary education),0.99,0.98,0.95,0.9,1 - Managers,13 - Production and specialised services managers,134 - Other specialised managers,1343 - School principals and administrators,0.98,0.8,0.78,0.85,
25054,O - Public administration and defence; compulsory social security,84 - Public administration and defence; compulsory social security,841 - Public administration,,0.95,0.9,0.8,0.2,1 - Managers,"11 - Chief executives, senior officials and legislators",111 - Senior government officials,,0.95,0.9,0.8,0.25,
25296,"M - Professional, scientific and technical activities",70 - Activities of head offices; management consultancy activities,701 - Activities of head offices,7010 - Activities of head offices,0.8,0.75,0.7,0.6,1 - Managers,"11 - Chief executives, senior officials and legislators",112 - Managing directors and chief executives,1120 - Managing directors and chief executives,0.99,0.95,0.9,0.85,
25361,F - Construction,42 - Civil engineering,429 - Construction of other civil engineering projects,4290 - Construction of other civil engineering projects (n.e.c.),0.95,0.9,0.85,0.75,2 - Professionals,24 - Business and administration professionals,241 - Accountants (minor group),2411 - Accountants,0.99,0.98,0.92,0.9,
25353,B - Mining and quarrying,07 - Mining of metal ores,072 - Mining of non-ferrous metal ores,,1.0,0.98,0.95,0.4,2 - Professionals,21 - Science and engineering professionals,"214 - Engineering, manufacturing and construction professionals (surveying-related)",2144 - Surveyors (unit group for surveyors and related professionals),0.9,0.85,0.7,0.6,
25371,K - Financial and insurance activities,"64 - Financial service activities, except insurance and pension funding",641 - Monetary intermediation,6419 - Other monetary intermediation,0.98,0.97,0.95,0.92,1 - Managers,12 - Administrative and commercial managers,121 - Business services and administration managers,1211 - Finance managers,0.99,0.95,0.9,0.7,
25368,B - Mining and quarrying,07 - Mining of metal ores,072 - Mining of non‑ferrous metal ores,,0.95,0.9,0.7,0.3,5 - Service and sales workers,75 - Protective services workers,,,0.95,0.9,0.3,0.1,
24918,B - Mining and quarrying,07 - Mining of metal ores,071 - Mining of metal ores,,0.99,0.95,0.9,0.2,7 - Craft and related trades workers,"72 - Metal, machinery and related trades workers",723 - Machinery mechanics and repairers,7232 - Machinery mechanics and repairers (pump/mechanical fitter),0.9,0.85,0.8,0.7,
25087,B - Mining and quarrying,07 - Mining of metal ores,072 - Mining of non-ferrous metal ores,0729 - Mining of other non-ferrous metal ores (includes gold),0.99,0.98,0.97,0.95,7 - Craft and related trades workers,"72 - Metal, machinery and related trades workers",723 - Metal and machinery workers (machinery mechanics and fitters),7233 - Heavy vehicle and mobile plant mechanics (mechanical fitters for mining mobile fleet),0.95,0.9,0.88,0.75,
25334,B - Mining and quarrying,07 - Mining of metal ores,072 - Mining of non-ferrous metal ores,0729 - Mining of other non-ferrous metal ores,0.99,0.95,0.8,0.6,1 - Managers,13 - Production and specialised services managers,"132 - Manufacturing, mining and construction managers",,0.9,0.8,0.7,0.2,
25299,H - Transportation and storage,51 - Air transport,51.1 - Passenger air transport,51.10 - Passenger air transport,0.95,0.98,0.85,0.8,3 - Technicians and associate professionals,31 - Physical and engineering science technicians,312 - Engineering and related technicians,3122 - Mechanical engineering technicians,0.9,0.85,0.85,0.7,
24156,B - Mining and quarrying,07 - Mining of metal ores,072 - Mining of non-ferrous metal ores,,0.98,0.97,0.95,0.3,7 - Craft and related trades workers,74 - Electrical and electronic trades workers,741 - Electricians and electrical fitters,7412 - Electricians (industrial / heavy electrical) ,0.96,0.9,0.88,0.7,
25203,"M - Professional, scientific and technical activities",73 - Advertising and market research,731 - Advertising,7310 - Advertising,0.95,0.9,0.85,0.8,2 - Professionals,24 - Business and administration professionals,243 - Advertising and marketing professionals,2431 - Advertising and marketing professionals,0.9,0.9,0.88,0.85,
24926,P - Education,85 - Education,85.3 - Higher education,85.30 - Higher education,1.0,1.0,0.98,0.95,2 - Professionals,"26 - Legal, social and cultural professionals","262 - Archivists, librarians and curators (information professionals)",2622 - Librarians and related information professionals,0.99,0.95,0.92,0.9,
24948,G - Wholesale and retail trade; repair of motor vehicles and motorcycles,"46 - Wholesale trade, except of motor vehicles and motorcycles",467 - Wholesale of other goods,"4671 - Wholesale of solid, liquid and gaseous fuels and related products",0.95,0.92,0.9,0.96,1 - Managers,13 - Production and specialised services managers,,,0.95,0.8,0.3,0.1,
25229,G - Wholesale and retail trade; repair of motor vehicles and motorcycles,"47 - Retail trade, except of motor vehicles and motorcycles",47.4 - Retail sale of information and communication equipment in specialised stores,,0.95,0.95,0.7,0.2,5 - Service and sales workers,52 - Sales workers,,,0.9,0.8,0.25,0.15,
24935,K - Financial and insurance activities,"64 - Financial service activities, except insurance and pension funding",641 - Monetary intermediation,6419 - Other monetary intermediation,0.95,0.95,0.9,0.8,2 - Professionals,25 - Information and communications technology professionals,252 - Database and network professionals,2522 - Systems administrators,0.95,0.95,0.9,0.9,
24702,I - Accommodation and food service activities,56 - Food and beverage service activities,561 - Restaurants and mobile food service activities,5610 - Restaurants and mobile food service activities,0.95,0.95,0.9,0.9,5 - Service and sales workers,52 - Sales workers,522 - Shop sales assistants and demonstrators,5221 - Shop sales assistants,0.9,0.88,0.82,0.75,
25389,C - Manufacturing,24 - Manufacture of basic metals,241 - Manufacture of basic iron and steel and of ferro-alloys,2410 - Manufacture of basic iron and steel and of ferro-alloys,0.95,0.9,0.85,0.8,4 - Clerical support workers,43 - Numerical and material recording clerks,431 - Numerical clerks,4312 - Payroll clerks,0.95,0.9,0.85,0.75,
25017,B - Mining and quarrying,06 - Extraction of crude petroleum and natural gas,061 - Extraction of crude petroleum and natural gas,0610 - Extraction of crude petroleum and natural gas,0.97,0.96,0.95,0.95,1 - Managers,,,,0.93,0.2,0.15,0.1,
25210,H - Transportation and storage,51 - Air transport,511 - Passenger air transport,5110 - Passenger air transport,0.95,0.95,0.9,0.9,1 - Managers,12 - Administrative and commercial managers,121 - Business services and administration managers,1211 - Finance managers,0.99,0.9,0.85,0.7,
25354,B - Mining and quarrying,07 - Mining of metal ores,072 - Mining of non-ferrous metal ores,0729 - Mining of other non‑ferrous metal ores,0.98,0.97,0.9,0.85,2 - Professionals,24 - Business and administration professionals,242 - Administration professionals,2421 - Human resource professionals,0.95,0.94,0.9,0.75,
24947,B - Mining and quarrying,07 - Mining of metal ores,,,0.95,0.9,0.2,0.1,2 - Professionals,21 - Science and engineering professionals,214 - Engineering professionals,2142 - Civil engineers,0.9,0.85,0.8,0.7,
25220,I - Accommodation and food service activities,56 - Food and beverage service activities,561 - Restaurants and mobile food service activities,5610 - Restaurants and mobile food service activities,0.98,0.97,0.96,0.95,1 - Managers,"14 - Hospitality, retail and other services managers",143 - Hospitality managers (restaurant and related managers),1431 - Restaurant managers,0.98,0.95,0.92,0.9,
24826,B - Mining and quarrying,07 - Mining of metal ores,072 - Mining of non-ferrous metal ores,0720 - Mining of non-ferrous metal ores,0.99,0.98,0.95,0.85,2 - Professionals,21 - Science and engineering professionals,214 - Engineering professionals,2144 - Electrical engineers,0.99,0.95,0.92,0.8,
25329,"M - Professional, scientific and technical activities",70 - Activities of head offices; management consultancy activities,702 - Management consultancy activities,7020 - Management consultancy activities,0.9,0.88,0.85,0.8,4 - Clerical support workers,43 - Numerical and material recording clerks,431 - Numerical clerks (including accounting and book-keeping clerks),4311 - Accounting and book-keeping clerks,0.9,0.88,0.82,0.7,
25061,G - Wholesale and retail trade; repair of motor vehicles and motorcycles,"46 - Wholesale trade, except of motor vehicles and motorcycles","467 - Wholesale of solid, liquid and gaseous fuels and related products","46.71 - Wholesale of solid, liquid and gaseous fuels and related products",0.95,0.9,0.85,0.9,8 - Plant and machine operators and assemblers,83 - Drivers and mobile-plant operators,833 - Heavy truck and bus drivers,8331 - Heavy truck and lorry drivers (includes tanker truck drivers),0.95,0.9,0.9,0.85,
25252,B - Mining and quarrying,07 - Mining of metal ores,,,1.0,0.95,0.4,0.2,8 - Plant and machine operators and assemblers,81 - Stationary plant and machine operators,811 - Mining and mineral processing plant operators,,0.95,0.85,0.7,0.2,
25192,I - Accommodation and food service activities,56 - Food and beverage service activities,563 - Beverage serving activities,5630 - Beverage serving activities,0.99,0.98,0.98,0.97,1 - Managers,"14 - Hospitality, retail and other services managers",141 - Hotel and restaurant managers,1412 - Restaurant managers,0.8,0.75,0.65,0.6,
25281,C - Manufacturing,10 - Manufacture of food products,,,0.95,0.9,0.3,0.25,2 - Professionals,21 - Science and engineering professionals,"211 - Physicists, chemists and related professionals",2112 - Chemists,0.95,0.9,0.85,0.8,
25308,K - Financial and insurance activities,"64 - Financial service activities, except insurance and pension funding","649 - Other financial service activities, except insurance and pension funding",6492 - Other credit granting,0.95,0.95,0.9,0.85,2 - Professionals,24 - Business and administration professionals,242 - Administration and organisation professionals,2423 - Personnel and careers professionals,0.95,0.9,0.8,0.75,
24999,H - Transportation and storage,52 - Warehousing and support activities for transportation,522 - Support activities for transportation,,0.95,0.85,0.7,0.25,2 - Professionals,25 - Information and communications technology professionals,252 - Database and network professionals,2522 - Systems administrators,0.95,0.95,0.9,0.9,
25070,H - Transportation and storage,49 - Land transport and transport via pipelines,493 - Freight transport by road,4930 - Freight transport by road,0.98,0.96,0.95,0.93,8 - Plant and machine operators and assemblers,83 - Drivers and mobile-plant operators,832 - Heavy truck and lorry drivers,8322 - Heavy truck and lorry drivers (tank truck / tanker drivers),0.98,0.95,0.92,0.88,
25067,H - Transportation and storage,51 - Air transport,511 - Passenger air transport,5110 - Passenger air transport,0.98,0.95,0.9,0.85,4 - Clerical support workers,43 - Material-recording and transport clerks,431 - Stock clerks and order fillers (stores clerks),,0.9,0.85,0.7,0.25,
25090,G - Wholesale and retail trade; repair of motor vehicles and motorcycles,45 - Wholesale and retail trade and repair of motor vehicles and motorcycles,452 - Maintenance and repair of motor vehicles,4520 - Maintenance and repair of motor vehicles,0.95,0.92,0.88,0.8,7 - Craft and related trades workers,"72 - Metal, machinery and related trades workers",723 - Machinery mechanics and fitters,7231 - Motor vehicle mechanics and repairers,0.95,0.9,0.85,0.75,
24964,H - Transportation and storage,52 - Warehousing and support activities for transportation,52.2 - Service activities incidental to transportation,52.29 - Other transportation support activities,0.95,0.9,0.88,0.7,2 - Professionals,24 - Business and administration professionals,242 - Management and organization analysts (business analysts),2421 - Management and organization analysts,0.9,0.85,0.8,0.75,
25351,N - Administrative and support service activities,"82 - Office administrative, office support and other business support activities",829 - Other business support service activities n.e.c.,8299 - Other business support service activities n.e.c.,0.9,0.85,0.8,0.75,5 - Service and sales workers,52 - Sales workers,522 - Shop sales assistants and displayers,5223 - Merchandisers and shop displayers,0.95,0.9,0.85,0.8,
24898,K - Financial and insurance activities,"64 - Financial service activities, except insurance and pension funding","649 - Other financial service activities, except insurance and pension funding","6499 - Other financial service activities, except insurance and pension funding n.e.c.",0.95,0.9,0.85,0.75,1 - Managers,12 - Administrative and commercial managers,121 - Business services and administration managers,1212 - Human resource managers,0.95,0.9,0.9,0.9,
24899,G - Wholesale and retail trade; repair of motor vehicles and motorcycles,"46 - Wholesale trade, except of motor vehicles and motorcycles",,,0.95,0.75,0.2,0.1,5 - Service and sales workers,52 - Sales workers,522 - Shop sales assistants and market salespersons / Other sales workers (sales occupations),,0.95,0.85,0.6,0.2,
25102,I - Accommodation and food service activities,55 - Accommodation,55.1 - Short term accommodation activities,55.10 - Hotels and similar accommodation,0.98,0.8,0.78,0.75,5 - Service and sales workers,51 - Personal service workers,512 - Cooks,,0.99,0.9,0.97,0.3,
25157,"R - Arts, entertainment and recreation","91 - Libraries, archives, museums and other cultural activities","910 - Libraries, archives, museums and other cultural activities",9101 - Library and archive activities,0.9,0.9,0.85,0.8,2 - Professionals,"26 - Legal, social and cultural professionals","262 - Archivists, librarians and curators (information professionals)",2622 - Librarians and related information professionals,0.95,0.9,0.9,0.9,
24954,C - Manufacturing,10 - Manufacture of food products,104 - Manufacture of vegetable and animal oils and fats,1040 - Manufacture of vegetable and animal oils and fats,0.95,0.95,0.8,0.7,8 - Plant and machine operators and assemblers,81 - Stationary plant and machine operators,813 - Machine operators in food and related products,8133 - Food and beverage production machine operators (including bottling/packaging machines),0.95,0.85,0.8,0.65,
24978,L - Real estate activities,68 - Real estate activities,68.2 - Renting and operating of own or leased real estate,68.20 - Renting and operating of own or leased real estate,0.7,0.7,0.6,0.6,4 - Clerical support workers,42 - Customer service clerks,422 - Client information clerks,4221 - Receptionists,0.95,0.92,0.9,0.95,
25010,G - Wholesale and retail trade; repair of motor vehicles and motorcycles,45 - Wholesale and retail trade and repair of motor vehicles and motorcycles,451 - Sale of motor vehicles,4510 - Sale of motor vehicles,0.95,0.95,0.95,0.95,5 - Service and sales workers,52 - Sales workers,522 - Shop sales assistants and workers,"5223 - Car, van and motorcycle salespersons",0.9,0.9,0.8,0.65,
25311,Q - Human health and social work activities,86 - Human health activities,861 - Hospital activities,8610 - Hospital activities,0.99,0.98,0.97,0.95,3 - Technicians and associate professionals,32 - Health associate professionals,321 - Medical and pharmaceutical technicians,,0.95,0.95,0.7,0.3,
24736,Q - Human health and social work activities,86 - Human health activities,869 - Other human health activities,8690 - Other human health activities,0.9,0.9,0.7,0.6,2 - Professionals,22 - Health professionals,226 - Other health professionals,2262 - Pharmacists,0.99,0.98,0.95,0.95,
24184,H - Transportation and storage,49 - Land transport and transport via pipelines,493 - Freight transport by road,4930 - Freight transport by road,0.98,0.96,0.95,0.92,8 - Plant and machine operators and assemblers,83 - Drivers and mobile-plant operators,833 - Heavy truck and bus drivers,8332 - Heavy truck and lorry drivers,0.99,0.96,0.94,0.85,
25395,P - Education,85 - Education,85.3 - Higher education,,0.99,0.99,0.95,0.35,1 - Managers,12 - Administrative and commercial managers,121 - Business services and administration managers,1212 - Human resource managers,0.99,0.92,0.9,0.9,
25248,B - Mining and quarrying,07 - Mining of metal ores,072 - Mining of non‑ferrous metal ores,0729 - Mining of other non‑ferrous metal ores,0.95,0.9,0.8,0.65,2 - Professionals,24 - Business and administration professionals,242 - Administration professionals,2423 - Human resources professionals,0.9,0.88,0.8,0.7,
24985,H - Transportation and storage,52 - Warehousing and support activities for transportation,522 - Support activities for transportation,5220 - Support activities for transportation,0.9,0.85,0.8,0.75,1 - Managers,12 - Administrative and commercial managers,121 - Business services and administration managers,1212 - Human resource managers,0.95,0.85,0.75,0.7,
25166,B - Mining and quarrying,07 - Mining of metal ores,072 - Mining of non‑ferrous metal ores,0729 - Mining of other non‑ferrous metal ores,0.99,0.98,0.9,0.75,3 - Technicians and associate professionals,,,,0.88,0.3,0.2,0.1,
25135,P - Education,85 - Education,853 - Higher education,8530 - Higher education,0.95,0.95,0.95,0.9,2 - Professionals,"26 - Legal, social and cultural professionals","262 - Librarians, archivists and curators",2621 - Librarians and related information professionals,0.95,0.92,0.92,0.9,
25255,B - Mining and quarrying,07 - Mining of metal ores,072 - Mining of non-ferrous metal ores,0729 - Mining of other non-ferrous metal ores,0.99,0.98,0.95,0.9,7 - Craft and related trades workers,74 - Electrical and electronic trades workers,741 - Electrical and electronic installers and repairers,7411 - Electricians,0.96,0.92,0.88,0.85,
25323,N - Administrative and support service activities,80 - Security and investigation activities,801 - Private security activities,8010 - Private security activities,0.9,0.9,0.85,0.85,3 - Technicians and associate professionals,35 - Information and communications technicians,351 - Information and communications technicians,3512 - ICT user support technicians,0.95,0.95,0.9,0.95,
24949,G - Wholesale and retail trade; repair of motor vehicles and motorcycles,"46 - Wholesale trade, except of motor vehicles and motorcycles","46.7 - Wholesale of other intermediate products, waste and scrap (incl. fuels)","46.71 - Wholesale of solid, liquid and gaseous fuels and related products",0.9,0.9,0.8,0.9,7 - Craft and related trades workers,"72 - Metal, machinery and related trades workers",723 - Motor vehicle and motorcycle mechanics and repairers (minor group),7231 - Motor vehicle mechanics and repairers,0.9,0.85,0.8,0.9,
24793,F - Construction,41 - Construction of buildings,412 - Construction of buildings,4120 - Construction of residential and non-residential buildings,0.95,0.9,0.85,0.8,4 - Clerical support workers,41 - General and keyboard clerks,411 - General office clerks,4110 - General office clerks,0.9,0.88,0.85,0.8,
25350,B - Mining and quarrying,07 - Mining of metal ores,072 - Mining of non-ferrous metal ores,0729 - Mining of other non-ferrous metal ores,0.95,0.95,0.92,0.9,2 - Professionals,21 - Science and engineering professionals,211 - Physical and earth science professionals,2112 - Geologists and geophysicists,0.98,0.95,0.9,0.88,
25072,H - Transportation and storage,49 - Land transport and transport via pipelines,494 - Freight transport by road,4941 - Freight transport by road,0.95,0.95,0.9,0.8,8 - Plant and machine operators and assemblers,83 - Drivers and mobile-plant operators,833 - Motor vehicle drivers,8332 - Heavy truck and lorry drivers,0.95,0.95,0.9,0.9,
25260,C - Manufacturing,10 - Manufacture of food products,108 - Manufacture of other food products,1089 - Manufacture of other food products n.e.c.,0.95,0.9,0.8,0.75,1 - Managers,12 - Administrative and commercial managers,122 - Sales and marketing managers,1221 - Sales and marketing managers,0.98,0.95,0.93,0.92,
25234,J - Information and communication,"62 - Computer programming, consultancy and related activities","620 - Computer programming, consultancy and related activities",6209 - Other information technology and computer service activities,0.95,0.9,0.88,0.75,1 - Managers,12 - Administrative and commercial managers,"122 - Sales, marketing and development managers",1221 - Sales and marketing managers,0.95,0.9,0.9,0.85,
24941,C - Manufacturing,21 - Manufacture of pharmaceutical products,210 - Manufacture of pharmaceutical preparations,2100 - Manufacture of pharmaceutical preparations,0.8,0.75,0.7,0.65,4 - Clerical support workers,43 - Numerical and material recording clerks,431 - Numerical and material recording clerks (incl. accounting/bookkeeping clerks),4311 - Book-keepers and accounting clerks,0.98,0.95,0.95,0.9,
25275,P - Education,85 - Education,854 - Higher education,8540 - Higher education,0.95,0.95,0.95,0.9,2 - Professionals,24 - Business and administration professionals,242 - Administration professionals,,0.9,0.85,0.7,0.3,
25113,C - Manufacturing,10 - Manufacture of food products,"106 - Manufacture of grain mill products, starches and starch products",1061 - Manufacture of grain mill products,0.95,0.95,0.9,0.9,3 - Technicians and associate professionals,31 - Science and engineering technicians,311 - Physical and engineering science technicians,3111 - Chemical and physical science technicians,0.95,0.9,0.85,0.85,
25339,I - Accommodation and food service activities,55 - Accommodation,551 - Short term accommodation activities,5510 - Hotels and similar accommodation,0.98,0.96,0.92,0.92,1 - Managers,"13 - Hospitality, retail and other services managers",132 - Accommodation and food service managers,1321 - Hotel managers,0.95,0.88,0.8,0.65,
25272,"M - Professional, scientific and technical activities",71 - Architectural and engineering activities; technical testing and analysis,71.1 - Architectural and engineering activities and related technical consultancy,71.12 - Engineering activities and related technical consultancy,0.6,0.55,0.5,0.45,3 - Technicians and associate professionals,31 - Science and engineering technicians,315 - Safety and quality inspectors and regulatory government associate professionals,3152 - Occupational health and safety inspectors,0.85,0.65,0.6,0.55,
24975,F - Construction,41 - Construction of buildings,412 - Construction of residential and non-residential buildings,4120 - Construction of buildings,0.85,0.75,0.6,0.45,3 - Technicians and associate professionals,31 - Physical and engineering science technicians,313 - Electrical engineering technicians,,0.8,0.8,0.85,0.3,
25374,F - Construction,43 - Specialized construction activities,439 - Other specialized construction activities,4390 - Other specialized construction activities n.e.c.,0.95,0.85,0.7,0.6,8 - Plant and machine operators and assemblers,81 - Stationary plant and machine operators,,,0.95,0.9,0.3,0.2,
25204,L - Real estate activities,68 - Real estate activities,682 - Renting and operating of own or leased real estate,6820 - Renting and operating of own or leased real estate,0.95,0.92,0.88,0.8,3 - Technicians and associate professionals,33 - Business and administration associate professionals,"332 - Sales, marketing and development associate professionals",3322 - Real estate agents and property managers,0.85,0.8,0.75,0.6,
25201,L - Real estate activities,68 - Real estate activities,68.3 - Real estate activities on a fee or contract basis,68.31 - Real estate agencies,0.95,0.95,0.9,0.9,3 - Technicians and associate professionals,33 - Business and administration associate professionals,"332 - Insurance, real estate and business services agents",3322 - Real estate agents and property managers,0.9,0.88,0.85,0.8,
25269,B - Mining and quarrying,07 - Mining of metal ores,072 - Mining of non-ferrous metal ores,0729 - Mining of non-ferrous metal ores n.e.c.,0.98,0.97,0.95,0.92,2 - Professionals,21 - Science and engineering professionals,214 - Engineering professionals,2143 - Electrical engineers,0.98,0.96,0.94,0.92,
25257,J - Information and communication,"62 - Computer programming, consultancy and related activities","620 - Computer programming, consultancy and related activities",6203 - Computer facilities management activities,0.95,0.9,0.85,0.8,2 - Professionals,25 - Information and communications technology professionals,252 - Database and network professionals,2522 - Systems administrators,0.9,0.9,0.85,0.8,
25032,S - Other service activities,94 - Activities of membership organizations,94.9 - Activities of other membership organizations,94.99 - Activities of other membership organizations n.e.c.,0.95,0.95,0.9,0.85,1 - Managers,"11 - Chief executives, senior officials and legislators",111 - Chief executives and senior officials,1110 - Chief executives,0.95,0.9,0.85,0.8,
25011,G - Wholesale and retail trade; repair of motor vehicles and motorcycles,45 - Wholesale and retail trade and repair of motor vehicles and motorcycles,452 - Maintenance and repair of motor vehicles,4520 - Maintenance and repair of motor vehicles,0.95,0.95,0.95,0.9,4 - Clerical support workers,42 - Customer services clerks,422 - Client information clerks / Contact centre and customer service clerks,4221 - Client information clerks (customer service/service desk roles),0.85,0.85,0.8,0.7,
25021,H - Transportation and storage,52 - Warehousing and support activities for transportation,522 - Support activities for transportation,5221 - Freight forwarding and related transport agency activities,0.95,0.9,0.9,0.8,1 - Managers,12 - Administrative and commercial managers,121 - Business services and administration managers,"1219 - Business services and administration managers, n.e.c.",0.98,0.9,0.85,0.6,
25108,F - Construction,42 - Civil engineering,42.2 - Construction of utility projects,"42.21 - Construction of utility projects for fluids (e.g., pipelines, storage facilities)",0.9,0.8,0.75,0.65,4 - Clerical support workers,41 - General and keyboard clerks,411 - General office clerks,4110 - General office clerks (includes document/records control tasks),0.95,0.85,0.75,0.65,
25385,I - Accommodation and food service activities,55 - Accommodation,551 - Short term accommodation activities,5510 - Hotels and similar accommodation,0.98,0.96,0.94,0.92,4 - Clerical support workers,42 - Customer services clerks,422 - Customer services clerks,4221 - Receptionists,0.86,0.84,0.82,0.75,
24801,H - Transportation and storage,52 - Warehousing and support activities for transportation,521 - Warehousing and storage,5210 - Warehousing and storage,0.95,0.92,0.88,0.82,1 - Managers,13 - Production and specialised services managers,"132 - Supply, distribution and related managers",1324 - Supply and distribution managers,0.95,0.8,0.78,0.65,
24255,H - Transportation and storage,51 - Air transport,511 - Passenger air transport,5110 - Passenger air transport,0.98,0.96,0.92,0.85,8 - Plant and machine operators and assemblers,83 - Drivers and mobile plant operators,,,0.98,0.95,0.25,0.1,
25190,B - Mining and quarrying,07 - Mining of metal ores,072 - Mining of non-ferrous metal ores,0729 - Mining of other non-ferrous metal ores,0.99,0.98,0.9,0.7,1 - Managers,13 - Production and specialised services managers,131 - Production managers,,0.9,0.85,0.7,0.2,
25109,"M - Professional, scientific and technical activities",71 - Architectural and engineering activities; technical testing and analysis,711 - Architectural and engineering activities and related technical consultancy,7110 - Architectural and engineering activities and related technical consultancy,0.9,0.95,0.95,0.95,2 - Professionals,21 - Science and engineering professionals,214 - Engineering professionals,2149 - Other engineering professionals,0.6,0.6,0.6,0.5,
25313,B - Mining and quarrying,07 - Mining of metal ores,072 - Mining of non‑ferrous metal ores,,0.98,0.95,0.85,0.3,7 - Craft and related trades workers,"72 - Metal, machinery and related trades workers",723 - Motor vehicle mechanics and repairers,7231 - Motor vehicle mechanics and repairers,0.97,0.88,0.9,0.8,
25318,P - Education,85 - Education,853 - Higher education,8530 - Higher education,0.85,0.9,0.9,0.75,1 - Managers,13 - Production and specialised services managers,133 - Information and communications technology service managers,1330 - Information and communications technology service managers,0.95,0.85,0.92,0.92,
24169,B - Mining and quarrying,07 - Mining of metal ores,072 - Mining of non-ferrous metal ores,0729 - Other non-ferrous metal ores,0.99,0.99,0.98,0.96,8 - Plant and machine operators and assemblers,83 - Drivers and mobile plant operators,,,0.95,0.85,0.3,0.25,
25007,F - Construction,42 - Civil engineering,421 - Construction of roads and railways,4210 - Construction of roads and railways,0.98,0.95,0.9,0.85,3 - Technicians and associate professionals,31 - Science and engineering technicians,315 - Safety and quality inspectors,3152 - Safety and occupational health inspectors (safety officers),0.85,0.8,0.85,0.8,
24359,B - Mining and quarrying,07 - Mining of metal ores,072 - Mining of non-ferrous metal ores,0729 - Mining of other non-ferrous metal ores,0.98,0.95,0.9,0.85,4 - Clerical support workers,43 - Material-recording and transport clerks,432 - Material-recording and transport clerks,4322 - Shipping and receiving clerks,0.9,0.85,0.82,0.78,
25221,B - Mining and quarrying,07 - Mining of metal ores,072 - Mining of non‑ferrous metal ores,0729 - Mining of other non‑ferrous metal ores,0.99,0.98,0.92,0.85,7 - Craft and related trades workers,"72 - Metal, machinery and related trades workers","723 - Metal, machinery and related trades workers (fitters/repairers)",,0.95,0.9,0.8,0.25,
25253,H - Transportation and storage,49 - Land transport and transport via pipelines,493 - Freight transport by road,49.30 - Freight transport by road,0.95,0.9,0.85,0.75,8 - Plant and machine operators and assemblers,83 - Drivers and mobile plant operators,833 - Heavy truck and bus drivers,8332 - Heavy truck and lorry drivers,0.95,0.9,0.85,0.8,
24881,B - Mining and quarrying,07 - Mining of metal ores,072 - Mining of non-ferrous metal ores,0729 - Mining of other non-ferrous metal ores,0.95,0.95,0.9,0.8,3 - Technicians and associate professionals,31 - Science and engineering technicians,"312 - Mining, manufacturing and construction supervisors",3121 - Mining supervisors,0.85,0.6,0.9,0.85,
24939,P - Education,85 - Education,854 - Higher education,8541 - Higher education,0.95,0.95,0.9,0.85,3 - Technicians and associate professionals,31 - Science and engineering technicians,311 - Physical and engineering science technicians,,0.95,0.9,0.6,0.25,
25267,N - Administrative and support service activities,78 - Employment activities,,,0.85,0.8,0.25,0.2,2 - Professionals,24 - Business and administration professionals,,,0.95,0.9,0.3,0.3,
25055,O - Public administration and defence; compulsory social security,84 - Public administration and defence; compulsory social security,841 - Public administration,8411 - General public administration activities,0.99,0.99,0.9,0.85,1 - Managers,12 - Administrative and commercial managers,121 - Business services and administration managers,,0.95,0.85,0.75,0.2,
24959,H - Transportation and storage,51 - Air transport,511 - Passenger air transport,5110 - Passenger air transport,0.95,0.95,0.9,0.9,3 - Technicians and associate professionals,31 - Physical and engineering science technicians,,,0.85,0.6,0.3,0.15,
25008,F - Construction,42 - Civil engineering,429 - Construction of other civil engineering projects,4290 - Construction of other civil engineering projects,0.95,0.93,0.85,0.8,3 - Technicians and associate professionals,33 - Business and administration associate professionals,"332 - Sales, marketing and related associate professionals / Sales and purchasing agents and brokers (procurement-related)",3322 - Purchasing and procurement clerks / Purchasing officers,0.9,0.85,0.72,0.6,
25241,B - Mining and quarrying,09 - Mining support service activities,099 - Support activities for other mining and quarrying,0990 - Support activities for other mining and quarrying,0.9,0.9,0.85,0.8,1 - Managers,13 - Specialist managers,"132 - Manufacturing, mining and construction managers",,0.85,0.75,0.7,0.3,
25326,B - Mining and quarrying,09 - Support activities for mining,099 - Support activities for other mining and quarrying,0990 - Support activities for other mining and quarrying n.e.c.,0.95,0.9,0.8,0.7,7 - Craft and related trades workers,"72 - Metal, machinery and related trades workers","723 - Metal, machinery and related trades workers (including fitters and mechanics)","7232 - Heavy vehicle, mobile plant and machinery mechanics and fitters (likely)",0.95,0.9,0.85,0.6,
25050,B - Mining and quarrying,07 - Mining of metal ores,072 - Mining of non-ferrous metal ores,0729 - Mining of other non-ferrous metal ores (includes gold mining),0.99,0.98,0.95,0.9,4 - Clerical support workers,41 - General and keyboard clerks (office clerks and related administrative support),411 - General office clerks,4110 - General office clerks / Contracts administration (closest matching unit group),0.9,0.85,0.7,0.6,
25360,K - Financial and insurance activities,"64 - Financial service activities, except insurance and pension funding","64.9 - Other financial service activities, except insurance and pension funding","64.99 - Other financial service activities, except insurance and pension funding n.e.c.",0.95,0.9,0.7,0.6,2 - Professionals,22 - Health professionals,226 - Other health professionals,2263 - Environmental and occupational health and hygiene professionals,0.9,0.9,0.85,0.95,
25249,S - Other service activities,94 - Activities of membership organisations,94.9 - Activities of other membership organisations,94.99 - Activities of other membership organisations n.e.c.,0.95,0.95,0.92,0.9,1 - Managers,12 - Administrative and commercial managers,121 - Business services and administration managers,1219 - Business services and administration managers not elsewhere classified,0.95,0.85,0.75,0.6,
25291,B - Mining and quarrying,07 - Mining of metal ores,072 - Mining of non‑ferrous metal ores,,1.0,0.99,0.95,0.3,2 - Professionals,21 - Science and engineering professionals,"215 - Architects, planners and surveyors",2153 - Surveyors,0.95,0.9,0.9,0.9,
25193,N - Administrative and support service activities,"82 - Office administrative, office support and other business support activities",821 - Office administrative and support activities,8211 - Combined office administrative service activities,0.9,0.9,0.85,0.75,4 - Clerical support workers,41 - General and keyboard clerks,411 - General office clerks,4110 - General office clerks,0.9,0.85,0.8,0.7,
24945,K - Financial and insurance activities,"64 - Financial service activities, except insurance and pension funding",641 - Monetary intermediation,6419 - Other monetary intermediation,0.98,0.98,0.95,0.9,2 - Professionals,24 - Business and administration professionals,242 - Management and organization analysts,2421 - Management and organization analysts,0.95,0.92,0.65,0.6,
25121,G - Wholesale and retail trade; repair of motor vehicles and motorcycles,45 - Wholesale and retail trade and repair of motor vehicles and motorcycles,452 - Maintenance and repair of motor vehicles,4520 - Maintenance and repair of motor vehicles,0.99,0.99,0.98,0.97,7 - Craft and related trades workers,"72 - Metal, machinery and related trades workers",723 - Motor vehicle mechanics and repairers,7231 - Motor vehicle mechanics and repairers,0.95,0.9,0.92,0.85,
24799,F - Construction,41 - Construction of buildings,412 - Construction of residential and non-residential buildings,4120 - Construction of buildings,0.95,0.9,0.85,0.8,4 - Clerical support workers,41 - General and keyboard clerks,411 - General office clerks,4110 - General office clerks,0.9,0.8,0.75,0.7,
25345,K - Financial and insurance activities,"64 - Financial service activities, except insurance and pension funding",64.1 - Monetary intermediation,64.19 - Other monetary intermediation,0.95,0.95,0.9,0.85,1 - Managers,"11 - Chief executives, senior officials and legislators",111 - Chief executives and senior officials,1110 - Chief executives and senior officials (e.g. COO),0.95,0.9,0.85,0.8,
24797,I - Accommodation and food service activities,56 - Food and beverage service activities,56.1 - Restaurants and mobile food service activities,56.10 - Restaurants and mobile food service activities,0.98,0.97,0.95,0.95,5 - Service and sales workers,51 - Personal service workers,,,0.95,0.8,0.2,0.1,
25268,B - Mining and quarrying,07 - Mining of metal ores,,,0.95,0.9,0.4,0.3,1 - Managers,13 - Production and specialized services managers,"132 - Manufacturing, mining and construction managers",1323 - Mining production managers,0.9,0.8,0.7,0.6,
25233,G - Wholesale and retail trade; repair of motor vehicles and motorcycles,,,,0.6,0.2,0.1,0.1,4 - Clerical support workers,43 - Numerical and material recording clerks,431 - Numerical and material recording clerks (accounting & records),4311 - Accounting clerks,0.98,0.96,0.92,0.9,
24602,B - Mining and quarrying,07 - Mining of metal ores,072 - Mining of non-ferrous metal ores,0729 - Mining of other non-ferrous metal ores,0.99,0.98,0.95,0.9,2 - Professionals,21 - Science and engineering professionals,"214 - Geologists, geophysicists and related professionals",,0.99,0.95,0.9,0.2,
25196,L - Real estate activities,68 - Real estate activities,68.3 - Real estate activities on a fee or contract basis,68.31 - Real estate agencies,0.95,0.92,0.88,0.82,5 - Service and sales workers,52 - Sales workers,524 - Other sales workers,,0.95,0.9,0.7,0.3,
24764,B - Mining and quarrying,07 - Mining of metal ores,072 - Mining of non‑ferrous metal ores,0720 - Mining of non‑ferrous metal ores,0.95,0.95,0.9,0.9,1 - Managers,12 - Administrative and commercial managers,,,0.95,0.85,0.4,0.2,
25119,B - Mining and quarrying,07 - Mining of metal ores,072 - Mining of non-ferrous metal ores,0729 - Mining of other non-ferrous metal ores,0.99,0.98,0.85,0.6,7 - Craft and related trades workers,"72 - Metal, machinery and related trades workers","723 - Other metal, machinery and related trades workers","7239 - Other metal, machinery and related trades workers",0.85,0.7,0.55,0.5,
25363,Q - Human health and social work activities,86 - Human health activities,861 - Hospital activities,8610 - Hospital activities,0.99,0.99,0.99,0.99,2 - Professionals,22 - Health professionals,222 - Nursing and midwifery professionals,,0.95,0.95,0.85,0.3,
25396,B - Mining and quarrying,07 - Mining of metal ores,072 - Mining of non‑ferrous metal ores,0722 - Mining of precious metal ores,0.95,0.9,0.85,0.7,8 - Plant and machine operators and assemblers,83 - Drivers and mobile plant operators,833 - Mobile plant operators,,0.95,0.9,0.85,0.3,
25065,G - Wholesale and retail trade; repair of motor vehicles and motorcycles,"46 - Wholesale trade, except of motor vehicles and motorcycles",465 - Wholesale of information and communication equipment,4651 - Wholesale of electronic and telecommunications equipment and parts,0.95,0.85,0.7,0.6,4 - Clerical support workers,43 - Numerical and material-recording clerks,432 - Material-recording and transport clerks,4321 - Stock clerks,0.9,0.85,0.85,0.8,
25046,H - Transportation and storage,52 - Warehousing and support activities for transportation,522 - Support activities for transportation,5220 - Support activities for transportation,0.99,0.95,0.92,0.88,3 - Technicians and associate professionals,33 - Science and engineering technicians and associate professionals (transport-related associate professionals),333 - Transport associate professionals,3339 - Other transport associate professionals,0.75,0.65,0.6,0.55,
25355,B - Mining and quarrying,07 - Mining of metal ores,072 - Mining of non-ferrous metal ores,0721 - Mining of gold ores,0.99,0.98,0.85,0.75,2 - Professionals,21 - Science and engineering professionals,214 - Engineering professionals,"2146 - Mining engineers, metallurgists and related professionals",0.97,0.93,0.95,0.9,
25064,G - Wholesale and retail trade; repair of motor vehicles and motorcycles,"46 - Wholesale trade, except of motor vehicles and motorcycles","466 - Wholesale of other machinery, equipment and supplies (approx.)",4669 - Wholesale of other machinery and equipment n.e.c. (approx.),0.75,0.7,0.45,0.3,1 - Managers,12 - Administrative and commercial managers,122 - Sales and marketing managers,1221 - Sales and marketing managers (Sales / Key Account / Relationship Manager),0.85,0.75,0.7,0.6,
25183,Q - Human health and social work activities,88 - Social work activities without accommodation,88.9 - Other social work activities without accommodation,88.99 - Other social work activities without accommodation n.e.c.,0.8,0.85,0.8,0.75,1 - Managers,12 - Administrative and commercial managers,121 - Business services and administration managers,1219 - Business services and administration managers n.e.c.,0.95,0.8,0.8,0.6,
24858,B - Mining and quarrying,07 - Mining of metal ores,072 - Mining of non-ferrous metal ores,,0.98,0.97,0.93,0.3,2 - Professionals,24 - Business and administration professionals,241 - Finance professionals,2411 - Accountants,0.85,0.9,0.82,0.75,
25189,B - Mining and quarrying,07 - Mining of metal ores,072 - Mining of non-ferrous metal ores,0729 - Mining of other non-ferrous metal ores,0.99,0.98,0.95,0.9,7 - Craft and related trades workers,71 - Building and related trades workers,712 - (Building) and related trades workers (incl. plumbing/pipework subgroups),7122 - Plumbers and pipe fitters (unit group),0.95,0.85,0.65,0.6,
25125,H - Transportation and storage,52 - Warehousing and support activities for transportation,522 - Support activities for transportation,5220 - Service activities incidental to transportation,0.95,0.88,0.82,0.75,1 - Managers,12 - Administrative and commercial managers,121 - Business services and administration managers,1212 - Human resource managers,0.99,0.9,0.88,0.8,
25205,G,47,47.5,,0.95,0.9,0.8,0.2,1,12,122,1221,0.95,0.9,0.9,0.85,
24993,Q - Human health and social work activities,88 - Social work activities without accommodation,889 - Other social work activities without accommodation,8890 - Other social work activities without accommodation,0.9,0.88,0.8,0.75,1 - Managers,,,,0.95,0.2,0.1,0.05,
24922,P - Education,85 - Education,853 - Higher education,8530 - Higher education,0.99,0.98,0.9,0.7,4 - Clerical support workers,41 - General and keyboard clerks,411 - General office clerks,4110 - General office clerks,0.94,0.8,0.7,0.6,
24973,F - Construction,42 - Civil engineering,429 - Construction of other civil engineering projects,4290 - Construction of other civil engineering projects (n.e.c.),0.95,0.9,0.7,0.65,8 - Plant and machine operators and assemblers,82 - Drivers and mobile plant operators,821 - Mobile plant operators,,0.95,0.9,0.75,0.2,
25016,G - Wholesale and retail trade; repair of motor vehicles and motorcycles,45 - Wholesale and retail trade and repair of motor vehicles and motorcycles,451 - Sale of motor vehicles,4510 - Sale of motor vehicles,0.95,0.95,0.9,0.9,5 - Service and sales workers,52 - Sales workers,522 - Shop sales assistants and demonstrators,5221 - Shop sales assistants,0.95,0.9,0.85,0.6,
25321,B - Mining and quarrying,07 - Mining of metal ores,072 - Mining of non‑ferrous metal ores,0729 - Mining of other non‑ferrous metal ores,0.99,0.98,0.95,0.85,2 - Professionals,22 - Health professionals,226 - Other health professionals,2263 - Environmental and occupational health and hygiene professionals,0.9,0.8,0.7,0.85,
25019,S - Other service activities,94 - Activities of membership organisations,94.9 - Activities of other membership organisations,94.99 - Activities of other membership organisations n.e.c.,0.9,0.85,0.8,0.75,1 - Managers,12 - Administrative and commercial managers,121 - Business services and administration managers,1211 - Finance managers,0.99,0.95,0.9,0.9,
25100,S - Other service activities,94 - Activities of membership organizations,949 - Activities of other membership organizations,9491 - Activities of religious organizations,0.95,0.9,0.85,0.85,2 - Professionals,"26 - Legal, social and cultural professionals",263 - Social and religious professionals,2635 - Religious professionals,0.85,0.8,0.8,0.7,
24794,N - Administrative and support service activities,"82 - Office administrative, office support and other business support activities",821 - Office administrative and support activities,8211 - Combined office administrative service activities,0.9,0.85,0.6,0.5,2 - Professionals,24 - Business and administration professionals,242 - Business and administration professionals,2423 - Personnel and careers professionals,0.95,0.9,0.9,0.95,
24825,B - Mining and quarrying,06 - Extraction of crude petroleum and natural gas,061 - Extraction of crude petroleum and natural gas,0610 - Extraction of crude petroleum and natural gas,0.98,0.95,0.9,0.85,3 - Technicians and associate professionals,31 - Science and engineering technicians,313 - Electrical and electronic engineering technicians,3133 - Electrical engineering technicians,0.95,0.9,0.85,0.7,
25246,B - Mining and quarrying,07 - Mining of metal ores,072 - Mining of non-ferrous metal ores,0729 - Mining of other non-ferrous metal ores,0.95,0.92,0.88,0.8,1 - Managers,13 - Production and specialised services managers,"132 - Manufacturing, mining, construction and distribution managers",1324 - Supply and distribution managers,0.9,0.7,0.6,0.5,
25069,H - Transportation and storage,52 - Warehousing and support activities for transportation,52.2 - Support activities for transportation,52.21 - Service activities incidental to land transportation,0.95,0.85,0.8,0.65,4 - Clerical support workers,41 - General and keyboard clerks,411 - General office clerks,4110 - General office clerks,0.9,0.85,0.75,0.7,
25202,B - Mining and quarrying,06 - Extraction of crude petroleum and natural gas,06.1 - Extraction of crude petroleum and natural gas,06.10 - Extraction of crude petroleum and natural gas,0.98,0.96,0.94,0.92,2 - Professionals,21 - Science and engineering professionals,214 - Engineering professionals,2149 - Other engineering professionals,0.95,0.9,0.85,0.65,
25312,C - Manufacturing,"25 - Manufacture of fabricated metal products, except machinery and equipment","251 - Manufacture of structural metal products, tanks, reservoirs and steam generators",2511 - Manufacture of structural metal products,0.7,0.9,0.85,0.8,8 - Plant and machine operators and assemblers,83 - Drivers and mobile-plant operators,"832 - Car, van and motorcycle drivers","8321 - Car, taxi and van drivers",0.95,0.95,0.95,0.9,
25122,S - Other service activities,95 - Repair of computers and personal and household goods,951 - Repair of computers and peripheral equipment,9511 - Repair of computers and peripheral equipment,0.85,0.9,0.7,0.6,4 - Clerical support workers,42 - Customer service clerks,422 - Client information clerks,4221 - Client information workers,0.9,0.8,0.75,0.7,
25231,B - Mining and quarrying,07 - Mining of metal ores,072 - Mining of non-ferrous metal ores,0729 - Mining of other non-ferrous metal ores (includes gold),0.99,0.98,0.92,0.8,1 - Managers,12 - Administrative and commercial managers,121 - Business services and administration managers,1212 - Human resource managers,0.98,0.92,0.9,0.88,
25250,S - Other service activities,94 - Activities of membership organisations,94.9 - Activities of other membership organisations,94.99 - Activities of other membership organisations n.e.c.,0.8,0.75,0.7,0.6,5 - Service and sales workers,54 - Protective services workers,541 - Protective services workers,5413 - Security guards and related workers,0.95,0.9,0.85,0.8,
24534,"M - Professional, scientific and technical activities",71 - Architectural and engineering activities; technical testing and analysis,711 - Architectural activities and related technical consultancy,7110 - Architectural activities,0.85,0.9,0.9,0.9,2 - Professionals,21 - Science and engineering professionals,"215 - Architects, town and traffic planners and surveyors",2151 - Architects,0.98,0.95,0.95,0.95,
25314,"M - Professional, scientific and technical activities",70 - Activities of head offices; management consultancy activities,702 - Management consultancy activities,7020 - Management consultancy activities,0.9,0.88,0.85,0.8,1 - Managers,12 - Administrative and commercial managers,121 - Business services and administration managers,"1219 - Business services and administration managers, n.e.c.",0.95,0.8,0.7,0.5,
25118,B - Mining and quarrying,07 - Mining of metal ores,072 - Mining of non-ferrous metal ores,0729 - Mining of other non-ferrous metal ores,0.98,0.96,0.92,0.75,3 - Technicians and associate professionals,31 - Physical and engineering science technicians,311 - Engineering technicians,3113 - Mechanical engineering technicians,0.9,0.88,0.8,0.72,
24956,S - Other service activities,94 - Activities of membership organisations,94.9 - Activities of other membership organisations,94.99 - Activities of other membership organisations n.e.c.,0.85,0.75,0.65,0.6,3 - Technicians and associate professionals,33 - Business and administration associate professionals,332 - Administrative associate professionals,,0.9,0.88,0.8,0.45,
25348,G - Wholesale and retail trade; repair of motor vehicles and motorcycles,"46 - Wholesale trade, except of motor vehicles and motorcycles","465 - Wholesale of machinery, equipment and supplies",,0.95,0.9,0.75,0.3,1 - Managers,13 - Production and specialised services managers,"132 - Manufacturing, mining, construction and distribution managers (incl. supply/distribution managers)",,0.95,0.6,0.55,0.2,
24980,Q - Human health and social work activities,88 - Social work activities without accommodation,88.9 - Other social work activities without accommodation,88.99 - Other social work activities without accommodation n.e.c.,0.75,0.85,0.8,0.75,2 - Professionals,"26 - Legal, social and cultural professionals",263 - Social and religious professionals,,0.9,0.8,0.75,0.3,
24835,K - Financial and insurance activities,"64 - Financial service activities, except insurance and pension funding",64.1 - Monetary intermediation,64.19 - Other monetary intermediation (commercial banking / digital banking),0.95,0.92,0.88,0.75,2 - Professionals,"26 - Legal, social and cultural professionals",261 - Legal professionals,2611 - Lawyers,0.99,0.95,0.94,0.9,
25088,"M - Professional, scientific and technical activities",72 - Scientific research and development,721 - Research and experimental development on natural sciences and engineering,7210 - Research and experimental development on natural sciences and engineering,0.85,0.9,0.9,0.85,2 - Professionals,22 - Health professionals,222 - Nursing and midwifery professionals,2221 - Nursing professionals,0.9,0.85,0.8,0.7,
24853,Q - Human health and social work activities,86 - Human health activities,869 - Other human health activities,8690 - Other human health activities,0.9,0.88,0.82,0.75,8 - Plant and machine operators and assemblers,83 - Drivers and mobile plant operators,"833 - Car, taxi and van drivers (drivers of motorized road vehicles transporting passengers and goods)","8332 - Car, taxi and van drivers",0.95,0.92,0.86,0.78,
25387,I - Accommodation and food service activities,55 - Accommodation,551 - Short-term accommodation activities,5510 - Hotels and similar accommodation (short-term accommodation activities),0.95,0.92,0.9,0.9,"6 - Skilled agricultural, forestry and fishery workers",61 - Market-oriented skilled agricultural workers,611 - Market gardeners and crop growers,6112 - Gardeners and horticultural workers,0.95,0.8,0.7,0.65,
24478,B - Mining and quarrying,07 - Mining of metal ores,,,0.98,0.95,0.3,0.2,1 - Managers,13 - Production and specialised services managers,"132 - Manufacturing, mining and construction managers",1322 - Mining production managers,0.95,0.85,0.8,0.7,
25042,B - Mining and quarrying,07 - Mining of metal ores,071 - Mining of metal ores,,0.98,0.96,0.85,0.2,1 - Managers,13 - Production and specialised services managers,134 - Other production and specialised services managers,,0.93,0.8,0.65,0.25,
25132,"R - Arts, entertainment and recreation","91 - Libraries, archives, museums and other cultural activities","910 - Libraries, archives, museums and other cultural activities",9101 - Library and archive activities,0.85,0.95,0.9,0.9,2 - Professionals,"26 - Legal, social and cultural professionals","262 - Archivists, librarians and curators",2622 - Librarians and related information professionals,0.95,0.9,0.9,0.95,
24981,B - Mining and quarrying,07 - Mining of metal ores,072 - Mining of non-ferrous metal ores,0729 - Mining of other non-ferrous metal ores,0.99,0.98,0.9,0.85,2 - Professionals,24 - Business and administration professionals,"242 - Administration professionals (personnel, training and development)",2423 - Training and staff development professionals,0.9,0.75,0.6,0.6,
24991,P - Education,85 - Education,85.3 - Higher education,85.31 - Higher education,0.99,0.98,0.95,0.9,2 - Professionals,23 - Teaching professionals,231 - University and higher education teachers,2310 - University and higher education teachers,0.99,0.95,0.95,0.9,
24840,C - Manufacturing,,,,0.9,0.2,0.2,0.2,3 - Technicians and associate professionals,,,,0.85,0.25,0.2,0.2,
24747,S - Other service activities,95 - Repair of computers and personal and household goods,951 - Repair of computers and peripheral equipment,9511 - Repair of computers and peripheral equipment,0.9,0.9,0.85,0.8,3 - Technicians and associate professionals,35 - Information and communications technicians,351 - Information and communications technicians,3512 - ICT user support technicians,0.95,0.95,0.95,0.9,
25279,C - Manufacturing,11 - Manufacture of beverages,110 - Manufacture of beverages,1105 - Manufacture of beer,0.98,0.97,0.96,0.95,8 - Plant and machine operators and assemblers,81 - Stationary plant and machine operators and assemblers,,,0.88,0.75,0.2,0.1,
25096,Q - Human health and social work activities,88 - Social work activities without accommodation,889 - Other social work activities without accommodation,8890 - Other social work activities without accommodation,0.9,0.9,0.85,0.8,4 - Clerical support workers,41 - General and keyboard clerks,,,0.85,0.7,0.3,0.2,
25037,B - Mining and quarrying,07 - Mining of metal ores,072 - Mining of non‑ferrous metal ores,0729 - Mining of other non‑ferrous metal ores,0.95,0.8,0.7,0.6,4 - Clerical support workers,43 - Numerical and material recording clerks,431 - Numerical and material recording clerks,,0.6,0.65,0.6,0.2,
24867,B - Mining and quarrying,07 - Mining of metal ores,072 - Mining of non-ferrous metal ores,0729 - Mining of other non-ferrous metal ores,1.0,0.98,0.85,0.7,5 - Service and sales workers,51 - Personal service workers,516 - Other personal service workers,5162 - Animal attendants and groomers / animal care workers (Kennel master),0.95,0.85,0.7,0.65,
25047,G - Wholesale and retail trade; repair of motor vehicles and motorcycles,45 - Wholesale and retail trade and repair of motor vehicles and motorcycles,453 - Wholesale and retail trade of motor vehicle parts and accessories,4530 - Sale of motor vehicle parts and accessories,0.98,0.97,0.95,0.92,1 - Managers,"14 - Hospitality, retail and other services managers",142 - Retail and wholesale trade managers,1422 - Wholesale and retail trade managers,0.95,0.9,0.92,0.85,
25264,F - Construction,43 - Specialised construction activities,439 - Other specialised construction activities,4390 - Other specialised construction activities n.e.c.,0.9,0.85,0.7,0.6,4 - Clerical support workers,43 - Numerical and material recording clerks,431 - Numerical clerks,4312 - Payroll clerks,0.95,0.9,0.85,0.75,
22683,H - Transportation and storage,51 - Air transport,511 - Passenger air transport,5110 - Passenger air transport,0.98,0.97,0.9,0.85,4 - Clerical support workers,43 - Numerical and material recording clerks,432 - Material-recording and transport clerks,4321 - Stock clerks and storekeepers,0.95,0.9,0.85,0.8,
20735,H - Transportation and storage,51 - Air transport,51.1 - Passenger air transport,51.10 - Passenger air transport,0.95,0.9,0.8,0.75,7 - Craft and related trades workers,"72 - Metal, machinery and related trades workers","723 - Motor vehicle, metal and machinery mechanics and repairers (broadly: machinery/vehicle repair)",7232 - Aircraft engine/mechanic and repairer (closest specific unit group),0.9,0.8,0.6,0.5,
25110,F - Construction,42 - Civil engineering,422 - Construction of utility projects,4220 - Construction of utility projects,0.9,0.85,0.8,0.75,7 - Craft and related trades workers,"72 - Metal, machinery and related trades workers",723 - Machinery mechanics and repairers,7231 - Motor vehicle mechanics and repairers,0.95,0.9,0.85,0.8,
25206,H - Transportation and storage,49 - Land transport and transport via pipelines,492 - Other land transport (including freight transport by road),4920 - Freight transport by road,0.95,0.92,0.9,0.88,1 - Managers,13 - Production and specialised services managers,"132 - Supply, distribution and related managers",1321 - Supply and distribution managers,0.95,0.8,0.75,0.65,
25382,L - Real estate activities,68 - Real estate activities,682 - Renting and operating of own or leased real estate,6820 - Renting and operating of own or leased real estate,0.95,0.95,0.9,0.9,7 - Craft and related trades workers,71 - Extraction and building trades workers,,,0.65,0.6,0.2,0.1,
25227,P - Education,85 - Education,853 - Higher education,"8530 - Higher education (tertiary education, e.g. universities, higher education institutions)",0.99,0.98,0.9,0.85,1 - Managers,13 - Education managers,134 - School education managers,1343 - School principals and administrators,0.95,0.85,0.85,0.9,
25083,C - Manufacturing,33 - Repair and installation of machinery and equipment,33.2 - Installation of industrial machinery and equipment,33.20 - Installation of industrial machinery and equipment,0.9,0.75,0.75,0.75,1 - Managers,13 - Production and specialised services managers,131 - Manufacturing managers,1311 - Manufacturing managers,0.95,0.9,0.88,0.88,
25335,H - Transportation and storage,51 - Air transport,511 - Passenger air transport,5110 - Passenger air transport,0.95,0.95,0.9,0.9,4 - Clerical support workers,43 - Numerical and material recording clerks,431 - Numerical clerks (bookkeeping / accounts clerks),4311 - Accounting and bookkeeping clerks (accounts payable/receivable clerks),0.99,0.9,0.85,0.8,
25023,S - Other service activities,94 - Activities of membership organisations,94.9 - Activities of other membership organisations,94.99 - Activities of other membership organisations n.e.c.,0.75,0.75,0.65,0.6,4 - Clerical support workers,43 - Numerical and material recording clerks,431 - Numerical and material recording clerks,,0.8,0.7,0.65,0.25,
25367,L - Real estate activities,68 - Real estate activities,68.2 - Renting and operating of own or leased real estate,68.20 - Renting and operating of own or leased real estate,0.9,0.9,0.85,0.8,1 - Managers,13 - Production and specialised services managers,"132 - Manufacturing, mining and construction managers (incl. Construction managers)",1321 - Construction managers,0.95,0.7,0.65,0.65,
24646,B - Mining and quarrying,07 - Mining of metal ores,072 - Mining of non-ferrous metal ores,0729 - Mining of other non-ferrous metal ores,1.0,0.98,0.9,0.6,7 - Craft and related trades workers,"72 - Metal, machinery and related trades workers",723 - Machinery mechanics and repairers (including vehicle and mobile plant mechanics),7232 - Heavy vehicle and mobile plant mechanics and repairers,0.95,0.9,0.85,0.75,
25341,G - Wholesale and retail trade; repair of motor vehicles and motorcycles,45 - Wholesale and retail trade and repair of motor vehicles and motorcycles,453 - Sale of motor vehicle parts and accessories,4530 - Sale and/or wholesale/retail of motor vehicle parts and accessories (incl. tyres),0.95,0.95,0.8,0.75,1 - Managers,12 - Administrative and commercial managers,121 - Business services and administration managers (incl. senior country/general managers),1219 - Other business services and administration managers (country/general manager type role),1.0,0.85,0.65,0.55,
24795,N - Administrative and support service activities,"82 - Office administrative, office support and other business support activities",821 - Office administrative and support activities,,0.95,0.9,0.85,0.3,1 - Managers,12 - Administrative and commercial managers,121 - Business services and administration managers,1212 - Human resource managers,0.9,0.85,0.8,0.6,
25340,G - Wholesale and retail trade; repair of motor vehicles and motorcycles,45 - Wholesale and retail trade and repair of motor vehicles and motorcycles,453 - Sale of motor vehicle parts and accessories,4530 - Sale of motor vehicle parts and accessories,0.9,0.88,0.85,0.8,1 - Managers,"11 - Chief executives, senior officials and legislators",112 - Managing directors and chief executives,1120 - Managing directors and chief executives,0.99,0.85,0.8,0.75,
25306,H - Transportation and storage,52 - Warehousing and support activities for transportation,522 - Support activities for transportation,5221 - Service activities incidental to water transportation,0.98,0.97,0.95,0.92,1 - Managers,"14 - Supply, distribution and related managers","142 - Supply, distribution and related managers (minor group)","1421 - Logistics, distribution and transport managers (unit group)",0.99,0.9,0.82,0.72,
24969,"A - Agriculture, forestry and fishing","01 - Crop and animal production, hunting and related service activities",015 - Mixed farming,0150 - Mixed farming,0.75,0.8,0.7,0.6,1 - Managers,12 - Administrative and commercial managers,121 - Business services and administration managers,,0.95,0.85,0.7,0.35,
25271,L - Real estate activities,68 - Real estate activities,683 - Real estate activities on a fee or contract basis,6832 - Management of real estate on a fee or contract basis,0.99,0.98,0.96,0.95,1 - Managers,12 - Administrative and commercial managers,122 - Administrative services managers,,0.98,0.9,0.7,0.3,
25041,O - Public administration and defence; compulsory social security,84 - Public administration and defence; compulsory social security,,,0.95,0.95,0.2,0.1,1 - Managers,"11 - Chief executives, senior officials and legislators",111 - Legislators and senior officials,,0.95,0.9,0.7,0.2,
25003,F - Construction,43 - Specialized construction activities,439 - Other specialized construction activities,4390 - Other specialized construction activities,0.95,0.8,0.6,0.5,3 - Technicians and associate professionals,31 - Science and engineering technicians,311 - Physical and engineering science technicians,,0.95,0.9,0.85,0.3,
25266,N - Administrative and support service activities,78 - Employment activities,781 - Activities of employment placement agencies,7810 - Activities of employment placement agencies,0.75,0.7,0.6,0.5,2 - Professionals,24 - Business and administration professionals,242 - Administration professionals,2423 - Human resource professionals,0.9,0.85,0.7,0.6,
25384,C - Manufacturing,10 - Manufacture of food products,107 - Manufacture of other food products,1079 - Manufacture of other food products n.e.c.,0.98,0.95,0.9,0.7,8 - Plant and machine operators and assemblers,83 - Drivers and mobile-plant operators,833 - Drivers and mobile-plant operators,8332 - Truck and bus drivers,0.98,0.95,0.9,0.7,
25240,B - Mining and quarrying,07 - Mining of metal ores,072 - Mining of non-ferrous metal ores,,0.98,0.95,0.9,0.3,3 - Technicians and associate professionals,35 - Information and communications technicians,351 - Computer network and systems technicians,3512 - Computer network and systems technicians,0.9,0.85,0.8,0.65,
25126,L - Real estate activities,68 - Real estate activities,681 - Real estate activities with own or leased property (group),6810 - Buying and selling of own real estate,0.85,0.7,0.55,0.4,4 - Clerical support workers,43 - Numerical and material recording clerks,431 - Accounting and bookkeeping clerks (minor group),4311 - Accounting and bookkeeping clerks (unit group; includes payroll clerks),0.95,0.9,0.7,0.6,
25063,G - Wholesale and retail trade; repair of motor vehicles and motorcycles,"46 - Wholesale trade, except of motor vehicles and motorcycles","463 - Wholesale of food, beverages and tobacco","4630 - Wholesale of food, beverages and tobacco",0.9,0.9,0.85,0.75,3 - Technicians and associate professionals,33 - Business and administration associate professionals,332 - Sales and purchasing agents and brokers (sales-related associate professionals),3322 - Commercial sales representatives,0.85,0.8,0.75,0.8,
25172,I - Accommodation and food service activities,55 - Accommodation,551 - Short-term accommodation activities,5510 - Hotels and similar accommodation,0.9,0.85,0.75,0.7,5 - Service and sales workers,52 - Sales workers,522 - Shop sales assistants and retail cashiers,5223 - Shop/retail supervisors (supervisors of shop sales staff),0.92,0.85,0.6,0.55,
25375,G - Wholesale and retail trade; repair of motor vehicles and motorcycles,"46 - Wholesale trade, except of motor vehicles and motorcycles",466 - Wholesale of machinery and equipment,4662 - Wholesale of construction machinery and mining and forestry machinery,0.8,0.8,0.8,0.7,2 - Professionals,22 - Health professionals,226 - Other health professionals,2263 - Environmental and occupational health professionals,0.8,0.7,0.6,0.65,
25164,B - Mining and quarrying,07 - Mining of metal ores,072 - Mining of non‑ferrous metal ores,0729 - Mining of other non‑ferrous metal ores,0.99,0.95,0.9,0.9,8 - Plant and machine operators and assemblers,81 - Stationary plant and machine operators,811 - Mining and mineral processing plant operators,,0.95,0.8,0.65,0.25,
24995,Q - Human health and social work activities,88 - Social work activities without accommodation,88.9 - Other social work activities without accommodation,88.99 - Other social work activities without accommodation (NGO/social services),0.85,0.9,0.85,0.8,4 - Clerical support workers,43 - Numerical and material recording clerks,"431 - Numerical and material recording clerks (bookkeepers, accounting clerks)",4311 - Bookkeepers and accounting clerks,0.8,0.78,0.78,0.85,
25347,Q - Human health and social work activities,88 - Social work activities without accommodation,88.9 - Other social work activities without accommodation,88.99 - Other social work activities without accommodation n.e.c.,0.9,0.85,0.8,0.75,2 - Professionals,"26 - Legal, social and cultural professionals",263 - Social and related professionals,,0.95,0.85,0.8,0.2,
25014,S - Other service activities,94 - Activities of membership organisations,94.9 - Activities of other membership organisations,94.99 - Activities of other membership organisations n.e.c.,0.8,0.82,0.8,0.75,3 - Technicians and associate professionals,33 - Business and administration associate professionals,332 - Accounting and bookkeeping associate professionals,3322 - Bookkeepers and accounting clerks,0.85,0.8,0.75,0.6,
25194,L - Real estate activities,68 - Real estate activities,681 - Real estate activities with own or leased property,6810 - Real estate activities with own or leased property,0.99,0.96,0.88,0.82,1 - Managers,12 - Administrative and commercial managers,"122 - Sales, marketing and development managers",,0.98,0.7,0.6,0.1,
25084,C - Manufacturing,33 - Repair and installation of machinery and equipment,"331 - Repair of fabricated metal products, machinery and equipment",3312 - Repair and maintenance of machinery (diesel engines / industrial/heavy equipment),0.85,0.85,0.8,0.6,7 - Craft and related trades workers,"72 - Metal, machinery and related trades workers","723 - Motor vehicle, heavy vehicle and machinery mechanics and repairers",7231 - Motor vehicle mechanics and repairers (includes diesel fitters / heavy equipment mechanics),0.95,0.9,0.85,0.7,
23366,H - Transportation and storage,52 - Warehousing and support activities for transportation,522 - Support activities for transportation,5229 - Other transportation support activities,0.95,0.92,0.88,0.75,4 - Clerical support workers,43 - Numerical and material recording clerks,431 - Numerical and material recording clerks,4312 - Material-recording and transport clerks,0.9,0.86,0.8,0.72,
25225,C - Manufacturing,23 - Manufacture of other non-metallic mineral products,239 - Manufacture of other non-metallic mineral products n.e.c.,2399 - Manufacture of other non-metallic mineral products n.e.c.,0.95,0.8,0.6,0.45,2 - Professionals,24 - Business and administration professionals,242 - Administration professionals,2423 - Human resource professionals,0.85,0.85,0.6,0.55,
24474,B - Mining and quarrying,07 - Mining of metal ores,072 - Mining of non-ferrous metal ores,0729 - Other non-ferrous metal ores,0.95,0.95,0.9,0.85,1 - Managers,,,,0.9,0.3,0.2,0.1,
25256,F - Construction,42 - Civil engineering,429 - Construction of other civil engineering projects,4290 - Construction of other civil engineering projects,0.98,0.9,0.75,0.65,2 - Professionals,24 - Business and administration professionals,241 - Finance and administration professionals,2411 - Accountants,0.99,0.96,0.9,0.9,
25082,F - Construction,43 - Specialized construction activities,"432 - Electrical, plumbing and other construction installation activities","4322 - Plumbing, heat and air-conditioning installation",0.95,0.95,0.92,0.9,1 - Managers,12 - Administrative and commercial managers,121 - Business services and administration managers,1219 - Business services and administration managers (n.e.c.),1.0,0.9,0.75,0.6,
24139,B - Mining and quarrying,07 - Mining of metal ores,072 - Mining of non‑ferrous metal ores,0729 - Mining of other non‑ferrous metal ores,0.99,0.98,0.95,0.85,3 - Technicians and associate professionals,31 - Science and engineering technicians,311 - Physical and engineering science technicians,3112 - Mining technicians,0.8,0.75,0.7,0.6,
25278,H - Transportation and storage,50 - Water transport,501 - Sea and coastal water transport,5010 - Sea and coastal water transport,0.95,0.85,0.8,0.75,3 - Technicians and associate professionals,31 - Physical and engineering science technicians,311 - Physical and engineering science technicians,3119 - Other physical and engineering science technicians (incl. safety-related technicians),0.85,0.6,0.5,0.3,
24951,S - Other service activities,94 - Activities of membership organisations,94.9 - Activities of other membership organisations,94.99 - Activities of other membership organisations n.e.c.,0.9,0.9,0.85,0.8,1 - Managers,13 - Specialized managers,134 - Other specialist managers,1345 - Social and community service managers,0.95,0.8,0.75,0.7,
24971,C - Manufacturing,"26 - Manufacture of computer, electronic and optical products",261 - Manufacture of electronic components,2610 - Manufacture of electronic components,0.75,0.7,0.6,0.55,4 - Clerical support workers,41 - Office clerks,411 - General office clerks,4110 - General office clerks,0.9,0.85,0.8,0.75,
25300,H - Transportation and storage,51 - Air transport,511 - Passenger air transport,51.10 - Passenger air transport,0.95,0.9,0.8,0.8,3 - Technicians and associate professionals,31 - Science and engineering associate professionals,311 - Physical and engineering science technicians,3112 - Mechanical engineering technicians,0.9,0.85,0.8,0.65,
24950,G - Wholesale and retail trade; repair of motor vehicles and motorcycles,"46 - Wholesale trade, except of motor vehicles and motorcycles","467 - Wholesale of solid, liquid and gaseous fuels and related products","4671 - Wholesale of solid, liquid and gaseous fuels and related products",0.95,0.95,0.9,0.9,5 - Service and sales workers,52 - Sales workers,522 - Shop sales assistants and street vendors,5221 - Shop sales assistants,0.95,0.9,0.85,0.75,
25359,G - Wholesale and retail trade; repair of motor vehicles and motorcycles,"47 - Retail trade, except of motor vehicles and motorcycles",,,0.9,0.85,0.2,0.1,5 - Service and sales workers,52 - Sales workers,522 - Shop sales assistants and demonstrators,5223 - Demonstrators and other sales workers,0.95,0.9,0.85,0.75,
24639,N - Administrative and support service activities,"82 - Office administrative, office support and other business support activities",,,0.75,0.8,0.3,0.2,3 - Technicians and associate professionals,33 - Business and administration associate professionals,334 - Administrative and executive secretaries,3341 - Administrative and executive secretaries,0.95,0.9,0.85,0.8,
25386,I - Accommodation and food service activities,55 - Accommodation,55.1 - Hotels and similar accommodation,55.10 - Hotels and similar accommodation,0.99,0.98,0.96,0.95,3 - Technicians and associate professionals,33 - Business and administration associate professionals,332 - Sales and marketing associate professionals,3322 - Commercial sales representatives,0.8,0.78,0.75,0.7,
25170,H - Transportation and storage,52 - Warehousing and support activities for transportation,522 - Support activities for transportation,5229 - Other transportation support activities,0.99,0.95,0.92,0.88,1 - Managers,13 - Production and specialised services managers,132 - Production and specialised services managers (minor group),"1324 - Supply, distribution and related managers",0.99,0.9,0.8,0.85,
25136,"R - Arts, entertainment and recreation","91 - Libraries, archives, museums and other cultural activities",910 - Library and archive activities,9102 - Library and archive activities,0.85,0.9,0.9,0.95,2 - Professionals,"26 - Legal, social and cultural professionals","263 - Archivists, librarians and related information professionals",2632 - Librarians and related information professionals,0.98,0.9,0.92,0.95,
24882,B - Mining and quarrying,07 - Mining of metal ores,072 - Mining of non-ferrous metal ores,0721 - Gold ore mining,0.95,0.95,0.92,0.9,7 - Craft and related trades workers,"72 - Metal, machinery and related trades workers",723 - Motor vehicle mechanics and repairers,7231 - Motor vehicle mechanics and repairers,0.95,0.9,0.9,0.85,
24601,J - Information and communication,"62 - Computer programming, consultancy and related activities","620 - Computer programming, consultancy and related activities",6203 - Computer facilities management activities,0.95,0.85,0.8,0.7,1 - Managers,15 - Information and communications technology managers,151 - Information and communications technology managers,1511 - Information and communications technology managers,0.95,0.9,0.88,0.8,
25188,C - Manufacturing,10 - Manufacture of food products,106 - Manufacture of grain mill products,1061 - Manufacture of grain mill products,1.0,0.98,0.95,0.9,3 - Technicians and associate professionals,31 - Science and engineering technicians,"312 - Mining, manufacturing and construction supervisors",3121 - Manufacturing supervisors,0.9,0.75,0.7,0.7,
25005,B - Mining and quarrying,07 - Mining of metal ores,,,0.99,0.95,0.4,0.2,1 - Managers,12 - Administrative and commercial managers,,,0.98,0.9,0.4,0.2,
25076,C - Manufacturing,10 - Manufacture of food products,,,0.95,0.9,0.25,0.2,3 - Technicians and associate professionals,35 - Information and communications technicians,351 - Information and communications technicians,3512 - Information and communications technology user support technicians,0.95,0.95,0.9,0.9,
24868,H - Transportation and storage,52 - Warehousing and support activities for transportation,52.1 - Warehousing and storage,52.10 - Warehousing and storage,0.95,0.9,0.85,0.8,1 - Managers,13 - Production and specialised services managers,,,0.99,0.7,0.25,0.1,
24537,F - Construction,43 - Specialized construction activities,439 - Other specialised construction activities,4390 - Other specialised construction activities n.e.c.,0.95,0.9,0.85,0.8,7 - Craft and related trades workers,71 - Building and related trades workers,711 - Building frame and related trades workers,7112 - Carpenters and joiners,0.95,0.9,0.85,0.9,
25283,C - Manufacturing,33 - Repair and installation of machinery and equipment,"331 - Repair of fabricated metal products, machinery and equipment",3314 - Repair of electronic and optical equipment,0.85,0.95,0.9,0.95,3 - Technicians and associate professionals,31 - Science and engineering technicians,311 - Physical and engineering science technicians,3113 - Electrical and electronics engineering technicians,0.95,0.9,0.85,0.9,
25338,G - Wholesale and retail trade; repair of motor vehicles and motorcycles,45 - Wholesale and retail trade and repair of motor vehicles and motorcycles,453 - Wholesale trade of motor vehicle parts and accessories,4530 - Wholesale trade of motor vehicle parts and accessories,0.95,0.9,0.8,0.7,1 - Managers,"11 - Chief executives, senior officials and legislators",112 - Managing directors and chief executives,1120 - Managing directors and chief executives,0.99,0.9,0.85,0.8,
25394,N - Administrative and support service activities,"82 - Office administrative, office support and other business support activities",829 - Other business support service activities,82990 - Other business support service activities n.e.c.,0.75,0.7,0.6,0.55,5 - Service and sales workers,52 - Shop sales assistants and market salespersons,522 - Shop sales assistants,5223 - Merchandiser / Shop shelf stocker (unit group),0.95,0.9,0.85,0.6,
24966,K - Financial and insurance activities,"64 - Financial service activities, except insurance and pension funding",64.1 - Monetary intermediation,64.19 - Other monetary intermediation,0.95,0.92,0.88,0.85,1 - Managers,"11 - Chief executives, senior officials and legislators","111 - Chief executives, senior officials and legislators (board-level)",,0.98,0.9,0.7,0.25,
25392,K - Financial and insurance activities,"64 - Financial service activities, except insurance and pension funding",64.1 - Monetary intermediation,64.19 - Other monetary intermediation (includes commercial/development banking),0.98,0.95,0.9,0.85,1 - Managers,12 - Administrative and commercial managers,121 - Business services and administration managers,1212 - Human resource managers,0.99,0.95,0.9,0.95,
24737,B - Mining and quarrying,07 - Mining of metal ores,072 - Mining of metal ores,0729 - Mining of other non-ferrous metal ores,0.99,0.99,0.98,0.95,2 - Professionals,21 - Science and engineering professionals,214 - Engineering professionals,2146 - Mining engineers (and related professionals),0.99,0.95,0.95,0.85,
25309,P - Education,85 - Education,853 - Higher education,8530 - Higher education,0.99,0.99,0.98,0.95,2 - Professionals,23 - Teaching professionals,231 - University and higher education teachers,2310 - University and higher education teachers,0.99,0.98,0.97,0.95,
24983,H - Transportation and storage,52 - Warehousing and support activities for transportation,522 - Support activities for transportation,5221 - Freight forwarding,0.85,0.75,0.7,0.6,3 - Technicians and associate professionals,35 - Information and communications technicians,351 - Information and communications technicians,3511 - Computer network and systems technicians,0.98,0.9,0.85,0.75,
24700,F - Construction,41 - Construction of buildings,412 - Construction of residential and non-residential buildings,4120 - Construction of residential and non-residential buildings,0.99,0.92,0.86,0.8,1 - Managers,13 - Production and specialised services managers,"133 - Manufacturing, mining and construction managers",1331 - Construction managers,0.85,0.82,0.8,0.78,
25324,P - Education,85 - Education,85.3 - Higher education,85.31 - University higher education (Higher education),0.98,0.98,0.95,0.8,1 - Managers,12 - Administrative and commercial managers,"122 - Sales, marketing and development managers",1221 - Sales and marketing managers (Marketing Manager),1.0,0.98,0.95,0.85,
24189,H - Transportation and storage,52 - Warehousing and support activities for transportation,522 - Support activities for transportation,,0.95,0.9,0.75,0.3,1 - Managers,13 - Production and specialised services managers,134 - Other services managers,,0.85,0.6,0.5,0.3,
25185,N - Administrative and support service activities,81 - Services to buildings and landscape activities,81.1 - Combined facilities support activities,81.10 - Combined facilities support activities,0.9,0.9,0.85,0.8,1 - Managers,"13 - Hospitality, retail and other services managers",133 - Other services managers,1330 - Other services managers,0.95,0.85,0.8,0.65,
25383,K - Financial and insurance activities,"64 - Financial service activities, except insurance and pension funding","64.9 - Other financial service activities, except insurance and pension funding","64.99 - Other financial service activities, except insurance and pension funding n.e.c.",0.95,0.93,0.75,0.6,4 - Clerical support workers,41 - General and keyboard clerks (office clerks),411 - General office clerks,4110 - General office clerks,0.9,0.8,0.75,0.6,
25289,B - Mining and quarrying,07 - Mining of metal ores,072 - Mining of non-ferrous metal ores,0720 - Mining of non-ferrous metal ores,0.99,0.98,0.92,0.9,2 - Professionals,21 - Science and engineering professionals,214 - Engineering professionals,2141 - Civil engineers,0.95,0.9,0.85,0.7,
25039,U - Activities of extraterritorial organisations and bodies,99 - Activities of extraterritorial organisations and bodies,99.0 - Activities of extraterritorial organisations and bodies,99.00 - Activities of extraterritorial organisations and bodies,0.95,0.93,0.9,0.9,2 - Professionals,24 - Business and administration professionals,242 - Administration professionals,2421 - Management and organisation analysts,0.9,0.85,0.78,0.7,
25391,Q - Human health and social work activities,86 - Human health activities,869 - Other human health activities,8690 - Other human health activities,0.95,0.9,0.85,0.8,2 - Professionals,22 - Health professionals,226 - Pharmacists (and may include pharmaceutical specialists),2261 - Pharmacists,0.75,0.75,0.7,0.65,
24919,B - Mining and quarrying,07 - Mining of metal ores,,,0.95,0.9,0.3,0.2,2 - Professionals,24 - Business and administration professionals,,,0.95,0.9,0.3,0.2,
25304,F - Construction,43 - Specialized construction activities,43.3 - Building completion and finishing,4330 - Building completion and finishing (includes joinery/wood finishing on site),0.98,0.9,0.88,0.75,7 - Craft and related trades workers,71 - Building and related trades workers,711 - Building frame and related trades workers,7112 - Carpenters and joiners,0.99,0.95,0.9,0.9,
25352,K - Financial and insurance activities,"64 - Financial service activities, except insurance and pension funding",641 - Monetary intermediation,6419 - Other monetary intermediation (including commercial banking activities),0.99,0.95,0.88,0.75,1 - Managers,12 - Administrative and commercial managers,121 - Business services and administration managers,1211 - Finance managers,0.99,0.9,0.85,0.7,
25390,Q - Human health and social work activities,88 - Social work activities without accommodation,88.1 - Social work activities without accommodation,88.10 - Social work activities without accommodation,0.9,0.9,0.85,0.8,2 - Professionals,"26 - Legal, social and cultural professionals",263 - Social and religious professionals,2631 - Social work professionals,0.95,0.9,0.85,0.75,
25117,J - Information and communication,"62 - Computer programming, consultancy and related activities","62.0 - Computer programming, consultancy and related activities",62.03 - Computer facilities management activities,0.9,0.88,0.8,0.7,3 - Technicians and associate professionals,35 - Information and communications technicians,351 - Information and communications technicians,3511 - ICT operations and user support technicians,0.95,0.92,0.88,0.9,
24888,P - Education,85 - Education,854 - Other education,8540 - Other education n.e.c.,0.95,0.95,0.7,0.6,2 - Professionals,24 - Business and administration professionals,242 - Administration professionals (management and organization analysts),2421 - Management and organization analysts,0.85,0.75,0.6,0.55,
24942,H - Transportation and storage,52 - Warehousing and support activities for transportation,522 - Support activities for transportation,5220 - Service activities incidental to transportation,0.95,0.9,0.8,0.7,2 - Professionals,25 - Information and communications technology professionals,251 - Software and applications developers and analysts,2511 - Systems analysts,0.95,0.9,0.8,0.7,
25295,S - Other service activities,94 - Activities of membership organisations,94.9 - Activities of other membership organisations,94.99 - Activities of other membership organisations n.e.c.,0.95,0.9,0.75,0.65,4 - Clerical support workers,,,,0.8,0.3,0.2,0.1,
25187,Q - Human health and social work activities,86 - Human health activities,869 - Other human health activities,8690 - Other human health activities,0.95,0.9,0.85,0.8,1 - Managers,12 - Administrative and commercial managers,121 - Business services and administration managers,1213 - Administration managers,0.95,0.8,0.75,0.6,
25052,O - Public administration and defence; compulsory social security,84 - Public administration and defence; compulsory social security,841 - Administration of the State and the economic and social policy of the community,"8411 - Executive and legislative organs, and financial and fiscal affairs",0.95,0.9,0.85,0.7,1 - Managers,"11 - Chief executives, senior officials and legislators",111 - Legislators and senior officials (senior public administration managers),"1112 - Senior government officials (e.g., provincial deputy/assistant administrators)",0.95,0.9,0.75,0.5,
25372,H - Transportation and storage,52 - Warehousing and support activities for transportation,522 - Support activities for transportation,5224 - Customs clearance and brokerage activities,0.95,0.9,0.85,0.7,1 - Managers,13 - Production and specialised services managers,"132 - Manufacturing, mining, construction and distribution managers","1323 - Supply, distribution and related managers",0.98,0.7,0.6,0.6,
25393,H - Transportation and storage,52 - Warehousing and support activities for transportation,521 - Warehousing and storage,5210 - Warehousing and storage,0.98,0.95,0.9,0.85,4 - Clerical support workers,43 - Numerical and material recording clerks,432 - Material-recording clerks (stock/warehouse clerks),4321 - Stock clerks and material-recording clerks (warehouse clerks),0.95,0.9,0.8,0.75,
25178,B - Mining and quarrying,06 - Extraction of crude petroleum and natural gas,061 - Extraction of crude petroleum and natural gas,0610 - Extraction of crude petroleum and natural gas,0.9,0.92,0.88,0.85,1 - Managers,12 - Administrative and commercial managers,121 - Business services and administration managers,1211 - Finance managers,0.9,0.85,0.8,0.75,
25181,F - Construction,43 - Specialised construction activities,439 - Other specialised construction activities,4390 - Other specialised construction activities not elsewhere classified,0.95,0.85,0.7,0.6,7 - Craft and related trades workers,"72 - Metal, machinery and related trades workers","721 - Metal structure, shipbuilding and related trades workers (incl. welders)",7212 - Welders and flame cutters,0.95,0.88,0.82,0.75,
25302,F - Construction,41 - Construction of buildings,412 - Construction of residential and non-residential buildings,4120 - Construction of residential and non-residential buildings,0.9,0.85,0.75,0.75,7 - Craft and related trades workers,"72 - Metal, machinery and related trades workers",723 - Motor vehicle and motorcycle mechanics and repairers,7231 - Motor vehicle mechanics and repairers,0.95,0.9,0.9,0.9,
24929,B - Mining and quarrying,07 - Mining of metal ores,072 - Mining of non-ferrous metal ores,0729 - Mining of other non‑ferrous metal ores (incl. gold mining),0.99,0.95,0.9,0.6,1 - Managers,12 - Administrative and commercial managers,121 - Business services and administration managers,"1219 - Business services and administration managers not elsewhere classified (e.g., Contracts/Commercial Team Lead)",0.98,0.9,0.85,0.6,
25238,B - Mining and quarrying,07 - Mining of metal ores,072 - Mining of non-ferrous metal ores,0729 - Mining of other non-ferrous metal ores,0.99,0.98,0.92,0.85,4 - Clerical support workers,43 - Numerical and material recording clerks,432 - Material-recording and transport clerks,4321 - Stock clerks and order fillers,0.95,0.9,0.88,0.8,
24979,F - Construction,43 - Specialized construction activities,431 - Demolition and site preparation,4312 - Site preparation,0.95,0.7,0.6,0.5,7 - Craft and related trades workers,"72 - Metal, machinery and related trades workers","723 - Motor vehicle, vehicle and heavy machinery mechanics and repairers",7232 - Heavy vehicle and mobile-equipment mechanics and repairers,0.95,0.85,0.65,0.5,
25000,K - Financial and insurance activities,"64 - Financial service activities, except insurance and pension funding",64.1 - Monetary intermediation,"64.12 - Other monetary intermediation (e.g., commercial banking, credit institutions)",0.98,0.97,0.92,0.88,1 - Managers,"11 - Chief executives, senior officials and legislators",111 - Chief executives and senior officials,"1110 - Chief executives and senior officials (e.g., managing directors, chief executive officers, senior executive officers)",0.98,0.95,0.9,0.7,
24933,P - Education,85 - Education,,,0.95,0.95,0.3,0.1,1 - Managers,12 - Administrative and commercial managers,,,0.95,0.8,0.3,0.1,
25288,C - Manufacturing,10 - Manufacture of food products,"106 - Manufacture of grain mill products, starches and starch products",1061 - Manufacture of grain mill products,0.9,0.88,0.8,0.7,9 - Elementary occupations,91 - Cleaners and helpers,"911 - Cleaners and helpers in offices, hotels and other establishments",9112 - Office cleaners,0.98,0.96,0.93,0.88,
25182,F - Construction,41 - Construction of buildings,412 - Construction of residential and non-residential buildings,4120 - Construction of residential and non-residential buildings,0.95,0.9,0.85,0.8,3 - Technicians and associate professionals,31 - Science and engineering associate professionals,312 - Civil engineering technicians,,0.95,0.9,0.7,0.2,
25305,F - Construction,43 - Specialized construction activities,433 - Building completion and finishing,4330 - Building completion and finishing,0.98,0.95,0.9,0.85,7 - Craft and related trades workers,"71 - Building and related trades workers, excluding electricians",712 - Building finishers and related trades workers,,0.98,0.95,0.9,0.2,
24796,H - Transportation and storage,52 - Warehousing and support activities for transportation,522 - Support activities for transportation,5221 - Service activities incidental to land transportation,0.9,0.8,0.8,0.7,1 - Managers,13 - Production and specialised services managers,"132 - Manufacturing, mining, construction and distribution managers","1324 - Supply, distribution and related managers",0.85,0.6,0.6,0.55,
24188,H - Transportation and storage,49 - Land transport and transport via pipelines,,,0.98,0.9,0.3,0.2,8 - Plant and machine operators and assemblers,83 - Drivers and mobile plant operators,833 - Heavy truck and bus drivers (likely),8332 - Heavy truck and lorry drivers (probable unit group),0.95,0.92,0.85,0.7,
25379,C - Manufacturing,10 - Manufacture of food products,"106 - Manufacture of grain mill products, starches and starch products",1061 - Manufacture of grain mill products,0.98,0.95,0.92,0.9,1 - Managers,13 - Production and specialized services managers,132 - Manufacturing managers / Production supervisors (manufacturing),1322 - Manufacturing supervisors (first-line production supervisors),0.95,0.93,0.85,0.7,
25184,F - Construction,43 - Specialized construction activities,"43.2 - Plumbing, heat and air-conditioning installation","43.22 - Plumbing, heat and air-conditioning installation",0.95,0.95,0.95,0.9,7 - Craft and related trades workers,"72 - Metal, machinery and related trades workers",723 - Machinery mechanics and fitters,7232 - Refrigeration and air-conditioning mechanics and fitters,0.98,0.75,0.7,0.65,
25331,"M - Professional, scientific and technical activities","74 - Other professional, scientific and technical activities",741 - Specialised design activities,7410 - Specialised design activities,0.95,0.92,0.9,0.95,2 - Professionals,21 - Science and engineering professionals,"216 - Architects, town planners, surveyors and designers (architectural and engineering professionals)",2166 - Graphic and multimedia designers,0.95,0.75,0.7,0.9,
23356,N - Administrative and support service activities,78 - Employment activities,783 - Human resources provision and management of human resources functions,7830 - Human resources provision and management of human resources functions,0.7,0.65,0.6,0.5,1 - Managers,12 - Administrative and commercial managers,121 - Business services and administration managers,,0.95,0.9,0.9,0.2,
24988,B - Mining and quarrying,07 - Mining of metal ores,072 - Mining of non-ferrous metal ores,0729 - Mining of other non-ferrous metal ores,0.99,0.98,0.92,0.88,8 - Plant and machine operators and assemblers,81 - Stationary plant and machine operators,,,0.9,0.8,0.2,0.1,
24967,P - Education,85 - Education,853 - Higher education,8530 - Higher education,0.99,0.99,0.97,0.95,1 - Managers,13 - Production and specialised services managers,134 - Education managers,1342 - Education managers,0.98,0.75,0.8,0.85,
25173,K - Financial and insurance activities,"64 - Financial service activities, except insurance and pension funding",641 - Monetary intermediation,64.19 - Other monetary intermediation (activities of commercial banks),0.98,0.96,0.92,0.9,1 - Managers,12 - Administrative and commercial managers,121 - Business services and administration managers,1211 - Finance managers,0.99,0.92,0.88,0.75,
25158,"R - Arts, entertainment and recreation","91 - Libraries, archives, museums and other cultural activities","910 - Libraries, archives, museums and other cultural activities",9102 - Library and archives activities,0.9,0.92,0.88,0.8,2 - Professionals,"26 - Legal, social and cultural professionals","263 - Archivists, Librarians and Curators (information/cultural professionals)",2632 - Librarians and related information professionals,0.95,0.92,0.88,0.82,
25169,S - Other service activities,94 - Activities of membership organisations,94.9 - Activities of other membership organisations,94.99 - Activities of other membership organisations n.e.c.,0.9,0.85,0.75,0.7,2 - Professionals,24 - Business and administration professionals,242 - Management and organisation analysts,2421 - Management and organisation analysts,0.9,0.8,0.7,0.65,
25154,P - Education,85 - Education,85.4 - Higher education,85.41 - Higher education (University level activities),0.95,0.95,0.9,0.8,2 - Professionals,"24 - Business, administration and law professionals (sub-major: 24)","243 - Archivists, librarians and related information professionals",2432 - Librarians and related information professionals,0.9,0.7,0.9,0.9,
25053,O - Public administration and defence; compulsory social security,84 - Public administration and defence; compulsory social security,841 - Administration of the state and the economic and social policy of the community,8410 - Administration of the State (public administration activities at provincial/regional level),0.95,0.9,0.85,0.65,1 - Managers,"11 - Chief executives, senior officials and legislators",111 - Legislators and senior officials (senior government officials),1110 - Legislators and senior officials / Senior government officials,0.95,0.9,0.85,0.7,
24016,H - Transportation and storage,52 - Warehousing and support activities for transportation,522 - Support activities for transportation,5220 - Support activities for transportation,0.95,0.9,0.85,0.8,8 - Plant and machine operators and assemblers,83 - Drivers and mobile-plant operators,833 - Drivers and mobile-plant operators (incl. apron/ground vehicle operators),8339 - Other drivers and mobile-plant operators,0.6,0.6,0.5,0.4,
25218,P - Education,85 - Education,853 - Higher education,8530 - Higher education (university education/administration),0.95,0.9,0.85,0.7,1 - Managers,13 - Business and administration managers,132 - Administrative services managers,1321 - Administrative services managers (team/quality assurance lead),0.95,0.75,0.6,0.45,
24921,B - Mining and quarrying,07 - Mining of metal ores,072 - Mining of non-ferrous metal ores,0729 - Mining of other non-ferrous metal ores,0.98,0.96,0.9,0.75,4 - Clerical support workers,41 - General and keyboard clerks,411 - General office clerks,4110 - General office clerks,0.95,0.9,0.85,0.75,
24660,H - Transportation and storage,51 - Air transport,511 - Passenger air transport,5110 - Passenger air transport,0.95,0.95,0.95,0.9,3 - Technicians and associate professionals,31 - Science and engineering technicians,315 - Ship and aircraft controllers and technicians,3152 - Air traffic controllers and related associate professionals,0.9,0.5,0.85,0.6,
25230,G - Wholesale and retail trade; repair of motor vehicles and motorcycles,"46 - Wholesale trade, except of motor vehicles and motorcycles",,,0.8,0.6,0.3,0.2,2 - Professionals,24 - Business and administration professionals,,,0.95,0.9,0.4,0.2,
25123,C - Manufacturing,11 - Manufacture of beverages,110 - Manufacture of beverages,1104 - Manufacture of beer,0.99,0.95,0.95,0.9,3 - Technicians and associate professionals,31 - Science and engineering technicians,311 - Physical and engineering science technicians,3113 - Mechanical engineering technicians,0.95,0.9,0.75,0.6,
24953,N - Administrative and support service activities,70 - Activities of head offices; management consultancy activities,701 - Activities of head offices,7010 - Activities of head offices,0.75,0.75,0.7,0.65,1 - Managers,12 - Administrative and commercial managers,121 - Business services and administration managers,1219 - Business services and administration managers not elsewhere classified,0.99,0.9,0.85,0.6,
25044,O - Public administration and defence; compulsory social security,84 - Public administration and defence; compulsory social security,841 - Administration of the State and the economic and social policy of the community,8411 - Executive and legislative organs; general public administration (central government activities / public administration),0.95,0.95,0.85,0.7,1 - Managers,"11 - Chief executives, senior officials and legislators",112 - Managing directors and chief executives,1120 - Managing directors and chief executives,0.95,0.9,0.85,0.8,
25337,B - Mining and quarrying,07 - Mining of metal ores,072 - Mining of non-ferrous metal ores,0729 - Mining of other non-ferrous metal ores,0.99,0.98,0.95,0.9,1 - Managers,13 - Production and specialised services managers,"132 - Manufacturing, mining and construction managers (minor group)",,0.9,0.85,0.8,0.3,
25290,B - Mining and quarrying,07 - Mining of metal ores,072 - Mining of non-ferrous metal ores,0729 - Mining of other non-ferrous metal ores,0.98,0.95,0.8,0.6,2 - Professionals,24 - Business and administration professionals,"243 - Advertising, marketing and public relations professionals",2433 - Public relations professionals,0.9,0.9,0.8,0.7,
25165,B - Mining and quarrying,09 - Support activities for mining and quarrying,099 - Support activities for other mining and quarrying,0990 - Support activities for other mining and quarrying,0.95,0.95,0.9,0.85,8 - Plant and machine operators and assemblers,83 - Drivers and mobile-plant operators,831 - Drivers and mobile-plant operators,"8312 - Earth drillers and borers (drillers, core and exploration rig operators)",0.9,0.8,0.75,0.6,
24924,H - Transportation and storage,52 - Warehousing and support activities for transportation,52.2 - Support activities for transportation,,0.9,0.85,0.8,0.2,2 - Professionals,21 - Science and engineering professionals,213 - Environmental and occupational health professionals,,0.95,0.7,0.65,0.25,
24870,B - Mining and quarrying,09 - Support activities for mining and quarrying,099 - Support activities for other mining and quarrying,0990 - Support activities for other mining and quarrying,0.98,0.95,0.9,0.85,7 - Craft and related trades workers,"72 - Metal, machinery and related trades workers",723 - Machinery mechanics and repairers,7232 - Machinery mechanics and repairers / fitters (closest match),0.9,0.85,0.7,0.55,
25344,H - Transportation and storage,53 - Postal and courier activities,532 - Courier activities,5320 - Courier activities,0.95,0.9,0.85,0.8,1 - Managers,13 - Production and specialised services managers,132 - Production and specialised services managers (incl. logistics/ distribution managers),"1323 - Supply, distribution and related managers (branch/operations level)",0.98,0.7,0.65,0.6,
25114,G - Wholesale and retail trade; repair of motor vehicles and motorcycles,"46 - Wholesale trade, except of motor vehicles and motorcycles",467 - Wholesale of other goods,"4676 - Wholesale of solid, liquid and gaseous fuels and related products",0.95,0.92,0.88,0.9,1 - Managers,"14 - Hospitality, retail and other services managers",142 - Retail and wholesale trade managers,1421 - Managers in wholesale and retail trade (depot/warehouse/branch managers),0.95,0.85,0.8,0.7,
25104,I - Accommodation and food service activities,55 - Accommodation,551 - Hotels and similar accommodation,5510 - Hotels and similar accommodation,0.95,0.95,0.9,0.9,5 - Service and sales workers,51 - Personal service workers,512 - Cooks,5120 - Cooks,0.95,0.9,0.9,0.9,
24877,F - Construction,42 - Civil engineering,421 - Construction of roads and railways,4210 - Construction of roads and railways,0.95,0.9,0.8,0.7,8 - Plant and machine operators and assemblers,83 - Drivers and mobile plant operators,,,0.95,0.9,0.2,0.1,
25366,C - Manufacturing,10 - Manufacture of food products,107 - Manufacture of bakery products and farinaceous products,1071 - Manufacture of bread; manufacture of fresh pastry goods and cakes,0.95,0.95,0.9,0.9,1 - Managers,13 - Production and specialised services managers,131 - Manufacturing managers,,0.9,0.85,0.65,0.3,
25325,H - Transportation and storage,52 - Warehousing and support activities for transportation,52.2 - Support activities for transportation,,0.95,0.75,0.6,0.2,4 - Clerical support workers,43 - Numerical and material recording clerks,431 - Accounting and bookkeeping clerks / numerical clerks,4311 - Accounting and bookkeeping clerks,0.95,0.9,0.8,0.75,
25358,B - Mining and quarrying,07 - Mining of metal ores,072 - Mining of non-ferrous metal ores,0720 - Mining of non-ferrous metal ores,0.99,0.97,0.94,0.9,1 - Managers,13 - Production and specialised services managers,"132 - Manufacturing, mining and construction managers",1322 - Mining production managers,0.98,0.93,0.85,0.75,
25160,P - Education,85 - Education,853 - Higher education,8530 - Higher education,0.95,0.95,0.95,0.95,3 - Technicians and associate professionals,31 - Science and engineering associate professionals,311 - Physical and engineering science technicians,,0.85,0.8,0.6,0.2,
25093,S - Other service activities,94 - Activities of membership organisations,949 - Activities of other membership organisations,9499 - Activities of other membership organisations n.e.c.,0.9,0.85,0.75,0.7,1 - Managers,12 - Administrative and commercial managers,121 - Business services and administration managers,,0.99,0.92,0.85,0.25,
25239,B - Mining and quarrying,07 - Mining of metal ores,072 - Mining of non-ferrous metal ores,0729 - Mining of other non-ferrous metal ores (n.e.c.),0.98,0.98,0.95,0.9,2 - Professionals,24 - Business and administration professionals,241 - Accountants,2411 - Accountants,0.9,0.9,0.85,0.8,
25111,B - Mining and quarrying,07 - Mining of metal ores,072 - Mining of non‑ferrous metal ores,0729 - Mining of other non‑ferrous metal ores,0.99,0.98,0.96,0.9,2 - Professionals,21 - Science and engineering professionals,214 - Engineering professionals,"2145 - Mining engineers, metallurgists and related professionals",0.99,0.95,0.95,0.88,
25018,P - Education,85 - Education,855 - Educational support services,8550 - Educational support services,0.95,0.95,0.85,0.75,2 - Professionals,24 - Business and administration professionals,242 - Administration professionals,2423 - Management and organization analysts (proximate: project/program officer),0.75,0.6,0.5,0.45,
24578,"M - Professional, scientific and technical activities",71 - Architectural and engineering activities; technical testing and analysis,711 - Architectural activities,7110 - Architectural activities,0.95,0.95,0.95,0.95,2 - Professionals,21 - Science and engineering professionals,"216 - Architects, town and traffic planners",2161 - Architects,0.99,0.9,0.9,0.95,
25013,K - Financial and insurance activities,"64 - Financial service activities, except insurance and pension funding",64.1 - Monetary intermediation,64.19 - Other monetary intermediation,0.99,0.98,0.95,0.9,4 - Clerical support workers,43 - Numerical and material recording clerks,431 - Numerical clerks,4311 - Accounting and bookkeeping clerks,0.95,0.88,0.8,0.7,
25319,P - Education,85 - Education,853 - Higher education,8530 - Higher education,0.95,0.95,0.92,0.9,1 - Managers,12 - Administrative and commercial managers,"122 - Sales, marketing and development managers",1221 - Sales and marketing managers,0.98,0.9,0.85,0.7,
25380,C - Manufacturing,10 - Manufacture of food products,"106 - Manufacture of grain mill products, starches and starch products",1061 - Manufacture of grain mill products,0.95,0.9,0.8,0.75,7 - Craft and related trades workers,"72 - Metal, machinery and related trades workers",721 - Sheet and structural metal workers (metal working trades),7212 - Welders and flamecutters,0.95,0.9,0.7,0.65,
25310,B - Mining and quarrying,07 - Mining of metal ores,072 - Mining of non‑ferrous metal ores,,0.95,0.9,0.75,0.2,7 - Craft and related trades workers,"72 - Metal, machinery and related trades workers",723 - Machinery mechanics and fitters,,0.95,0.9,0.85,0.2,
24525,H - Transportation and storage,51 - Air transport,511 - Passenger air transport,5110 - Passenger air transport,0.95,0.95,0.9,0.85,4 - Clerical support workers,42 - Customer services clerks,422 - Client information clerks,4221 - Client information clerks,0.95,0.88,0.7,0.6,
25027,P - Education,85 - Education,853 - Higher education,8530 - Higher education,1.0,0.99,0.98,0.95,3 - Technicians and associate professionals,31 - Science and engineering associate professionals,311 - Physical and engineering science technicians,3111 - Chemical and physical science technicians,0.98,0.95,0.9,0.7,
25207,F - Construction,43 - Specialized construction activities,439 - Other specialised construction activities,4390 - Other specialised construction activities n.e.c.,0.75,0.6,0.5,0.4,4 - Clerical support workers,43 - Numerical and material recording clerks,431 - Numerical and material recording clerks (incl. accounting/bookkeeping),"4312 - Book-keepers, payroll clerks and wage clerks",0.95,0.9,0.85,0.8,
25346,I - Accommodation and food service activities,55 - Accommodation,551 - Short-term accommodation activities,5510 - Short-term accommodation activities,0.98,0.97,0.96,0.95,1 - Managers,"14 - Hospitality, retail and other services managers",141 - Hotel and restaurant managers,1411 - Hotel managers,0.98,0.92,0.9,0.88,
25388,G - Wholesale and retail trade; repair of motor vehicles and motorcycles,"47 - Retail trade, except of motor vehicles and motorcycles",477 - Retail sale of other goods in specialised stores,,0.98,0.97,0.75,0.25,5 - Service and sales workers,52 - Sales workers,522 - Shop salespersons and demonstrators,,0.95,0.9,0.8,0.25,
25186,L - Real estate activities,68 - Real estate activities,683 - Real estate activities on a fee or contract basis / Real estate agencies,6832 - Management of real estate on a fee or contract basis,0.95,0.92,0.88,0.82,1 - Managers,12 - Administrative and commercial managers,121 - Business services and administration managers,,0.98,0.86,0.75,0.3,
25214,C - Manufacturing,10 - Manufacture of food products,,,0.95,0.9,0.3,0.2,3 - Technicians and associate professionals,33 - Business and administration associate professionals,332 - Sales and marketing associate professionals,3322 - Commercial sales representatives,0.9,0.9,0.85,0.9,
24703,I - Accommodation and food service activities,56 - Food and beverage service activities,561 - Restaurants and mobile food service activities,5610 - Restaurants and mobile food service activities,0.99,0.98,0.97,0.95,5 - Service and sales workers,51 - Personal service workers,512 - Waiters and bartenders,5120 - Waiters and bartenders,0.99,0.95,0.94,0.92,
25217,P - Education,85 - Education,853 - Higher education,8530 - Higher education (university level),0.95,0.95,0.9,0.75,1 - Managers,13 - Production and specialised services managers,134 - Education managers,1345 - Education managers,0.95,0.7,0.92,0.9,
25191,N - Administrative and support service activities,80 - Security and investigation activities,801 - Private security activities,8010 - Private security activities,0.9,0.95,0.9,0.9,1 - Managers,12 - Administrative and commercial managers,"122 - Sales, marketing and public relations managers",1221 - Sales and marketing managers,0.95,0.9,0.85,0.8,
25336,H - Transportation and storage,51 - Air transport,51.1 - Passenger air transport,51.10 - Passenger air transport,0.95,0.95,0.9,0.85,3 - Technicians and associate professionals,33 - Business and administration associate professionals,331 - Finance and administration associate professionals,"3313 - Bookkeepers, payroll clerks and other accounting clerks",0.85,0.9,0.85,0.8,
25381,P - Education,85 - Education,855 - Other education,8550 - Other education n.e.c.,0.75,0.7,0.6,0.55,4 - Clerical support workers,41 - General and keyboard clerks,411 - General office clerks,4110 - General office clerks,0.9,0.85,0.7,0.6,
23453,H - Transportation and storage,51 - Air transport,511 - Passenger air transport,5110 - Passenger air transport,0.95,0.95,0.9,0.85,7 - Craft and related trades workers,71 - Building and related trades workers,,,0.95,0.8,0.4,0.2,
25277,H - Transportation and storage,52 - Warehousing and support activities for transportation,522 - Support activities for transportation,,0.95,0.85,0.7,0.35,3 - Technicians and associate professionals,,,,0.8,0.25,0.2,0.15,
24476,B - Mining and quarrying,07 - Mining of metal ores,072 - Mining of non-ferrous metal ores,0729 - Mining of other non-ferrous metal ores,0.98,0.98,0.95,0.9,1 - Managers,13 - Production and specialised services managers,134 - (Specialist) managers of other services (incl. social/community services),1343 - Social and community service managers,0.95,0.8,0.7,0.75,
25163,B - Mining and quarrying,07 - Mining of metal ores,072 - Mining of non-ferrous metal ores,0729 - Mining of other non-ferrous metal ores,0.99,0.95,0.85,0.8,1 - Managers,12 - Administrative and commercial managers,"122 - Sales, marketing and development managers",,0.95,0.85,0.7,0.25,
25127,B - Mining and quarrying,07 - Mining of metal ores,072 - Mining of non-ferrous metal ores,0729 - Mining of other non-ferrous metal ores,0.95,0.9,0.9,0.8,2 - Professionals,24 - Business and administration professionals,"243 - Advertising, marketing and public relations professionals",2433 - Public relations professionals,0.9,0.85,0.8,0.7,
23926,H - Transportation and storage,51 - Air transport,512 - Freight air transport,5120 - Freight air transport,0.98,0.96,0.95,0.94,4 - Clerical support workers,43 - Numerical and material-recording clerks,431 - Material-recording clerks,4311 - Stock and material-recording clerks (cargo/warehouse clerks),0.92,0.85,0.8,0.68,
24866,B - Mining and quarrying,07 - Mining of metal ores,072 - Mining of non-ferrous metal ores,0729 - Mining of other non-ferrous metal ores,0.95,0.9,0.85,0.6,3 - Technicians and associate professionals,31 - Science and engineering technicians,315 - Safety and quality inspectors,3152 - Occupational health and safety technicians,0.95,0.8,0.7,0.6,
25131,"R - Arts, entertainment and recreation",91 - Library and archives activities,910 - Library and archives activities,9101 - Library and archive activities,0.92,0.97,0.95,0.9,2 - Professionals,"26 - Legal, social and cultural professionals","262 - Librarians, archivists and curators",2621 - Librarians,0.94,0.9,0.9,0.85,
24496,B - Mining and quarrying,07 - Mining of metal ores,072 - Mining of non-ferrous metal ores,0729 - Mining of other non-ferrous metal ores,0.98,0.98,0.95,0.85,1 - Managers,13 - Production and specialised services managers,131 - Agricultural and forestry production managers,1312 - Farm and plantation managers,0.95,0.75,0.65,0.4,
25243,O - Public administration and defence; compulsory social security,84 - Public administration and defence; compulsory social security,841 - Administration of the state and the economic and social policy of the community,8411 - Executive and legislative organs; general public administration activities,0.95,0.9,0.75,0.6,1 - Managers,"11 - Chief executives, senior officials and legislators",111 - Chief executives and senior officials,1110 - Chief executives,0.95,0.92,0.9,0.85,
25059,O - Public administration and defence; compulsory social security,84 - Public administration and defence; compulsory social security,841 - Administration of the State and the economic and social policy of the community,,0.95,0.95,0.9,0.4,1 - Managers,12 - Administrative and commercial managers,121 - Business services and administration managers,,0.95,0.7,0.6,0.3,
25133,H - Transportation and storage,52 - Warehousing and support activities for transportation,521 - Warehousing and storage,5210 - Warehousing and storage,0.98,0.98,0.95,0.93,1 - Managers,13 - Production and specialised services managers,"132 - Manufacturing, mining, construction and distribution managers","1322 - Supply, distribution and related managers",1.0,0.92,0.82,0.86,
25167,B - Mining and quarrying,07 - Mining of metal ores,072 - Mining of non-ferrous metal ores,0729 - Mining of other non-ferrous metal ores,0.98,0.97,0.92,0.88,3 - Technicians and associate professionals,32 - Health associate professionals,325 - Safety and quality inspectors / occupational health and safety technicians,3252 - Occupational health and safety technicians,0.9,0.7,0.7,0.6,
25159,P - Education,85 - Education,853 - Higher education,8530 - Higher education,0.95,0.95,0.9,0.85,3 - Technicians and associate professionals,31 - Science and engineering technicians,312 - Civil engineering technicians,3122 - Civil engineering technicians,0.95,0.85,0.8,0.7,
25215,G - Wholesale and retail trade; repair of motor vehicles and motorcycles,"47 - Retail trade, except of motor vehicles and motorcycles","472 - Retail sale of food, beverages and tobacco in specialized stores",,0.85,0.85,0.7,0.25,5 - Service and sales workers,52 - Sales workers,522 - Shop sales assistants and other sales workers,5223 - Merchandisers and product promoters,0.98,0.98,0.85,0.75,
25045,S - Other service activities,94 - Activities of membership organisations,94.9 - Activities of other membership organisations,94.99 - Activities of other membership organisations n.e.c.,0.95,0.9,0.85,0.8,2 - Professionals,24 - Business and administration professionals,242 - Administration professionals (personnel/HR related),2423 - Human resource professionals,0.95,0.9,0.8,0.7,
25216,G - Wholesale and retail trade; repair of motor vehicles and motorcycles,"47 - Retail trade, except of motor vehicles and motorcycles",471 - Retail sale in non‑specialised stores,4719 - Other retail sale in non‑specialised stores,0.95,0.85,0.6,0.5,3 - Technicians and associate professionals,33 - Business and administration associate professionals,"332 - Sales, marketing and development associate professionals (closest fit for purchasing/procurement associate roles)",3322 - Purchasing and acquisition associate professionals (approximate),0.9,0.85,0.6,0.45,
25130,G - Wholesale and retail trade; repair of motor vehicles and motorcycles,"47 - Retail trade, except of motor vehicles and motorcycles",477 - Retail sale of other goods in specialised stores,4778 - Other retail sale of new goods in specialised stores,0.95,0.9,0.85,0.75,7 - Craft and related trades workers,"73 - Precision, handicraft, printing and related trades workers","731 - Precision, handicraft and printing workers","7319 - Other precision, handicraft and printing workers",0.7,0.6,0.6,0.5,
25213,S - Other service activities,95 - Repair of computers and personal and household goods,951 - Repair of computers and peripheral equipment,9511 - Repair of computers and peripheral equipment (including printers/copiers),0.9,0.9,0.8,0.7,3 - Technicians and associate professionals,35 - Information and communications technicians,351 - Information and communications technicians (operations and user support),3512 - ICT user support technicians (installation and maintenance of peripheral equipment / user support),0.9,0.85,0.8,0.7,
25006,C - Manufacturing,10 - Manufacture of food products,"106 - Manufacture of grain mill products, starches and starch products",1061 - Manufacture of grain mill products,0.85,0.8,0.6,0.5,5 - Service and sales workers,"52 - Models, salespersons and demonstrators (sales workers)",522 - Shop sales assistants and other sales workers,5223 - Sales representatives and demonstrators (territory/outside sales),0.99,0.95,0.8,0.6,
24138,B - Mining and quarrying,07 - Mining of metal ores,072 - Mining of non‑ferrous metal ores,0729 - Mining of other non‑ferrous metal ores,1.0,0.99,0.98,0.88,3 - Technicians and associate professionals,31 - Science and engineering associate professionals,311 - Physical and engineering science technicians,3112 - Mining engineering technicians,0.95,0.9,0.85,0.75,
25244,L - Real estate activities,68 - Real estate activities,682 - Renting and operating of own or leased real estate,6820 - Renting and operating of own or leased real estate,0.75,0.75,0.6,0.6,8 - Plant and machine operators and assemblers,83 - Drivers and mobile plant operators,"833 - Car, taxi and van drivers",,0.95,0.95,0.85,0.3,
25086,"M - Professional, scientific and technical activities",73 - Advertising and market research,732 - Market research and public opinion polling,7320 - Market research and public opinion polling,0.95,0.95,0.96,0.97,2 - Professionals,24 - Business and administration professionals,"243 - Sales, marketing and public relations professionals",,0.85,0.75,0.7,0.2,
24577,F - Construction,41 - Construction of buildings,411 - Development of building projects,4110 - Development of building projects,0.95,0.9,0.75,0.7,3 - Technicians and associate professionals,33 - Business and administration associate professionals,332 - Administrative and specialised business services,3329 - Administrative and specialised business services associates (n.e.c.),0.85,0.8,0.7,0.55,
20799,H - Transportation and storage,51 - Air transport,511 - Passenger air transport,5110 - Passenger air transport,0.98,0.98,0.95,0.9,3 - Technicians and associate professionals,31 - Science and engineering technicians,311 - Physical and engineering science technicians,3112 - Mechanical engineering technicians,0.85,0.8,0.75,0.65,
24934,K - Financial and insurance activities,"64 - Financial service activities, except insurance and pension funding",641 - Monetary intermediation,6419 - Other monetary intermediation,0.99,0.98,0.9,0.6,1 - Managers,13 - Information and communications technology service managers,133 - Information and communications technology service managers,1330 - Information and communications technology operations and user support managers,0.99,0.95,0.9,0.75,
25038,"M - Professional, scientific and technical activities",73 - Advertising and market research,732 - Market research and public opinion polling,7320 - Market research and public opinion polling,0.99,0.98,0.95,0.92,2 - Professionals,24 - Business and administration professionals,243 - Advertising and marketing professionals,2433 - Market research analysts and marketing specialists,0.85,0.72,0.68,0.62,
14919,H - Transportation and storage,52 - Warehousing and support activities for transportation,521 - Warehousing and storage,5210 - Warehousing and storage,0.95,0.9,0.9,0.85,8 - Plant and machine operators and assemblers,83 - Drivers and mobile-plant operators,834 - Mobile-plant operators,,0.99,0.95,0.85,0.25,
25265,Q - Human health and social work activities,86 - Human health activities,86.9 - Other human health activities,86.90 - Other human health activities,0.9,0.88,0.8,0.75,1 - Managers,12 - Administrative and commercial managers,,,0.95,0.7,0.3,0.2,
25079,G - Wholesale and retail trade; repair of motor vehicles and motorcycles,45 - Wholesale and retail trade and repair of motor vehicles and motorcycles,451 - Sale of motor vehicles,4510 - Sale of motor vehicles,0.75,0.7,0.65,0.6,4 - Clerical support workers,41 - General and keyboard clerks,411 - General office clerks,4110 - General office clerks,0.98,0.95,0.92,0.9,
25074,H - Transportation and storage,49 - Land transport and transport via pipelines,492 - Freight transport by road (group),4920 - Freight transport by road (class),0.99,0.95,0.85,0.75,1 - Managers,13 - Production and specialised services managers (includes transport/operations management),"132 - Manufacturing, mining, construction and distribution managers (closest minor group for distribution/transport managers)",1323 - Distribution/transport operations manager (best-fit unit group for fleet/transport operations supervisors/managers),0.99,0.8,0.7,0.65,
25001,B - Mining and quarrying,07 - Mining of metal ores,072 - Mining of other non‑ferrous metal ores,0721 - Mining of gold ores,0.99,0.98,0.95,0.9,8 - Plant and machine operators and assemblers,81 - Stationary plant and machine operators,811 - Mining and mineral processing plant operators,,0.9,0.8,0.75,0.3,
25333,B - Mining and quarrying,07 - Mining of metal ores,072 - Mining of non-ferrous metal ores,0720 - Mining of non-ferrous metal ores,0.98,0.95,0.85,0.75,3 - Technicians and associate professionals,31 - Science and engineering technicians,,,0.95,0.85,0.5,0.3,
24996,B - Mining and quarrying,07 - Mining of metal ores,,,0.95,0.9,0.3,0.2,5 - Service and sales workers,54 - Protective services workers,,,0.8,0.75,0.25,0.2,
25078,F - Construction,43 - Specialized construction activities,"432 - Electrical, plumbing and other construction installation","4322 - Plumbing, heat and air-conditioning installation",0.95,0.92,0.9,0.88,7 - Craft and related trades workers,"72 - Metal, machinery and related trades workers","723 - Metal, machinery and related trades workers",7232 - Refrigeration and air-conditioning mechanics (approx.),0.95,0.85,0.75,0.65,
25002,"A - Agriculture, forestry and fishing","01 - Crop and animal production, hunting and related service activities",014 - Animal production,0147 - Raising of poultry,0.98,0.96,0.95,0.9,4 - Clerical support workers,43 - Numerical and material recording clerks,432 - Material-recording clerks,4321 - Stock clerks / Inventory clerks,0.95,0.9,0.75,0.7,
24955,N - Administrative and support service activities,81 - Services to buildings and landscape activities,811 - Combined facilities support activities,8110 - Combined facilities support activities,0.9,0.9,0.85,0.8,1 - Managers,12 - Administrative and commercial managers,121 - Business services and administration managers,,0.95,0.85,0.7,0.2,
25369,K - Financial and insurance activities,"64 - Financial service activities, except insurance and pension funding","64.9 - Other financial service activities, except insurance and pension funding","64.99 - Other financial service activities, except insurance and pension funding n.e.c.",0.92,0.85,0.72,0.6,1 - Managers,12 - Administrative and commercial managers,121 - Business services and administration managers,1211 - Finance managers,0.95,0.9,0.85,0.75,
24944,K - Financial and insurance activities,"64 - Financial service activities, except insurance and pension funding",641 - Monetary intermediation,6419 - Other monetary intermediation,0.99,0.98,0.95,0.9,2 - Professionals,24 - Business and administration professionals,242 - Administration professionals,,0.9,0.85,0.8,0.2,
25349,C - Manufacturing,10 - Manufacture of food products,106 - Manufacture of grain mill products,1061 - Manufacture of grain mill products,0.99,0.98,0.7,0.65,3 - Technicians and associate professionals,33 - Business and administration associate professionals,"332 - Sales, marketing and related associate professionals",3322 - Purchasing and supply clerks / purchasing officers,0.9,0.85,0.6,0.5,
25357,H - Transportation and storage,52 - Warehousing and support activities for transportation,522 - Support activities for transportation,5222 - Service activities incidental to water transportation,0.95,0.9,0.9,0.9,4 - Clerical support workers,42 - Customer services clerks,422 - Client information workers / Customer service clerks,4221 - Contact centre / Customer service clerks (closest unit),0.85,0.8,0.75,0.6,
25134,"R - Arts, entertainment and recreation","91 - Libraries, archives, museums and other cultural activities","910 - Libraries, archives, museums and other cultural activities",9102 - Libraries and archives,0.8,0.85,0.9,0.9,2 - Professionals,"26 - Legal, social and cultural professionals","262 - Librarians, archivists and curators",2621 - Librarians,0.9,0.85,0.8,0.8,
25081,L - Real estate activities,68 - Real estate activities,683 - Real estate activities on a fee or contract basis,6832 - Management of real estate on a fee or contract basis,0.95,0.95,0.9,0.85,1 - Managers,12 - Administrative and commercial managers,121 - Business services and administration managers,,0.95,0.8,0.6,0.3,
25212,G - Wholesale and retail trade; repair of motor vehicles and motorcycles,"46 - Wholesale trade, except of motor vehicles and motorcycles",,,0.95,0.6,0.2,0.1,3 - Technicians and associate professionals,33 - Business and administration associate professionals,332 - Commercial sales representatives,3322 - Commercial sales representatives,0.9,0.85,0.8,0.65,
25103,I - Accommodation and food service activities,55 - Accommodation,55.1 - Hotels and similar accommodation,55.10 - Hotels and similar accommodation,0.95,0.92,0.9,0.9,9 - Elementary occupations,91 - Cleaners and helpers,"911 - Cleaners and helpers in offices, hotels and other establishments",9112 - Kitchen helpers and food preparation assistants,0.95,0.9,0.85,0.65,
25124,B - Mining and quarrying,06 - Extraction of crude petroleum and natural gas,061 - Extraction of crude petroleum,0610 - Extraction of crude petroleum,0.9,0.9,0.7,0.6,1 - Managers,12 - Administrative and commercial managers,121 - Business services and administration managers,1219 - Business services and administration managers not elsewhere classified,0.95,0.9,0.85,0.7,
25322,L - Real estate activities,68 - Real estate activities,68.2 - Renting and operating of own or leased real estate,68.20 - Renting and operating of own or leased real estate,0.85,0.8,0.7,0.65,1 - Managers,12 - Administrative and commercial managers,121 - Business services and administration managers,1212 - Facilities managers,0.99,0.9,0.8,0.6,
25040,C - Manufacturing,33 - Repair and installation of machinery and equipment,"331 - Repair of fabricated metal products, machinery and equipment",3312 - Repair of machinery and equipment (including heavy earthmoving and diesel equipment),0.85,0.97,0.92,0.7,7 - Craft and related trades workers,"72 - Metal, machinery and related trades workers",723 - Machinery mechanics and fitters,7232 - Machinery mechanics and fitters (including diesel/plant fitters),0.98,0.94,0.9,0.75,
25049,K - Financial and insurance activities,"65 - Insurance, reinsurance and pension funding, except compulsory social security",65.2 - Pension funding,65.20 - Pension funding,0.95,0.92,0.9,0.88,4 - Clerical support workers,43 - Numerical and material recording clerks,431 - Numerical and material recording clerks,4311 - Accounting and bookkeeping clerks,0.95,0.9,0.9,0.85,
25058,O - Public administration and defence; compulsory social security,84 - Public administration and defence; compulsory social security,841 - Administration of the state and the economic and social policy of the community,,0.95,0.95,0.9,0.2,1 - Managers,12 - Administrative and commercial managers,121 - Business services and administration managers,1212 - Administrative services managers,0.99,0.9,0.85,0.7,
24960,H - Transportation and storage,51 - Air transport,511 - Passenger air transport,5110 - Passenger air transport,0.99,0.98,0.9,0.85,3 - Technicians and associate professionals,31 - Science and engineering technicians,315 - Ship and aircraft controllers and technicians,3152 - Air traffic controllers,0.9,0.75,0.85,0.6,
25327,B - Mining and quarrying,06 - Extraction of crude petroleum and natural gas,061 - Extraction of crude petroleum,0610 - Extraction of crude petroleum,0.98,0.98,0.75,0.6,1 - Managers,13 - Production and specialised services managers,,,0.98,0.85,0.3,0.2,
24834,H - Transportation and storage,49 - Land transport and transport via pipelines,493 - Taxi operation (other passenger land transport),4930 - Taxi operation,0.95,0.9,0.65,0.6,8 - Plant and machine operators and assemblers,83 - Drivers and mobile-plant operators,"834 - Car, taxi and van drivers",,0.95,0.9,0.85,0.3,
25068,F - Construction,41 - Construction of buildings,412 - Construction of residential and non-residential buildings,4120 - Construction of residential and non-residential buildings,0.95,0.85,0.8,0.7,3 - Technicians and associate professionals,31 - Science and engineering technicians,311 - Building and engineering technicians,3112 - (Civil engineering / building technicians) — best available proximate unit,0.8,0.75,0.7,0.4,
25317,C - Manufacturing,23 - Manufacture of other non-metallic mineral products,,,0.99,0.8,0.3,0.2,1 - Managers,12 - Administrative and commercial managers,121 - Business services and administration managers,1212 - Human resource managers,0.99,0.95,0.9,0.95,
25175,P - Education,85 - Education,855 - Tertiary education,8550 - Tertiary education,0.95,0.95,0.9,0.85,1 - Managers,13 - Production and specialised services managers,134 - Protective services managers,1346 - Security services managers,0.95,0.7,0.6,0.5,
25085,C - Manufacturing,33 - Repair and installation of machinery and equipment,"331 - Repair of fabricated metal products, machinery and equipment",3312 - Repair of machinery,0.9,0.95,0.9,0.85,7 - Craft and related trades workers,"72 - Metal, machinery and related trades workers",723 - Machinery mechanics and fitters,7231 - Machinery mechanics and fitters,0.95,0.9,0.9,0.85,
25376,P - Education,85 - Education,85.4 - Higher education,85.42 - Higher education,0.98,0.97,0.92,0.88,2 - Professionals,23 - Teaching professionals,231 - University and higher education teachers,2310 - University and higher education teachers,0.99,0.98,0.97,0.97,
25028,H - Transportation and storage,52 - Warehousing and support activities for transportation,522 - Support activities for transportation,5220 - Support activities for transportation,0.95,0.95,0.9,0.85,1 - Managers,13 - Production and specialised services managers,"132 - Supply, distribution and related managers",,0.95,0.85,0.8,0.3,
25171,B - Mining and quarrying,07 - Mining of metal ores,072 - Mining of non-ferrous metal ores,0729 - Mining of other non-ferrous metal ores,0.99,0.99,0.9,0.85,2 - Professionals,21 - Science and engineering professionals,"215 - Architects, planners and surveyors",2153 - Surveyors,0.95,0.9,0.9,0.85,
24962,G - Wholesale and retail trade; repair of motor vehicles and motorcycles,45 - Wholesale and retail trade and repair of motor vehicles and motorcycles,451 - Sale of motor vehicles,4510 - Sale of motor vehicles,0.95,0.95,0.95,0.9,2 - Professionals,21 - Science and engineering professionals (includes designers),"216 - Architects, planners, designers and related professionals",2166 - Graphic and multimedia designers,0.85,0.7,0.7,0.65,
24859,I - Accommodation and food service activities,55 - Accommodation,55.1 - Hotels and similar accommodation,55.10 - Hotels and similar accommodation,0.8,0.75,0.7,0.65,5 - Service and sales workers,52 - Sales workers,522 - Salespersons,5223 - Door-to-door and telephone salespersons,0.9,0.85,0.75,0.6,
25091,I - Accommodation and food service activities,55 - Accommodation,551 - Hotels and similar accommodation,5510 - Hotels and similar accommodation,0.98,0.95,0.92,0.92,5 - Service and sales workers,51 - Personal service workers,512 - Cooks,5120 - Cooks,0.9,0.88,0.82,0.78,
25161,H - Transportation and storage,53 - Postal and courier activities,532 - Courier activities,5320 - Courier activities,0.95,0.9,0.88,0.8,1 - Managers,13 - Production and specialised services managers,"132 - Supply, distribution and related managers",1324 - Logistics managers,0.99,0.9,0.86,0.72,
25292,C - Manufacturing,"25 - Manufacture of fabricated metal products, except machinery and equipment","251 - Manufacture of structural metal products, tanks, reservoirs and steam generators",2511 - Manufacture of structural metal products,0.9,0.9,0.85,0.85,3 - Technicians and associate professionals,33 - Business and administration associate professionals,332 - Administrative and commercial associate professionals (procurement/contract related),3321 - Purchasing and supply workers / contract administration related (closest match),0.75,0.85,0.7,0.6,
24961,"R - Arts, entertainment and recreation",93 - Sports activities and amusement and recreation activities,931 - Sports activities,9311 - Operation of sports facilities,0.95,0.9,0.9,0.85,3 - Technicians and associate professionals,34 - (Sports and fitness associate professionals / Other associate professionals),342 - Sports and fitness workers,3424 - Sports and fitness workers (incl. gym attendants) [approximate],0.8,0.7,0.75,0.6,
25286,G - Wholesale and retail trade; repair of motor vehicles and motorcycles,"47 - Retail trade, except of motor vehicles and motorcycles",473 - Retail sale of automotive fuel in specialised stores,4730 - Retail sale of automotive fuel in specialised stores,0.75,0.6,0.55,0.55,4 - Clerical support workers,42 - Customer services clerks,422 - Client information workers / Customer service clerks,4221 - Client information workers,0.9,0.88,0.86,0.85,
25020,N - Administrative and support service activities,81 - Services to buildings and landscape activities,81.1 - Combined facilities support activities,81.10 - Combined facilities support activities,0.95,0.92,0.9,0.88,1 - Managers,,,,0.9,0.3,0.2,0.1,
25155,"R - Arts, entertainment and recreation","91 - Libraries, archives, museums and other cultural activities",910 - Library and archive activities,9101 - Library and archive activities,0.85,0.9,0.8,0.75,2 - Professionals,"24 - (sub-major) Business, administration and other professionals (top-level sub-major containing 243)","243 - Archivists, librarians and curators",2432 - Librarians and related information professionals,0.95,0.85,0.95,0.9,
25066,G - Wholesale and retail trade; repair of motor vehicles and motorcycles,"47 - Retail trade, except of motor vehicles and motorcycles",474 - Retail sale of information and communication equipment in specialised stores,4742 - Retail sale of telecommunications equipment in specialised stores,0.9,0.9,0.9,0.88,3 - Technicians and associate professionals,33 - Business and administration associate professionals,"332 - Supply, distribution and related associate professionals",3322 - Logistics and supply chain associate professionals (logistics coordinator),0.85,0.75,0.7,0.6,
25168,F - Construction,43 - Specialized construction activities,"432 - Electrical, plumbing and other construction installation activities",4329 - Other construction installation activities,0.95,0.9,0.85,0.7,7 - Craft and related trades workers,71 - Building and related trades workers,,,0.95,0.85,0.3,0.2,
25116,F - Construction,42 - Civil engineering,429 - Construction of other civil engineering projects n.e.c.,4290 - Construction of other civil engineering projects n.e.c.,0.95,0.88,0.8,0.78,1 - Managers,13 - Production and specialised services managers,,,0.99,0.85,0.25,0.15,
24925,I - Accommodation and food service activities,56 - Food and beverage service activities,56.1 - Restaurants and mobile food service activities,56.10 - Restaurants and mobile food service activities,0.9,0.85,0.75,0.7,1 - Managers,12 - Administrative and commercial managers,,,0.95,0.7,0.2,0.1,
25245,B - Mining and quarrying,07 - Mining of metal ores,072 - Mining of non‑ferrous metal ores,0729 - Mining of other non‑ferrous metal ores,0.99,0.98,0.9,0.85,2 - Professionals,21 - Science and engineering professionals,214 - Engineering professionals,2146 - Mining engineers,0.99,0.98,0.95,0.85,
25095,Q - Human health and social work activities,88 - Social work activities without accommodation,88.9 - Other social work activities without accommodation,88.99 - Other social work activities without accommodation n.e.c.,0.95,0.9,0.85,0.8,2 - Professionals,"26 - Legal, social and cultural professionals",263 - Social and religious professionals,2634 - Social work professionals,0.95,0.9,0.8,0.7,
